id,rating
0,5
1,5
2,1
3,1
4,5
5,1
6,1
7,1
8,5
9,1
10,5
11,1
12,1
13,5
14,1
15,1
16,5
17,5
18,5
19,5
20,1
21,1
22,5
23,5
24,1
25,1
26,1
27,1
28,5
29,1
30,5
31,5
32,5
33,5
34,5
35,1
36,5
37,1
38,5
39,5
40,5
41,5
42,5
43,5
44,5
45,5
46,1
47,1
48,1
49,5
50,5
51,1
52,1
53,1
54,5
55,5
56,1
57,5
58,5
59,5
60,5
61,1
62,5
63,5
64,1
65,5
66,5
67,1
68,1
69,5
70,5
71,1
72,1
73,1
74,1
75,1
76,5
77,1
78,1
79,1
80,5
81,5
82,5
83,1
84,1
85,1
86,5
87,1
88,5
89,1
90,1
91,5
92,1
93,1
94,5
95,5
96,1
97,1
98,1
99,5
100,1
101,1
102,1
103,5
104,1
105,1
106,5
107,1
108,1
109,1
110,1
111,5
112,5
113,5
114,5
115,5
116,1
117,1
118,1
119,5
120,5
121,5
122,1
123,5
124,5
125,5
126,5
127,5
128,5
129,5
130,1
131,1
132,5
133,5
134,5
135,5
136,5
137,1
138,1
139,5
140,5
141,1
142,1
143,1
144,5
145,5
146,5
147,1
148,5
149,1
150,1
151,1
152,1
153,5
154,5
155,5
156,1
157,5
158,1
159,5
160,5
161,1
162,5
163,5
164,5
165,1
166,5
167,5
168,5
169,1
170,5
171,5
172,5
173,1
174,5
175,1
176,1
177,1
178,5
179,5
180,1
181,1
182,1
183,5
184,1
185,5
186,5
187,5
188,1
189,5
190,1
191,5
192,1
193,5
194,1
195,5
196,1
197,1
198,1
199,5
200,1
201,5
202,1
203,1
204,1
205,5
206,5
207,5
208,1
209,1
210,5
211,1
212,1
213,1
214,5
215,1
216,5
217,5
218,5
219,1
220,1
221,1
222,5
223,1
224,1
225,5
226,5
227,1
228,1
229,5
230,5
231,5
232,1
233,1
234,1
235,1
236,5
237,5
238,1
239,5
240,5
241,5
242,1
243,5
244,5
245,5
246,5
247,1
248,5
249,5
250,1
251,5
252,1
253,1
254,1
255,5
256,5
257,1
258,1
259,1
260,1
261,1
262,1
263,1
264,5
265,1
266,5
267,5
268,1
269,5
270,5
271,5
272,1
273,1
274,1
275,1
276,1
277,5
278,5
279,5
280,5
281,5
282,5
283,1
284,1
285,1
286,1
287,1
288,5
289,5
290,1
291,1
292,1
293,1
294,5
295,5
296,1
297,1
298,1
299,1
300,1
301,5
302,5
303,5
304,5
305,1
306,1
307,5
308,5
309,5
310,1
311,5
312,1
313,1
314,1
315,1
316,5
317,5
318,5
319,5
320,5
321,5
322,1
323,1
324,1
325,5
326,1
327,1
328,1
329,5
330,5
331,5
332,5
333,1
334,1
335,1
336,1
337,1
338,1
339,1
340,1
341,1
342,1
343,1
344,1
345,1
346,5
347,1
348,5
349,5
350,1
351,5
352,1
353,5
354,5
355,1
356,1
357,5
358,1
359,1
360,1
361,1
362,5
363,1
364,1
365,1
366,1
367,1
368,1
369,1
370,1
371,1
372,1
373,1
374,1
375,1
376,5
377,5
378,5
379,5
380,1
381,5
382,1
383,5
384,1
385,1
386,5
387,5
388,5
389,5
390,1
391,5
392,1
393,1
394,1
395,5
396,1
397,1
398,5
399,5
400,5
401,1
402,5
403,5
404,1
405,5
406,1
407,1
408,5
409,1
410,1
411,1
412,1
413,1
414,5
415,5
416,1
417,5
418,5
419,1
420,5
421,1
422,5
423,1
424,5
425,1
426,5
427,5
428,1
429,5
430,5
431,1
432,5
433,5
434,5
435,5
436,5
437,5
438,1
439,5
440,1
441,5
442,5
443,5
444,5
445,5
446,5
447,5
448,1
449,1
450,1
451,1
452,1
453,5
454,5
455,5
456,1
457,5
458,5
459,1
460,1
461,1
462,5
463,1
464,1
465,5
466,1
467,5
468,5
469,5
470,5
471,5
472,5
473,1
474,5
475,5
476,1
477,5
478,5
479,5
480,1
481,5
482,5
483,5
484,1
485,5
486,1
487,1
488,1
489,5
490,1
491,1
492,1
493,1
494,5
495,5
496,1
497,5
498,5
499,1
500,5
501,1
502,1
503,1
504,1
505,5
506,5
507,1
508,5
509,5
510,1
511,1
512,1
513,1
514,1
515,1
516,5
517,1
518,1
519,1
520,1
521,1
522,5
523,1
524,1
525,1
526,5
527,5
528,5
529,5
530,5
531,5
532,1
533,1
534,1
535,5
536,5
537,5
538,5
539,5
540,1
541,1
542,1
543,1
544,1
545,1
546,1
547,5
548,1
549,1
550,1
551,1
552,5
553,1
554,1
555,5
556,1
557,5
558,1
559,1
560,1
561,5
562,5
563,1
564,1
565,1
566,5
567,5
568,1
569,5
570,1
571,5
572,5
573,5
574,5
575,5
576,5
577,1
578,1
579,1
580,5
581,1
582,5
583,1
584,1
585,1
586,5
587,1
588,1
589,1
590,1
591,1
592,5
593,5
594,1
595,5
596,1
597,1
598,1
599,5
600,5
601,1
602,1
603,1
604,1
605,5
606,1
607,1
608,1
609,5
610,1
611,5
612,5
613,1
614,1
615,1
616,1
617,1
618,5
619,5
620,1
621,1
622,1
623,5
624,1
625,1
626,5
627,1
628,5
629,1
630,1
631,1
632,1
633,5
634,1
635,1
636,5
637,1
638,1
639,1
640,5
641,1
642,1
643,5
644,5
645,5
646,5
647,5
648,1
649,1
650,5
651,5
652,5
653,1
654,1
655,1
656,5
657,5
658,5
659,1
660,5
661,1
662,5
663,5
664,5
665,5
666,5
667,5
668,5
669,5
670,5
671,1
672,5
673,5
674,5
675,1
676,5
677,5
678,5
679,1
680,5
681,5
682,5
683,5
684,1
685,5
686,5
687,5
688,1
689,5
690,5
691,5
692,5
693,1
694,1
695,1
696,1
697,1
698,5
699,5
700,1
701,1
702,5
703,1
704,1
705,5
706,1
707,5
708,5
709,1
710,5
711,5
712,5
713,1
714,1
715,1
716,1
717,5
718,1
719,1
720,5
721,5
722,1
723,5
724,1
725,1
726,5
727,5
728,1
729,1
730,1
731,5
732,5
733,5
734,5
735,1
736,5
737,1
738,1
739,5
740,1
741,5
742,5
743,5
744,1
745,1
746,5
747,5
748,1
749,1
750,5
751,5
752,1
753,5
754,1
755,5
756,5
757,5
758,1
759,1
760,5
761,5
762,5
763,5
764,1
765,1
766,5
767,1
768,1
769,1
770,1
771,5
772,5
773,5
774,1
775,1
776,1
777,5
778,1
779,1
780,1
781,5
782,5
783,5
784,5
785,1
786,5
787,5
788,1
789,1
790,1
791,5
792,5
793,5
794,5
795,5
796,1
797,1
798,1
799,5
800,5
801,1
802,5
803,5
804,1
805,1
806,1
807,5
808,1
809,1
810,1
811,1
812,5
813,5
814,5
815,5
816,1
817,1
818,1
819,5
820,1
821,1
822,5
823,1
824,5
825,5
826,1
827,1
828,1
829,5
830,5
831,5
832,1
833,1
834,1
835,5
836,1
837,5
838,5
839,1
840,1
841,1
842,1
843,5
844,1
845,1
846,1
847,5
848,5
849,5
850,5
851,1
852,5
853,1
854,1
855,5
856,1
857,5
858,5
859,5
860,5
861,5
862,5
863,5
864,5
865,1
866,1
867,1
868,5
869,5
870,1
871,1
872,1
873,5
874,1
875,5
876,5
877,5
878,1
879,5
880,1
881,5
882,5
883,1
884,5
885,5
886,5
887,1
888,1
889,1
890,1
891,1
892,5
893,1
894,1
895,1
896,1
897,1
898,1
899,1
900,1
901,5
902,1
903,5
904,5
905,5
906,1
907,5
908,5
909,5
910,5
911,5
912,5
913,1
914,1
915,5
916,5
917,5
918,5
919,1
920,1
921,1
922,5
923,5
924,1
925,5
926,5
927,5
928,1
929,1
930,5
931,5
932,5
933,5
934,1
935,5
936,1
937,5
938,1
939,1
940,1
941,1
942,5
943,1
944,1
945,5
946,5
947,1
948,5
949,1
950,1
951,1
952,5
953,5
954,5
955,5
956,5
957,5
958,5
959,5
960,5
961,5
962,5
963,5
964,5
965,1
966,5
967,1
968,1
969,1
970,1
971,1
972,5
973,1
974,5
975,5
976,5
977,1
978,5
979,1
980,1
981,5
982,1
983,1
984,5
985,1
986,5
987,1
988,1
989,5
990,1
991,1
992,1
993,5
994,5
995,1
996,5
997,5
998,5
999,1
1000,5
1001,5
1002,5
1003,5
1004,5
1005,1
1006,5
1007,1
1008,1
1009,1
1010,1
1011,5
1012,5
1013,5
1014,5
1015,5
1016,1
1017,1
1018,1
1019,1
1020,5
1021,1
1022,5
1023,5
1024,5
1025,5
1026,5
1027,5
1028,5
1029,5
1030,5
1031,5
1032,1
1033,5
1034,5
1035,5
1036,1
1037,5
1038,1
1039,1
1040,1
1041,5
1042,1
1043,1
1044,5
1045,5
1046,5
1047,1
1048,1
1049,5
1050,1
1051,1
1052,5
1053,1
1054,1
1055,1
1056,1
1057,1
1058,5
1059,1
1060,5
1061,5
1062,5
1063,5
1064,5
1065,1
1066,1
1067,1
1068,1
1069,1
1070,5
1071,5
1072,1
1073,1
1074,1
1075,5
1076,5
1077,1
1078,1
1079,1
1080,1
1081,1
1082,5
1083,5
1084,5
1085,5
1086,5
1087,5
1088,5
1089,1
1090,1
1091,1
1092,5
1093,5
1094,5
1095,1
1096,5
1097,1
1098,5
1099,5
1100,1
1101,5
1102,5
1103,5
1104,1
1105,5
1106,1
1107,5
1108,5
1109,5
1110,5
1111,1
1112,1
1113,1
1114,1
1115,1
1116,1
1117,1
1118,1
1119,1
1120,1
1121,1
1122,1
1123,5
1124,5
1125,1
1126,1
1127,1
1128,5
1129,5
1130,5
1131,1
1132,5
1133,1
1134,1
1135,1
1136,5
1137,5
1138,5
1139,5
1140,1
1141,5
1142,5
1143,1
1144,5
1145,5
1146,1
1147,1
1148,5
1149,5
1150,5
1151,5
1152,1
1153,1
1154,1
1155,1
1156,1
1157,5
1158,5
1159,1
1160,1
1161,1
1162,1
1163,5
1164,1
1165,1
1166,5
1167,1
1168,5
1169,1
1170,1
1171,5
1172,1
1173,1
1174,5
1175,1
1176,1
1177,5
1178,1
1179,1
1180,1
1181,5
1182,1
1183,1
1184,5
1185,5
1186,5
1187,1
1188,5
1189,5
1190,5
1191,1
1192,1
1193,1
1194,5
1195,5
1196,1
1197,5
1198,1
1199,5
1200,1
1201,1
1202,5
1203,1
1204,1
1205,5
1206,5
1207,1
1208,1
1209,1
1210,1
1211,1
1212,1
1213,1
1214,1
1215,1
1216,5
1217,5
1218,5
1219,5
1220,1
1221,5
1222,5
1223,5
1224,1
1225,1
1226,1
1227,5
1228,5
1229,5
1230,1
1231,5
1232,1
1233,5
1234,5
1235,1
1236,5
1237,1
1238,5
1239,5
1240,5
1241,1
1242,5
1243,1
1244,1
1245,5
1246,5
1247,1
1248,5
1249,1
1250,5
1251,1
1252,1
1253,1
1254,1
1255,1
1256,5
1257,1
1258,1
1259,1
1260,1
1261,5
1262,1
1263,1
1264,5
1265,1
1266,5
1267,5
1268,5
1269,1
1270,1
1271,5
1272,1
1273,5
1274,1
1275,5
1276,5
1277,5
1278,1
1279,1
1280,5
1281,5
1282,1
1283,5
1284,5
1285,5
1286,5
1287,5
1288,1
1289,1
1290,1
1291,1
1292,1
1293,5
1294,1
1295,1
1296,1
1297,1
1298,1
1299,1
1300,5
1301,1
1302,5
1303,5
1304,1
1305,1
1306,5
1307,1
1308,5
1309,1
1310,5
1311,5
1312,5
1313,1
1314,5
1315,5
1316,1
1317,1
1318,1
1319,5
1320,1
1321,5
1322,1
1323,5
1324,5
1325,1
1326,5
1327,5
1328,5
1329,5
1330,1
1331,5
1332,1
1333,5
1334,5
1335,5
1336,5
1337,5
1338,5
1339,5
1340,5
1341,5
1342,5
1343,1
1344,1
1345,5
1346,1
1347,1
1348,1
1349,1
1350,1
1351,1
1352,1
1353,1
1354,5
1355,5
1356,5
1357,1
1358,5
1359,1
1360,5
1361,1
1362,5
1363,1
1364,5
1365,5
1366,5
1367,5
1368,1
1369,5
1370,5
1371,1
1372,5
1373,5
1374,5
1375,5
1376,5
1377,5
1378,5
1379,5
1380,5
1381,5
1382,5
1383,1
1384,1
1385,5
1386,5
1387,1
1388,5
1389,5
1390,5
1391,5
1392,5
1393,5
1394,5
1395,5
1396,5
1397,1
1398,5
1399,5
1400,5
1401,5
1402,1
1403,5
1404,5
1405,5
1406,1
1407,5
1408,1
1409,5
1410,5
1411,5
1412,5
1413,5
1414,1
1415,1
1416,1
1417,1
1418,1
1419,1
1420,1
1421,1
1422,1
1423,1
1424,5
1425,1
1426,1
1427,5
1428,5
1429,5
1430,1
1431,1
1432,1
1433,5
1434,5
1435,1
1436,1
1437,1
1438,1
1439,1
1440,5
1441,5
1442,5
1443,5
1444,5
1445,5
1446,5
1447,5
1448,1
1449,5
1450,5
1451,5
1452,5
1453,5
1454,1
1455,5
1456,5
1457,1
1458,1
1459,5
1460,1
1461,5
1462,5
1463,5
1464,1
1465,5
1466,5
1467,1
1468,1
1469,5
1470,1
1471,5
1472,5
1473,1
1474,5
1475,5
1476,5
1477,5
1478,5
1479,1
1480,5
1481,5
1482,5
1483,5
1484,1
1485,1
1486,5
1487,5
1488,1
1489,1
1490,5
1491,1
1492,1
1493,1
1494,1
1495,1
1496,5
1497,1
1498,5
1499,5
1500,1
1501,1
1502,5
1503,5
1504,5
1505,5
1506,1
1507,5
1508,5
1509,5
1510,5
1511,1
1512,1
1513,1
1514,1
1515,5
1516,5
1517,1
1518,1
1519,1
1520,1
1521,5
1522,1
1523,1
1524,1
1525,5
1526,5
1527,5
1528,5
1529,5
1530,5
1531,5
1532,1
1533,1
1534,5
1535,5
1536,5
1537,5
1538,5
1539,1
1540,1
1541,1
1542,1
1543,5
1544,1
1545,5
1546,5
1547,5
1548,5
1549,1
1550,5
1551,5
1552,1
1553,1
1554,5
1555,1
1556,5
1557,5
1558,1
1559,1
1560,5
1561,1
1562,1
1563,5
1564,5
1565,1
1566,1
1567,5
1568,5
1569,1
1570,5
1571,5
1572,1
1573,1
1574,5
1575,1
1576,5
1577,1
1578,5
1579,5
1580,1
1581,5
1582,1
1583,1
1584,5
1585,5
1586,1
1587,5
1588,5
1589,1
1590,1
1591,1
1592,1
1593,5
1594,1
1595,1
1596,1
1597,1
1598,1
1599,5
1600,1
1601,5
1602,1
1603,1
1604,1
1605,1
1606,5
1607,5
1608,1
1609,1
1610,5
1611,5
1612,1
1613,5
1614,5
1615,5
1616,5
1617,5
1618,1
1619,5
1620,1
1621,1
1622,5
1623,1
1624,1
1625,1
1626,5
1627,1
1628,1
1629,5
1630,5
1631,5
1632,5
1633,5
1634,5
1635,1
1636,1
1637,1
1638,1
1639,1
1640,5
1641,5
1642,5
1643,1
1644,5
1645,1
1646,5
1647,5
1648,1
1649,5
1650,5
1651,5
1652,1
1653,1
1654,1
1655,1
1656,5
1657,5
1658,1
1659,1
1660,5
1661,1
1662,1
1663,5
1664,5
1665,1
1666,1
1667,1
1668,5
1669,5
1670,1
1671,5
1672,5
1673,1
1674,1
1675,5
1676,1
1677,5
1678,1
1679,1
1680,1
1681,5
1682,5
1683,5
1684,1
1685,1
1686,1
1687,5
1688,1
1689,5
1690,5
1691,1
1692,5
1693,1
1694,5
1695,5
1696,1
1697,1
1698,1
1699,1
1700,1
1701,1
1702,1
1703,1
1704,1
1705,1
1706,1
1707,5
1708,5
1709,5
1710,5
1711,1
1712,5
1713,1
1714,5
1715,1
1716,1
1717,1
1718,5
1719,5
1720,1
1721,1
1722,5
1723,1
1724,1
1725,1
1726,5
1727,5
1728,5
1729,5
1730,5
1731,5
1732,1
1733,5
1734,1
1735,5
1736,5
1737,5
1738,5
1739,1
1740,1
1741,5
1742,5
1743,5
1744,5
1745,5
1746,5
1747,1
1748,5
1749,1
1750,1
1751,1
1752,5
1753,5
1754,5
1755,5
1756,1
1757,5
1758,1
1759,5
1760,1
1761,5
1762,5
1763,1
1764,1
1765,1
1766,1
1767,5
1768,1
1769,1
1770,5
1771,1
1772,5
1773,5
1774,1
1775,5
1776,5
1777,5
1778,1
1779,1
1780,5
1781,1
1782,5
1783,5
1784,5
1785,1
1786,5
1787,1
1788,1
1789,1
1790,5
1791,5
1792,5
1793,1
1794,1
1795,1
1796,1
1797,1
1798,5
1799,5
1800,1
1801,1
1802,5
1803,5
1804,1
1805,5
1806,5
1807,1
1808,1
1809,5
1810,1
1811,1
1812,1
1813,1
1814,1
1815,5
1816,1
1817,1
1818,5
1819,5
1820,5
1821,5
1822,5
1823,5
1824,5
1825,5
1826,1
1827,5
1828,5
1829,5
1830,5
1831,5
1832,5
1833,1
1834,1
1835,5
1836,1
1837,5
1838,5
1839,1
1840,1
1841,1
1842,5
1843,5
1844,5
1845,1
1846,5
1847,1
1848,5
1849,1
1850,5
1851,1
1852,5
1853,1
1854,1
1855,5
1856,5
1857,5
1858,1
1859,1
1860,1
1861,5
1862,1
1863,5
1864,5
1865,5
1866,5
1867,5
1868,1
1869,5
1870,5
1871,5
1872,5
1873,5
1874,5
1875,1
1876,5
1877,1
1878,5
1879,1
1880,5
1881,5
1882,1
1883,1
1884,1
1885,1
1886,1
1887,5
1888,5
1889,5
1890,5
1891,5
1892,5
1893,5
1894,5
1895,5
1896,5
1897,1
1898,5
1899,5
1900,5
1901,1
1902,5
1903,1
1904,5
1905,5
1906,1
1907,5
1908,1
1909,1
1910,1
1911,1
1912,5
1913,5
1914,1
1915,1
1916,1
1917,5
1918,5
1919,5
1920,5
1921,5
1922,5
1923,1
1924,5
1925,5
1926,1
1927,1
1928,5
1929,1
1930,5
1931,5
1932,1
1933,5
1934,1
1935,5
1936,1
1937,5
1938,5
1939,1
1940,5
1941,1
1942,1
1943,5
1944,5
1945,1
1946,1
1947,5
1948,1
1949,1
1950,1
1951,5
1952,1
1953,1
1954,5
1955,1
1956,1
1957,1
1958,5
1959,5
1960,5
1961,1
1962,1
1963,5
1964,1
1965,5
1966,5
1967,5
1968,1
1969,1
1970,1
1971,1
1972,5
1973,5
1974,5
1975,5
1976,5
1977,5
1978,1
1979,1
1980,1
1981,5
1982,5
1983,5
1984,1
1985,1
1986,5
1987,1
1988,5
1989,5
1990,5
1991,5
1992,5
1993,5
1994,5
1995,5
1996,5
1997,5
1998,5
1999,5
2000,1
2001,5
2002,5
2003,5
2004,5
2005,5
2006,5
2007,1
2008,1
2009,1
2010,5
2011,5
2012,5
2013,1
2014,1
2015,1
2016,1
2017,1
2018,5
2019,5
2020,5
2021,5
2022,5
2023,1
2024,5
2025,5
2026,5
2027,5
2028,1
2029,5
2030,5
2031,1
2032,1
2033,5
2034,5
2035,5
2036,5
2037,1
2038,5
2039,1
2040,5
2041,5
2042,5
2043,5
2044,1
2045,1
2046,1
2047,1
2048,1
2049,5
2050,5
2051,1
2052,5
2053,5
2054,1
2055,1
2056,1
2057,1
2058,1
2059,1
2060,1
2061,1
2062,1
2063,1
2064,1
2065,5
2066,1
2067,5
2068,1
2069,5
2070,1
2071,1
2072,5
2073,5
2074,5
2075,5
2076,5
2077,1
2078,1
2079,1
2080,1
2081,1
2082,1
2083,1
2084,1
2085,1
2086,1
2087,1
2088,1
2089,5
2090,5
2091,5
2092,5
2093,1
2094,5
2095,1
2096,1
2097,5
2098,5
2099,5
2100,1
2101,1
2102,1
2103,5
2104,5
2105,1
2106,1
2107,5
2108,5
2109,5
2110,1
2111,1
2112,1
2113,5
2114,1
2115,5
2116,5
2117,5
2118,5
2119,5
2120,5
2121,5
2122,1
2123,5
2124,1
2125,5
2126,5
2127,1
2128,5
2129,1
2130,5
2131,5
2132,5
2133,1
2134,1
2135,5
2136,1
2137,1
2138,1
2139,5
2140,1
2141,1
2142,5
2143,1
2144,5
2145,1
2146,5
2147,1
2148,1
2149,1
2150,5
2151,1
2152,1
2153,1
2154,5
2155,5
2156,1
2157,1
2158,5
2159,5
2160,1
2161,5
2162,1
2163,5
2164,1
2165,5
2166,5
2167,5
2168,5
2169,1
2170,1
2171,1
2172,1
2173,1
2174,5
2175,5
2176,5
2177,5
2178,1
2179,1
2180,1
2181,5
2182,1
2183,1
2184,5
2185,5
2186,5
2187,5
2188,5
2189,5
2190,1
2191,5
2192,5
2193,5
2194,5
2195,1
2196,5
2197,5
2198,1
2199,5
2200,5
2201,5
2202,5
2203,1
2204,1
2205,1
2206,5
2207,5
2208,1
2209,1
2210,5
2211,1
2212,5
2213,5
2214,5
2215,1
2216,5
2217,1
2218,1
2219,5
2220,5
2221,1
2222,1
2223,5
2224,5
2225,1
2226,1
2227,1
2228,5
2229,5
2230,1
2231,5
2232,5
2233,5
2234,1
2235,1
2236,1
2237,5
2238,5
2239,5
2240,5
2241,5
2242,1
2243,5
2244,5
2245,5
2246,1
2247,5
2248,5
2249,1
2250,5
2251,5
2252,5
2253,1
2254,5
2255,1
2256,1
2257,1
2258,5
2259,5
2260,5
2261,1
2262,5
2263,5
2264,1
2265,5
2266,5
2267,1
2268,5
2269,1
2270,5
2271,5
2272,5
2273,5
2274,1
2275,5
2276,5
2277,1
2278,1
2279,1
2280,5
2281,5
2282,5
2283,5
2284,5
2285,1
2286,5
2287,5
2288,1
2289,5
2290,5
2291,5
2292,1
2293,1
2294,1
2295,5
2296,1
2297,1
2298,1
2299,5
2300,1
2301,1
2302,1
2303,5
2304,5
2305,5
2306,5
2307,5
2308,1
2309,5
2310,5
2311,1
2312,1
2313,1
2314,5
2315,1
2316,1
2317,1
2318,1
2319,5
2320,1
2321,5
2322,5
2323,5
2324,1
2325,1
2326,1
2327,1
2328,1
2329,5
2330,1
2331,1
2332,1
2333,1
2334,1
2335,5
2336,1
2337,1
2338,1
2339,5
2340,1
2341,1
2342,5
2343,5
2344,1
2345,5
2346,5
2347,5
2348,5
2349,1
2350,5
2351,1
2352,5
2353,1
2354,1
2355,1
2356,5
2357,5
2358,5
2359,1
2360,5
2361,5
2362,5
2363,1
2364,1
2365,5
2366,1
2367,1
2368,1
2369,1
2370,1
2371,1
2372,5
2373,1
2374,5
2375,5
2376,1
2377,5
2378,5
2379,5
2380,5
2381,1
2382,5
2383,1
2384,5
2385,1
2386,1
2387,5
2388,5
2389,5
2390,5
2391,1
2392,5
2393,5
2394,1
2395,5
2396,5
2397,5
2398,1
2399,5
2400,5
2401,1
2402,1
2403,1
2404,1
2405,5
2406,1
2407,1
2408,5
2409,5
2410,5
2411,5
2412,5
2413,1
2414,5
2415,1
2416,1
2417,1
2418,1
2419,5
2420,5
2421,5
2422,5
2423,1
2424,5
2425,1
2426,1
2427,1
2428,5
2429,1
2430,5
2431,1
2432,1
2433,1
2434,1
2435,1
2436,1
2437,1
2438,5
2439,5
2440,1
2441,5
2442,5
2443,5
2444,5
2445,1
2446,1
2447,5
2448,1
2449,5
2450,5
2451,1
2452,5
2453,5
2454,1
2455,1
2456,1
2457,1
2458,1
2459,1
2460,1
2461,1
2462,1
2463,5
2464,5
2465,1
2466,1
2467,1
2468,5
2469,5
2470,5
2471,1
2472,5
2473,1
2474,5
2475,5
2476,5
2477,5
2478,1
2479,1
2480,1
2481,5
2482,5
2483,5
2484,5
2485,5
2486,5
2487,5
2488,5
2489,1
2490,1
2491,5
2492,1
2493,5
2494,5
2495,5
2496,5
2497,1
2498,1
2499,1
2500,5
2501,5
2502,5
2503,5
2504,1
2505,1
2506,1
2507,5
2508,5
2509,5
2510,5
2511,1
2512,5
2513,1
2514,1
2515,1
2516,5
2517,1
2518,5
2519,1
2520,1
2521,1
2522,1
2523,5
2524,1
2525,1
2526,5
2527,5
2528,5
2529,5
2530,1
2531,5
2532,5
2533,1
2534,5
2535,5
2536,1
2537,5
2538,5
2539,5
2540,5
2541,5
2542,1
2543,1
2544,1
2545,1
2546,1
2547,1
2548,5
2549,5
2550,5
2551,5
2552,1
2553,5
2554,1
2555,5
2556,1
2557,5
2558,5
2559,5
2560,1
2561,1
2562,1
2563,1
2564,5
2565,5
2566,1
2567,5
2568,1
2569,1
2570,1
2571,5
2572,5
2573,5
2574,5
2575,5
2576,1
2577,1
2578,1
2579,1
2580,5
2581,1
2582,1
2583,5
2584,1
2585,5
2586,5
2587,5
2588,5
2589,5
2590,5
2591,5
2592,5
2593,5
2594,5
2595,1
2596,1
2597,5
2598,1
2599,1
2600,5
2601,1
2602,5
2603,1
2604,5
2605,5
2606,1
2607,5
2608,1
2609,5
2610,5
2611,1
2612,1
2613,5
2614,5
2615,1
2616,1
2617,5
2618,5
2619,1
2620,5
2621,1
2622,1
2623,1
2624,5
2625,5
2626,5
2627,5
2628,1
2629,1
2630,5
2631,5
2632,5
2633,5
2634,1
2635,5
2636,1
2637,1
2638,5
2639,1
2640,5
2641,5
2642,1
2643,5
2644,1
2645,5
2646,1
2647,5
2648,1
2649,1
2650,5
2651,1
2652,1
2653,1
2654,5
2655,5
2656,1
2657,1
2658,5
2659,5
2660,5
2661,5
2662,1
2663,1
2664,1
2665,1
2666,5
2667,5
2668,1
2669,5
2670,1
2671,1
2672,5
2673,1
2674,5
2675,5
2676,1
2677,5
2678,1
2679,1
2680,1
2681,5
2682,5
2683,5
2684,5
2685,5
2686,5
2687,5
2688,1
2689,5
2690,5
2691,1
2692,5
2693,1
2694,5
2695,5
2696,1
2697,5
2698,1
2699,5
2700,5
2701,5
2702,5
2703,1
2704,1
2705,5
2706,5
2707,5
2708,5
2709,5
2710,5
2711,1
2712,1
2713,1
2714,5
2715,5
2716,5
2717,5
2718,1
2719,1
2720,1
2721,1
2722,1
2723,1
2724,5
2725,5
2726,1
2727,1
2728,1
2729,1
2730,1
2731,5
2732,1
2733,1
2734,1
2735,1
2736,5
2737,5
2738,1
2739,1
2740,1
2741,5
2742,5
2743,5
2744,1
2745,1
2746,1
2747,1
2748,5
2749,1
2750,5
2751,5
2752,5
2753,5
2754,5
2755,1
2756,5
2757,1
2758,5
2759,5
2760,5
2761,1
2762,1
2763,5
2764,5
2765,5
2766,5
2767,1
2768,5
2769,5
2770,5
2771,1
2772,5
2773,5
2774,5
2775,5
2776,1
2777,1
2778,1
2779,1
2780,1
2781,1
2782,5
2783,1
2784,1
2785,5
2786,1
2787,1
2788,1
2789,5
2790,5
2791,5
2792,5
2793,5
2794,1
2795,5
2796,1
2797,1
2798,5
2799,1
2800,1
2801,1
2802,1
2803,5
2804,5
2805,1
2806,1
2807,1
2808,1
2809,1
2810,5
2811,1
2812,1
2813,5
2814,1
2815,5
2816,5
2817,1
2818,1
2819,5
2820,1
2821,1
2822,1
2823,5
2824,1
2825,5
2826,5
2827,5
2828,5
2829,5
2830,5
2831,5
2832,5
2833,5
2834,1
2835,1
2836,5
2837,1
2838,1
2839,5
2840,5
2841,5
2842,5
2843,1
2844,5
2845,5
2846,5
2847,5
2848,5
2849,1
2850,5
2851,5
2852,1
2853,5
2854,1
2855,1
2856,1
2857,1
2858,5
2859,5
2860,5
2861,5
2862,1
2863,1
2864,5
2865,5
2866,1
2867,1
2868,1
2869,5
2870,1
2871,1
2872,5
2873,1
2874,1
2875,1
2876,1
2877,5
2878,1
2879,1
2880,1
2881,1
2882,1
2883,1
2884,1
2885,1
2886,1
2887,5
2888,5
2889,5
2890,5
2891,5
2892,1
2893,1
2894,5
2895,1
2896,1
2897,5
2898,5
2899,5
2900,5
2901,1
2902,1
2903,5
2904,5
2905,5
2906,5
2907,5
2908,1
2909,1
2910,1
2911,5
2912,5
2913,1
2914,1
2915,1
2916,1
2917,5
2918,1
2919,5
2920,5
2921,1
2922,5
2923,1
2924,1
2925,1
2926,5
2927,1
2928,1
2929,1
2930,1
2931,5
2932,1
2933,1
2934,5
2935,1
2936,1
2937,1
2938,1
2939,1
2940,5
2941,5
2942,5
2943,1
2944,5
2945,5
2946,5
2947,5
2948,5
2949,5
2950,1
2951,1
2952,1
2953,5
2954,5
2955,5
2956,5
2957,5
2958,5
2959,5
2960,1
2961,1
2962,5
2963,1
2964,5
2965,5
2966,5
2967,5
2968,5
2969,1
2970,1
2971,1
2972,5
2973,1
2974,1
2975,1
2976,1
2977,5
2978,5
2979,1
2980,1
2981,5
2982,5
2983,1
2984,5
2985,5
2986,5
2987,5
2988,1
2989,5
2990,1
2991,5
2992,5
2993,1
2994,5
2995,1
2996,1
2997,1
2998,5
2999,5
3000,5
3001,5
3002,5
3003,5
3004,1
3005,1
3006,5
3007,5
3008,1
3009,1
3010,5
3011,1
3012,5
3013,1
3014,1
3015,1
3016,5
3017,1
3018,1
3019,5
3020,5
3021,5
3022,1
3023,1
3024,1
3025,1
3026,5
3027,5
3028,5
3029,1
3030,5
3031,5
3032,5
3033,1
3034,1
3035,1
3036,1
3037,1
3038,5
3039,1
3040,1
3041,1
3042,5
3043,1
3044,1
3045,1
3046,1
3047,1
3048,1
3049,1
3050,5
3051,5
3052,5
3053,1
3054,1
3055,5
3056,1
3057,1
3058,5
3059,1
3060,1
3061,1
3062,5
3063,1
3064,5
3065,5
3066,1
3067,1
3068,5
3069,5
3070,5
3071,5
3072,5
3073,1
3074,5
3075,5
3076,5
3077,5
3078,5
3079,5
3080,5
3081,1
3082,1
3083,1
3084,1
3085,1
3086,1
3087,1
3088,1
3089,1
3090,1
3091,5
3092,5
3093,1
3094,5
3095,5
3096,5
3097,5
3098,1
3099,1
3100,5
3101,5
3102,1
3103,1
3104,1
3105,1
3106,5
3107,5
3108,1
3109,5
3110,5
3111,5
3112,5
3113,5
3114,5
3115,5
3116,1
3117,5
3118,5
3119,5
3120,5
3121,1
3122,5
3123,1
3124,1
3125,5
3126,1
3127,5
3128,5
3129,5
3130,5
3131,5
3132,1
3133,5
3134,5
3135,5
3136,5
3137,5
3138,5
3139,5
3140,5
3141,5
3142,1
3143,1
3144,5
3145,5
3146,1
3147,5
3148,5
3149,5
3150,5
3151,1
3152,1
3153,5
3154,5
3155,5
3156,5
3157,1
3158,1
3159,1
3160,5
3161,1
3162,1
3163,1
3164,1
3165,5
3166,1
3167,1
3168,1
3169,1
3170,5
3171,5
3172,5
3173,5
3174,1
3175,1
3176,1
3177,5
3178,5
3179,5
3180,1
3181,1
3182,5
3183,1
3184,5
3185,5
3186,5
3187,5
3188,5
3189,5
3190,1
3191,1
3192,5
3193,1
3194,5
3195,5
3196,1
3197,5
3198,5
3199,5
3200,5
3201,5
3202,1
3203,1
3204,5
3205,1
3206,1
3207,1
3208,1
3209,1
3210,1
3211,1
3212,1
3213,5
3214,5
3215,1
3216,1
3217,1
3218,5
3219,5
3220,5
3221,5
3222,1
3223,1
3224,1
3225,1
3226,1
3227,1
3228,1
3229,1
3230,1
3231,5
3232,5
3233,5
3234,1
3235,1
3236,5
3237,1
3238,5
3239,5
3240,1
3241,1
3242,1
3243,1
3244,1
3245,1
3246,5
3247,5
3248,1
3249,1
3250,1
3251,5
3252,5
3253,5
3254,5
3255,5
3256,1
3257,5
3258,5
3259,5
3260,5
3261,1
3262,5
3263,5
3264,5
3265,1
3266,5
3267,1
3268,5
3269,5
3270,5
3271,5
3272,1
3273,5
3274,5
3275,5
3276,5
3277,1
3278,5
3279,1
3280,1
3281,5
3282,5
3283,1
3284,1
3285,5
3286,5
3287,1
3288,5
3289,5
3290,5
3291,5
3292,1
3293,5
3294,5
3295,1
3296,5
3297,5
3298,1
3299,1
3300,1
3301,5
3302,1
3303,1
3304,5
3305,5
3306,1
3307,5
3308,5
3309,5
3310,5
3311,1
3312,5
3313,5
3314,5
3315,1
3316,1
3317,1
3318,5
3319,1
3320,1
3321,1
3322,5
3323,1
3324,1
3325,5
3326,1
3327,1
3328,5
3329,1
3330,5
3331,1
3332,1
3333,5
3334,5
3335,1
3336,5
3337,1
3338,1
3339,1
3340,5
3341,5
3342,5
3343,5
3344,1
3345,1
3346,1
3347,1
3348,1
3349,1
3350,5
3351,5
3352,1
3353,5
3354,5
3355,5
3356,5
3357,1
3358,1
3359,5
3360,5
3361,1
3362,5
3363,1
3364,5
3365,1
3366,1
3367,5
3368,1
3369,5
3370,1
3371,5
3372,5
3373,5
3374,5
3375,5
3376,5
3377,1
3378,1
3379,1
3380,5
3381,1
3382,1
3383,5
3384,1
3385,1
3386,1
3387,5
3388,5
3389,1
3390,1
3391,1
3392,5
3393,5
3394,1
3395,1
3396,1
3397,1
3398,1
3399,1
3400,1
3401,1
3402,5
3403,1
3404,1
3405,5
3406,5
3407,5
3408,1
3409,1
3410,5
3411,5
3412,1
3413,5
3414,5
3415,1
3416,1
3417,1
3418,5
3419,5
3420,1
3421,1
3422,1
3423,1
3424,5
3425,1
3426,5
3427,5
3428,1
3429,1
3430,1
3431,1
3432,1
3433,1
3434,5
3435,1
3436,1
3437,1
3438,1
3439,1
3440,1
3441,5
3442,5
3443,5
3444,5
3445,5
3446,5
3447,5
3448,5
3449,5
3450,1
3451,1
3452,1
3453,1
3454,5
3455,1
3456,1
3457,1
3458,1
3459,1
3460,1
3461,1
3462,1
3463,1
3464,5
3465,1
3466,5
3467,1
3468,5
3469,1
3470,1
3471,5
3472,1
3473,1
3474,1
3475,1
3476,5
3477,1
3478,1
3479,1
3480,1
3481,5
3482,5
3483,5
3484,5
3485,5
3486,5
3487,5
3488,5
3489,1
3490,1
3491,5
3492,1
3493,1
3494,1
3495,5
3496,1
3497,1
3498,1
3499,5
3500,5
3501,5
3502,1
3503,1
3504,1
3505,1
3506,1
3507,1
3508,5
3509,1
3510,1
3511,1
3512,1
3513,1
3514,5
3515,5
3516,5
3517,5
3518,5
3519,5
3520,5
3521,1
3522,1
3523,5
3524,5
3525,1
3526,5
3527,1
3528,1
3529,1
3530,1
3531,5
3532,1
3533,5
3534,5
3535,5
3536,1
3537,5
3538,5
3539,5
3540,5
3541,1
3542,1
3543,5
3544,1
3545,5
3546,5
3547,5
3548,5
3549,5
3550,5
3551,5
3552,5
3553,5
3554,5
3555,5
3556,1
3557,5
3558,5
3559,1
3560,1
3561,5
3562,5
3563,5
3564,1
3565,5
3566,5
3567,5
3568,1
3569,5
3570,1
3571,5
3572,5
3573,1
3574,1
3575,1
3576,1
3577,1
3578,1
3579,5
3580,5
3581,5
3582,5
3583,1
3584,5
3585,1
3586,5
3587,5
3588,1
3589,1
3590,1
3591,5
3592,1
3593,1
3594,5
3595,1
3596,1
3597,5
3598,5
3599,1
3600,5
3601,1
3602,5
3603,1
3604,1
3605,1
3606,1
3607,1
3608,1
3609,1
3610,1
3611,1
3612,1
3613,1
3614,5
3615,5
3616,5
3617,1
3618,1
3619,1
3620,1
3621,1
3622,5
3623,5
3624,1
3625,5
3626,1
3627,5
3628,5
3629,1
3630,1
3631,5
3632,5
3633,1
3634,5
3635,5
3636,1
3637,5
3638,5
3639,1
3640,1
3641,1
3642,1
3643,5
3644,1
3645,1
3646,5
3647,5
3648,5
3649,5
3650,5
3651,5
3652,1
3653,1
3654,5
3655,1
3656,1
3657,1
3658,1
3659,1
3660,1
3661,1
3662,5
3663,1
3664,1
3665,5
3666,5
3667,5
3668,1
3669,1
3670,1
3671,5
3672,5
3673,5
3674,1
3675,1
3676,5
3677,5
3678,1
3679,5
3680,5
3681,1
3682,5
3683,1
3684,5
3685,1
3686,1
3687,5
3688,5
3689,1
3690,1
3691,1
3692,1
3693,1
3694,1
3695,1
3696,1
3697,1
3698,1
3699,1
3700,1
3701,1
3702,1
3703,1
3704,1
3705,1
3706,1
3707,1
3708,1
3709,1
3710,5
3711,1
3712,5
3713,1
3714,5
3715,1
3716,1
3717,5
3718,5
3719,1
3720,5
3721,5
3722,1
3723,1
3724,1
3725,1
3726,1
3727,1
3728,1
3729,1
3730,5
3731,5
3732,1
3733,1
3734,1
3735,5
3736,5
3737,1
3738,1
3739,5
3740,1
3741,5
3742,1
3743,1
3744,1
3745,5
3746,5
3747,5
3748,5
3749,1
3750,5
3751,5
3752,5
3753,5
3754,5
3755,5
3756,5
3757,1
3758,1
3759,1
3760,5
3761,5
3762,1
3763,5
3764,5
3765,5
3766,1
3767,1
3768,1
3769,5
3770,5
3771,5
3772,5
3773,5
3774,1
3775,1
3776,1
3777,5
3778,5
3779,5
3780,5
3781,5
3782,1
3783,1
3784,5
3785,5
3786,1
3787,1
3788,1
3789,5
3790,5
3791,5
3792,5
3793,5
3794,5
3795,5
3796,1
3797,1
3798,5
3799,1
3800,1
3801,1
3802,1
3803,5
3804,5
3805,1
3806,5
3807,5
3808,1
3809,5
3810,5
3811,5
3812,5
3813,5
3814,5
3815,5
3816,1
3817,1
3818,5
3819,1
3820,1
3821,1
3822,5
3823,5
3824,5
3825,5
3826,5
3827,1
3828,5
3829,5
3830,1
3831,5
3832,1
3833,1
3834,1
3835,5
3836,5
3837,5
3838,5
3839,5
3840,5
3841,1
3842,1
3843,1
3844,5
3845,5
3846,1
3847,5
3848,1
3849,1
3850,1
3851,5
3852,5
3853,5
3854,5
3855,1
3856,5
3857,5
3858,1
3859,5
3860,5
3861,5
3862,1
3863,1
3864,1
3865,5
3866,5
3867,5
3868,1
3869,1
3870,1
3871,1
3872,1
3873,1
3874,5
3875,5
3876,5
3877,5
3878,1
3879,5
3880,1
3881,1
3882,1
3883,5
3884,5
3885,5
3886,5
3887,5
3888,5
3889,5
3890,1
3891,1
3892,5
3893,5
3894,5
3895,1
3896,1
3897,1
3898,1
3899,1
3900,5
3901,5
3902,5
3903,1
3904,5
3905,1
3906,1
3907,5
3908,1
3909,1
3910,1
3911,5
3912,5
3913,5
3914,5
3915,5
3916,1
3917,1
3918,1
3919,5
3920,5
3921,5
3922,1
3923,1
3924,5
3925,5
3926,1
3927,1
3928,1
3929,5
3930,1
3931,1
3932,1
3933,5
3934,5
3935,1
3936,5
3937,5
3938,5
3939,1
3940,1
3941,5
3942,5
3943,1
3944,1
3945,5
3946,1
3947,1
3948,5
3949,5
3950,1
3951,1
3952,5
3953,1
3954,1
3955,1
3956,5
3957,5
3958,1
3959,1
3960,1
3961,1
3962,5
3963,5
3964,1
3965,5
3966,5
3967,5
3968,5
3969,5
3970,5
3971,5
3972,1
3973,1
3974,5
3975,1
3976,1
3977,5
3978,1
3979,1
3980,1
3981,1
3982,1
3983,1
3984,5
3985,5
3986,5
3987,5
3988,1
3989,1
3990,1
3991,5
3992,5
3993,5
3994,1
3995,1
3996,5
3997,5
3998,5
3999,5
4000,1
4001,5
4002,5
4003,5
4004,5
4005,5
4006,5
4007,5
4008,1
4009,5
4010,5
4011,1
4012,1
4013,1
4014,5
4015,1
4016,1
4017,1
4018,5
4019,5
4020,5
4021,5
4022,5
4023,5
4024,5
4025,1
4026,1
4027,5
4028,1
4029,5
4030,1
4031,5
4032,5
4033,5
4034,1
4035,5
4036,5
4037,1
4038,1
4039,5
4040,1
4041,1
4042,1
4043,1
4044,1
4045,1
4046,1
4047,5
4048,5
4049,1
4050,5
4051,5
4052,1
4053,5
4054,1
4055,1
4056,1
4057,1
4058,5
4059,5
4060,5
4061,5
4062,5
4063,5
4064,1
4065,5
4066,5
4067,5
4068,1
4069,1
4070,1
4071,1
4072,1
4073,5
4074,1
4075,1
4076,5
4077,5
4078,5
4079,5
4080,5
4081,5
4082,5
4083,1
4084,5
4085,5
4086,1
4087,5
4088,1
4089,1
4090,1
4091,1
4092,5
4093,5
4094,1
4095,1
4096,1
4097,5
4098,1
4099,5
4100,1
4101,1
4102,5
4103,5
4104,1
4105,5
4106,5
4107,1
4108,1
4109,1
4110,1
4111,5
4112,5
4113,1
4114,1
4115,1
4116,1
4117,5
4118,5
4119,5
4120,1
4121,1
4122,1
4123,5
4124,5
4125,1
4126,1
4127,5
4128,1
4129,1
4130,5
4131,1
4132,1
4133,5
4134,1
4135,1
4136,1
4137,1
4138,1
4139,5
4140,1
4141,1
4142,5
4143,1
4144,1
4145,1
4146,1
4147,5
4148,5
4149,5
4150,5
4151,5
4152,1
4153,5
4154,5
4155,5
4156,5
4157,1
4158,1
4159,1
4160,5
4161,5
4162,1
4163,1
4164,1
4165,1
4166,1
4167,1
4168,5
4169,5
4170,1
4171,5
4172,5
4173,1
4174,1
4175,5
4176,5
4177,5
4178,1
4179,1
4180,1
4181,5
4182,5
4183,5
4184,1
4185,5
4186,5
4187,1
4188,1
4189,1
4190,5
4191,5
4192,5
4193,1
4194,5
4195,5
4196,1
4197,1
4198,1
4199,5
4200,5
4201,5
4202,5
4203,5
4204,5
4205,5
4206,5
4207,5
4208,5
4209,5
4210,5
4211,5
4212,5
4213,5
4214,5
4215,5
4216,5
4217,5
4218,5
4219,5
4220,5
4221,5
4222,5
4223,5
4224,5
4225,5
4226,5
4227,5
4228,1
4229,5
4230,5
4231,1
4232,1
4233,5
4234,1
4235,1
4236,5
4237,5
4238,5
4239,1
4240,5
4241,5
4242,5
4243,1
4244,5
4245,5
4246,5
4247,5
4248,1
4249,5
4250,5
4251,5
4252,5
4253,1
4254,1
4255,1
4256,1
4257,1
4258,5
4259,1
4260,1
4261,1
4262,1
4263,5
4264,1
4265,1
4266,1
4267,1
4268,1
4269,1
4270,1
4271,5
4272,1
4273,1
4274,1
4275,1
4276,1
4277,1
4278,1
4279,1
4280,1
4281,1
4282,1
4283,1
4284,5
4285,1
4286,1
4287,5
4288,5
4289,5
4290,1
4291,1
4292,1
4293,5
4294,5
4295,1
4296,5
4297,5
4298,5
4299,1
4300,5
4301,5
4302,5
4303,5
4304,1
4305,5
4306,1
4307,5
4308,1
4309,1
4310,5
4311,5
4312,1
4313,5
4314,1
4315,5
4316,5
4317,5
4318,5
4319,1
4320,5
4321,1
4322,1
4323,1
4324,5
4325,5
4326,1
4327,5
4328,5
4329,5
4330,1
4331,1
4332,5
4333,5
4334,5
4335,5
4336,1
4337,1
4338,1
4339,5
4340,5
4341,5
4342,5
4343,5
4344,5
4345,1
4346,5
4347,5
4348,1
4349,1
4350,1
4351,5
4352,5
4353,5
4354,1
4355,1
4356,5
4357,5
4358,1
4359,1
4360,1
4361,1
4362,1
4363,1
4364,5
4365,1
4366,5
4367,5
4368,5
4369,5
4370,5
4371,1
4372,5
4373,5
4374,5
4375,5
4376,5
4377,1
4378,1
4379,5
4380,1
4381,1
4382,1
4383,5
4384,1
4385,1
4386,1
4387,5
4388,1
4389,1
4390,5
4391,1
4392,5
4393,5
4394,5
4395,1
4396,1
4397,1
4398,5
4399,5
4400,5
4401,5
4402,5
4403,1
4404,5
4405,5
4406,5
4407,5
4408,1
4409,5
4410,1
4411,1
4412,1
4413,5
4414,5
4415,1
4416,5
4417,5
4418,5
4419,1
4420,1
4421,1
4422,5
4423,5
4424,1
4425,1
4426,1
4427,1
4428,1
4429,1
4430,1
4431,5
4432,1
4433,1
4434,1
4435,1
4436,5
4437,1
4438,1
4439,5
4440,5
4441,5
4442,5
4443,1
4444,1
4445,1
4446,5
4447,5
4448,5
4449,1
4450,1
4451,5
4452,1
4453,5
4454,1
4455,1
4456,5
4457,1
4458,5
4459,5
4460,5
4461,1
4462,5
4463,1
4464,5
4465,5
4466,1
4467,1
4468,1
4469,5
4470,1
4471,5
4472,5
4473,5
4474,5
4475,1
4476,5
4477,1
4478,5
4479,1
4480,5
4481,5
4482,1
4483,5
4484,1
4485,5
4486,5
4487,5
4488,1
4489,5
4490,5
4491,1
4492,1
4493,1
4494,1
4495,1
4496,1
4497,5
4498,5
4499,1
4500,5
4501,1
4502,5
4503,1
4504,1
4505,1
4506,1
4507,1
4508,5
4509,1
4510,1
4511,5
4512,5
4513,1
4514,1
4515,1
4516,5
4517,5
4518,1
4519,1
4520,5
4521,5
4522,5
4523,5
4524,1
4525,1
4526,1
4527,5
4528,5
4529,5
4530,1
4531,5
4532,5
4533,5
4534,5
4535,5
4536,5
4537,1
4538,5
4539,1
4540,1
4541,5
4542,5
4543,5
4544,5
4545,1
4546,5
4547,1
4548,1
4549,1
4550,1
4551,1
4552,5
4553,5
4554,1
4555,1
4556,1
4557,5
4558,5
4559,1
4560,1
4561,5
4562,5
4563,5
4564,5
4565,5
4566,1
4567,1
4568,1
4569,5
4570,5
4571,5
4572,5
4573,5
4574,5
4575,5
4576,5
4577,1
4578,1
4579,5
4580,5
4581,5
4582,1
4583,1
4584,1
4585,1
4586,1
4587,1
4588,1
4589,5
4590,1
4591,1
4592,5
4593,1
4594,1
4595,5
4596,1
4597,1
4598,5
4599,5
4600,1
4601,5
4602,5
4603,1
4604,1
4605,1
4606,5
4607,5
4608,5
4609,1
4610,1
4611,1
4612,5
4613,1
4614,1
4615,5
4616,1
4617,5
4618,5
4619,5
4620,5
4621,5
4622,5
4623,1
4624,5
4625,5
4626,5
4627,1
4628,5
4629,5
4630,5
4631,1
4632,5
4633,5
4634,1
4635,5
4636,1
4637,1
4638,1
4639,1
4640,5
4641,5
4642,5
4643,1
4644,1
4645,5
4646,5
4647,1
4648,5
4649,1
4650,5
4651,1
4652,1
4653,1
4654,1
4655,1
4656,1
4657,1
4658,1
4659,5
4660,1
4661,1
4662,1
4663,5
4664,5
4665,1
4666,5
4667,5
4668,5
4669,1
4670,1
4671,5
4672,5
4673,1
4674,5
4675,1
4676,5
4677,5
4678,5
4679,5
4680,1
4681,5
4682,1
4683,5
4684,1
4685,5
4686,1
4687,5
4688,5
4689,5
4690,5
4691,1
4692,1
4693,1
4694,5
4695,5
4696,5
4697,1
4698,5
4699,1
4700,1
4701,5
4702,1
4703,5
4704,1
4705,1
4706,5
4707,1
4708,5
4709,1
4710,1
4711,1
4712,1
4713,1
4714,1
4715,1
4716,5
4717,1
4718,1
4719,1
4720,1
4721,5
4722,5
4723,5
4724,1
4725,5
4726,5
4727,5
4728,1
4729,5
4730,1
4731,5
4732,5
4733,5
4734,5
4735,5
4736,1
4737,5
4738,1
4739,5
4740,5
4741,5
4742,5
4743,1
4744,1
4745,1
4746,1
4747,5
4748,5
4749,1
4750,5
4751,5
4752,1
4753,5
4754,1
4755,5
4756,1
4757,5
4758,5
4759,5
4760,1
4761,5
4762,1
4763,5
4764,1
4765,1
4766,1
4767,5
4768,1
4769,1
4770,1
4771,5
4772,1
4773,5
4774,5
4775,5
4776,1
4777,1
4778,5
4779,5
4780,1
4781,1
4782,5
4783,1
4784,5
4785,5
4786,5
4787,5
4788,5
4789,5
4790,1
4791,5
4792,5
4793,5
4794,1
4795,5
4796,5
4797,1
4798,1
4799,5
4800,1
4801,1
4802,5
4803,1
4804,5
4805,5
4806,5
4807,1
4808,1
4809,5
4810,5
4811,5
4812,1
4813,1
4814,1
4815,1
4816,5
4817,5
4818,5
4819,5
4820,1
4821,5
4822,5
4823,5
4824,5
4825,5
4826,1
4827,1
4828,1
4829,1
4830,1
4831,5
4832,5
4833,5
4834,1
4835,5
4836,5
4837,5
4838,5
4839,1
4840,1
4841,1
4842,1
4843,1
4844,1
4845,1
4846,1
4847,1
4848,5
4849,5
4850,5
4851,5
4852,5
4853,5
4854,5
4855,1
4856,1
4857,5
4858,5
4859,1
4860,5
4861,5
4862,1
4863,1
4864,1
4865,5
4866,5
4867,5
4868,1
4869,5
4870,5
4871,1
4872,5
4873,5
4874,5
4875,1
4876,1
4877,5
4878,1
4879,1
4880,5
4881,1
4882,5
4883,5
4884,5
4885,5
4886,5
4887,1
4888,1
4889,1
4890,5
4891,1
4892,5
4893,1
4894,1
4895,5
4896,5
4897,5
4898,1
4899,1
4900,5
4901,5
4902,5
4903,5
4904,1
4905,5
4906,1
4907,5
4908,1
4909,5
4910,5
4911,1
4912,1
4913,1
4914,1
4915,5
4916,1
4917,1
4918,5
4919,5
4920,5
4921,5
4922,5
4923,5
4924,5
4925,5
4926,5
4927,5
4928,5
4929,5
4930,5
4931,5
4932,5
4933,1
4934,5
4935,1
4936,5
4937,1
4938,5
4939,5
4940,1
4941,5
4942,1
4943,5
4944,5
4945,5
4946,5
4947,5
4948,1
4949,5
4950,1
4951,1
4952,1
4953,1
4954,1
4955,1
4956,1
4957,5
4958,1
4959,5
4960,1
4961,1
4962,1
4963,5
4964,1
4965,5
4966,5
4967,5
4968,1
4969,5
4970,5
4971,1
4972,1
4973,1
4974,1
4975,1
4976,1
4977,5
4978,5
4979,1
4980,1
4981,5
4982,1
4983,5
4984,1
4985,1
4986,5
4987,5
4988,5
4989,5
4990,5
4991,5
4992,5
4993,5
4994,1
4995,5
4996,5
4997,5
4998,5
4999,5
5000,1
5001,5
5002,5
5003,5
5004,5
5005,5
5006,1
5007,5
5008,5
5009,5
5010,1
5011,1
5012,1
5013,5
5014,5
5015,5
5016,5
5017,5
5018,1
5019,5
5020,1
5021,1
5022,5
5023,5
5024,5
5025,1
5026,5
5027,5
5028,1
5029,1
5030,5
5031,1
5032,1
5033,5
5034,5
5035,5
5036,5
5037,5
5038,1
5039,1
5040,5
5041,5
5042,5
5043,1
5044,5
5045,1
5046,5
5047,5
5048,5
5049,1
5050,1
5051,1
5052,1
5053,5
5054,1
5055,1
5056,5
5057,5
5058,1
5059,5
5060,1
5061,1
5062,1
5063,1
5064,5
5065,1
5066,5
5067,5
5068,5
5069,5
5070,5
5071,1
5072,5
5073,1
5074,1
5075,5
5076,5
5077,1
5078,5
5079,5
5080,5
5081,1
5082,1
5083,5
5084,1
5085,1
5086,1
5087,1
5088,1
5089,1
5090,1
5091,5
5092,5
5093,1
5094,1
5095,1
5096,5
5097,1
5098,1
5099,5
5100,5
5101,1
5102,1
5103,5
5104,5
5105,5
5106,1
5107,1
5108,5
5109,5
5110,5
5111,5
5112,5
5113,5
5114,1
5115,5
5116,1
5117,1
5118,5
5119,5
5120,5
5121,5
5122,5
5123,5
5124,5
5125,5
5126,5
5127,1
5128,5
5129,5
5130,1
5131,5
5132,1
5133,5
5134,5
5135,5
5136,1
5137,5
5138,5
5139,5
5140,5
5141,1
5142,1
5143,1
5144,1
5145,1
5146,1
5147,5
5148,1
5149,5
5150,5
5151,5
5152,5
5153,5
5154,1
5155,1
5156,1
5157,1
5158,1
5159,1
5160,1
5161,1
5162,1
5163,5
5164,5
5165,1
5166,1
5167,5
5168,5
5169,1
5170,1
5171,5
5172,5
5173,5
5174,5
5175,5
5176,1
5177,5
5178,1
5179,1
5180,5
5181,5
5182,1
5183,1
5184,1
5185,5
5186,5
5187,5
5188,1
5189,5
5190,1
5191,1
5192,5
5193,1
5194,1
5195,5
5196,5
5197,5
5198,5
5199,1
5200,5
5201,1
5202,5
5203,5
5204,5
5205,5
5206,5
5207,1
5208,5
5209,1
5210,1
5211,1
5212,5
5213,1
5214,1
5215,1
5216,5
5217,5
5218,5
5219,5
5220,5
5221,1
5222,1
5223,5
5224,5
5225,1
5226,1
5227,5
5228,1
5229,1
5230,1
5231,5
5232,5
5233,5
5234,5
5235,5
5236,5
5237,1
5238,5
5239,1
5240,5
5241,1
5242,1
5243,1
5244,1
5245,1
5246,1
5247,5
5248,1
5249,5
5250,1
5251,1
5252,5
5253,1
5254,5
5255,1
5256,5
5257,1
5258,1
5259,1
5260,5
5261,1
5262,5
5263,5
5264,5
5265,1
5266,5
5267,5
5268,5
5269,5
5270,5
5271,5
5272,5
5273,1
5274,5
5275,5
5276,1
5277,1
5278,5
5279,5
5280,5
5281,1
5282,5
5283,5
5284,5
5285,5
5286,1
5287,5
5288,1
5289,1
5290,1
5291,5
5292,1
5293,1
5294,1
5295,5
5296,1
5297,1
5298,5
5299,1
5300,5
5301,1
5302,5
5303,1
5304,1
5305,5
5306,1
5307,5
5308,5
5309,5
5310,1
5311,5
5312,5
5313,1
5314,1
5315,1
5316,5
5317,5
5318,1
5319,5
5320,1
5321,5
5322,1
5323,1
5324,1
5325,1
5326,1
5327,1
5328,1
5329,1
5330,1
5331,5
5332,1
5333,5
5334,1
5335,5
5336,5
5337,5
5338,1
5339,5
5340,1
5341,5
5342,5
5343,1
5344,5
5345,5
5346,1
5347,1
5348,5
5349,5
5350,5
5351,5
5352,1
5353,5
5354,5
5355,5
5356,1
5357,1
5358,1
5359,1
5360,5
5361,1
5362,5
5363,1
5364,1
5365,5
5366,1
5367,5
5368,5
5369,5
5370,1
5371,5
5372,5
5373,5
5374,5
5375,5
5376,1
5377,1
5378,1
5379,1
5380,5
5381,5
5382,1
5383,1
5384,1
5385,1
5386,1
5387,5
5388,5
5389,5
5390,1
5391,1
5392,1
5393,1
5394,1
5395,1
5396,1
5397,1
5398,5
5399,5
5400,1
5401,5
5402,5
5403,5
5404,1
5405,5
5406,5
5407,1
5408,5
5409,5
5410,5
5411,5
5412,5
5413,1
5414,5
5415,5
5416,1
5417,5
5418,5
5419,1
5420,1
5421,1
5422,5
5423,5
5424,5
5425,5
5426,5
5427,5
5428,1
5429,5
5430,1
5431,5
5432,5
5433,1
5434,5
5435,5
5436,5
5437,5
5438,1
5439,1
5440,5
5441,5
5442,5
5443,1
5444,1
5445,1
5446,5
5447,5
5448,1
5449,5
5450,5
5451,1
5452,5
5453,5
5454,1
5455,1
5456,1
5457,1
5458,5
5459,1
5460,1
5461,1
5462,1
5463,5
5464,1
5465,5
5466,5
5467,5
5468,1
5469,5
5470,5
5471,1
5472,1
5473,5
5474,1
5475,1
5476,5
5477,1
5478,1
5479,5
5480,5
5481,1
5482,1
5483,5
5484,1
5485,1
5486,5
5487,1
5488,5
5489,1
5490,1
5491,1
5492,5
5493,5
5494,1
5495,5
5496,1
5497,1
5498,5
5499,5
5500,1
5501,1
5502,5
5503,1
5504,1
5505,1
5506,1
5507,5
5508,5
5509,1
5510,5
5511,1
5512,5
5513,5
5514,5
5515,1
5516,5
5517,5
5518,5
5519,5
5520,1
5521,5
5522,5
5523,5
5524,5
5525,5
5526,1
5527,5
5528,5
5529,5
5530,5
5531,5
5532,5
5533,5
5534,5
5535,5
5536,5
5537,1
5538,5
5539,5
5540,1
5541,1
5542,1
5543,1
5544,5
5545,5
5546,1
5547,5
5548,1
5549,1
5550,5
5551,1
5552,5
5553,5
5554,1
5555,5
5556,1
5557,5
5558,5
5559,1
5560,5
5561,5
5562,5
5563,5
5564,5
5565,5
5566,5
5567,5
5568,5
5569,5
5570,1
5571,1
5572,5
5573,5
5574,1
5575,1
5576,1
5577,1
5578,1
5579,5
5580,5
5581,5
5582,5
5583,5
5584,1
5585,5
5586,5
5587,1
5588,5
5589,1
5590,1
5591,5
5592,1
5593,5
5594,5
5595,1
5596,5
5597,1
5598,5
5599,1
5600,5
5601,1
5602,1
5603,5
5604,1
5605,5
5606,1
5607,5
5608,1
5609,5
5610,5
5611,5
5612,5
5613,5
5614,5
5615,5
5616,5
5617,1
5618,5
5619,1
5620,5
5621,1
5622,5
5623,5
5624,1
5625,1
5626,1
5627,5
5628,1
5629,1
5630,1
5631,5
5632,5
5633,1
5634,5
5635,1
5636,5
5637,5
5638,5
5639,1
5640,1
5641,1
5642,1
5643,1
5644,1
5645,1
5646,1
5647,5
5648,5
5649,5
5650,5
5651,5
5652,5
5653,5
5654,5
5655,5
5656,5
5657,1
5658,5
5659,5
5660,5
5661,1
5662,5
5663,5
5664,1
5665,5
5666,1
5667,1
5668,1
5669,1
5670,5
5671,5
5672,5
5673,1
5674,1
5675,1
5676,1
5677,1
5678,1
5679,1
5680,1
5681,1
5682,5
5683,5
5684,1
5685,5
5686,5
5687,1
5688,1
5689,1
5690,5
5691,1
5692,1
5693,1
5694,1
5695,1
5696,1
5697,5
5698,5
5699,1
5700,1
5701,5
5702,1
5703,1
5704,1
5705,1
5706,1
5707,5
5708,1
5709,1
5710,5
5711,5
5712,1
5713,1
5714,1
5715,5
5716,5
5717,1
5718,1
5719,1
5720,1
5721,1
5722,5
5723,1
5724,1
5725,5
5726,1
5727,1
5728,1
5729,1
5730,1
5731,1
5732,5
5733,1
5734,5
5735,5
5736,5
5737,1
5738,5
5739,5
5740,5
5741,5
5742,1
5743,5
5744,1
5745,1
5746,1
5747,1
5748,1
5749,1
5750,1
5751,1
5752,1
5753,1
5754,5
5755,5
5756,5
5757,1
5758,5
5759,5
5760,1
5761,5
5762,5
5763,5
5764,5
5765,5
5766,1
5767,5
5768,1
5769,5
5770,1
5771,1
5772,5
5773,5
5774,5
5775,1
5776,5
5777,1
5778,5
5779,1
5780,5
5781,1
5782,1
5783,5
5784,5
5785,5
5786,5
5787,5
5788,1
5789,5
5790,5
5791,1
5792,5
5793,1
5794,5
5795,5
5796,5
5797,5
5798,1
5799,1
5800,5
5801,5
5802,5
5803,5
5804,1
5805,1
5806,1
5807,1
5808,1
5809,5
5810,5
5811,1
5812,1
5813,5
5814,1
5815,1
5816,1
5817,5
5818,1
5819,5
5820,1
5821,5
5822,5
5823,5
5824,5
5825,1
5826,1
5827,1
5828,1
5829,5
5830,1
5831,1
5832,1
5833,5
5834,1
5835,5
5836,1
5837,5
5838,1
5839,1
5840,1
5841,5
5842,1
5843,5
5844,1
5845,5
5846,1
5847,1
5848,1
5849,1
5850,1
5851,1
5852,1
5853,5
5854,1
5855,5
5856,5
5857,1
5858,5
5859,5
5860,5
5861,5
5862,1
5863,1
5864,5
5865,5
5866,1
5867,5
5868,1
5869,5
5870,1
5871,1
5872,1
5873,1
5874,1
5875,1
5876,5
5877,1
5878,5
5879,1
5880,1
5881,5
5882,1
5883,5
5884,5
5885,5
5886,5
5887,5
5888,1
5889,5
5890,5
5891,5
5892,5
5893,1
5894,5
5895,1
5896,1
5897,1
5898,5
5899,1
5900,5
5901,5
5902,5
5903,1
5904,5
5905,1
5906,1
5907,5
5908,5
5909,5
5910,1
5911,1
5912,5
5913,5
5914,5
5915,1
5916,1
5917,5
5918,5
5919,1
5920,5
5921,5
5922,5
5923,5
5924,5
5925,5
5926,5
5927,5
5928,1
5929,5
5930,1
5931,1
5932,5
5933,5
5934,1
5935,5
5936,5
5937,1
5938,1
5939,5
5940,5
5941,1
5942,5
5943,5
5944,5
5945,1
5946,1
5947,1
5948,5
5949,1
5950,5
5951,1
5952,5
5953,5
5954,5
5955,1
5956,5
5957,5
5958,5
5959,5
5960,1
5961,5
5962,1
5963,1
5964,1
5965,1
5966,1
5967,5
5968,1
5969,5
5970,5
5971,5
5972,5
5973,1
5974,5
5975,5
5976,1
5977,1
5978,5
5979,1
5980,5
5981,1
5982,5
5983,1
5984,5
5985,1
5986,5
5987,5
5988,5
5989,5
5990,5
5991,5
5992,5
5993,5
5994,1
5995,1
5996,1
5997,5
5998,1
5999,1
6000,1
6001,5
6002,5
6003,1
6004,5
6005,1
6006,1
6007,1
6008,5
6009,5
6010,1
6011,1
6012,5
6013,5
6014,1
6015,5
6016,5
6017,5
6018,5
6019,1
6020,5
6021,5
6022,5
6023,5
6024,5
6025,5
6026,5
6027,5
6028,5
6029,5
6030,5
6031,1
6032,1
6033,1
6034,5
6035,5
6036,5
6037,1
6038,1
6039,1
6040,5
6041,1
6042,5
6043,5
6044,1
6045,1
6046,1
6047,5
6048,5
6049,5
6050,5
6051,5
6052,1
6053,5
6054,5
6055,5
6056,1
6057,5
6058,5
6059,5
6060,1
6061,1
6062,1
6063,1
6064,1
6065,5
6066,5
6067,1
6068,1
6069,1
6070,1
6071,1
6072,5
6073,1
6074,5
6075,1
6076,1
6077,1
6078,1
6079,1
6080,1
6081,1
6082,1
6083,1
6084,1
6085,1
6086,1
6087,1
6088,1
6089,1
6090,5
6091,1
6092,1
6093,5
6094,5
6095,5
6096,5
6097,1
6098,5
6099,5
6100,5
6101,1
6102,5
6103,5
6104,1
6105,5
6106,1
6107,1
6108,5
6109,1
6110,1
6111,1
6112,5
6113,5
6114,5
6115,5
6116,5
6117,1
6118,1
6119,1
6120,1
6121,5
6122,5
6123,1
6124,5
6125,1
6126,1
6127,1
6128,1
6129,1
6130,1
6131,1
6132,1
6133,1
6134,1
6135,1
6136,5
6137,5
6138,5
6139,1
6140,5
6141,1
6142,5
6143,5
6144,1
6145,5
6146,1
6147,5
6148,1
6149,1
6150,5
6151,1
6152,1
6153,5
6154,5
6155,5
6156,5
6157,5
6158,1
6159,5
6160,5
6161,1
6162,5
6163,1
6164,5
6165,1
6166,1
6167,1
6168,1
6169,1
6170,5
6171,5
6172,5
6173,5
6174,1
6175,1
6176,1
6177,5
6178,5
6179,5
6180,5
6181,1
6182,1
6183,1
6184,5
6185,5
6186,1
6187,5
6188,5
6189,5
6190,5
6191,1
6192,1
6193,5
6194,1
6195,1
6196,1
6197,5
6198,1
6199,5
6200,1
6201,5
6202,5
6203,1
6204,1
6205,1
6206,1
6207,1
6208,1
6209,1
6210,1
6211,1
6212,1
6213,5
6214,5
6215,1
6216,5
6217,1
6218,5
6219,1
6220,1
6221,1
6222,1
6223,1
6224,5
6225,5
6226,5
6227,1
6228,1
6229,1
6230,1
6231,5
6232,1
6233,5
6234,5
6235,1
6236,1
6237,5
6238,1
6239,5
6240,1
6241,1
6242,5
6243,1
6244,5
6245,5
6246,5
6247,5
6248,5
6249,5
6250,5
6251,5
6252,5
6253,1
6254,5
6255,1
6256,5
6257,5
6258,1
6259,1
6260,1
6261,1
6262,5
6263,5
6264,1
6265,5
6266,5
6267,1
6268,1
6269,5
6270,5
6271,1
6272,1
6273,1
6274,1
6275,5
6276,1
6277,5
6278,1
6279,1
6280,1
6281,5
6282,5
6283,5
6284,1
6285,1
6286,5
6287,5
6288,1
6289,5
6290,5
6291,1
6292,1
6293,1
6294,5
6295,1
6296,1
6297,1
6298,1
6299,5
6300,1
6301,1
6302,1
6303,1
6304,1
6305,5
6306,1
6307,5
6308,1
6309,1
6310,1
6311,1
6312,5
6313,5
6314,5
6315,1
6316,5
6317,5
6318,1
6319,5
6320,5
6321,1
6322,1
6323,5
6324,5
6325,5
6326,1
6327,5
6328,1
6329,5
6330,1
6331,1
6332,1
6333,5
6334,1
6335,1
6336,5
6337,5
6338,1
6339,1
6340,1
6341,5
6342,5
6343,5
6344,5
6345,5
6346,1
6347,1
6348,1
6349,5
6350,5
6351,1
6352,1
6353,1
6354,1
6355,5
6356,5
6357,1
6358,5
6359,1
6360,5
6361,1
6362,5
6363,5
6364,5
6365,5
6366,5
6367,5
6368,5
6369,1
6370,5
6371,1
6372,5
6373,1
6374,5
6375,5
6376,5
6377,1
6378,5
6379,5
6380,1
6381,5
6382,5
6383,5
6384,5
6385,5
6386,5
6387,5
6388,5
6389,5
6390,1
6391,5
6392,5
6393,5
6394,5
6395,5
6396,1
6397,5
6398,5
6399,5
6400,5
6401,1
6402,5
6403,1
6404,1
6405,5
6406,5
6407,5
6408,5
6409,1
6410,5
6411,5
6412,1
6413,5
6414,1
6415,5
6416,1
6417,5
6418,5
6419,5
6420,5
6421,1
6422,1
6423,5
6424,1
6425,1
6426,1
6427,5
6428,1
6429,1
6430,1
6431,1
6432,5
6433,5
6434,5
6435,5
6436,5
6437,5
6438,5
6439,1
6440,1
6441,5
6442,1
6443,5
6444,5
6445,1
6446,5
6447,1
6448,5
6449,5
6450,1
6451,1
6452,1
6453,1
6454,5
6455,5
6456,1
6457,5
6458,5
6459,1
6460,1
6461,5
6462,5
6463,1
6464,5
6465,5
6466,5
6467,5
6468,5
6469,1
6470,1
6471,1
6472,1
6473,5
6474,1
6475,1
6476,5
6477,1
6478,1
6479,5
6480,1
6481,1
6482,1
6483,1
6484,5
6485,5
6486,5
6487,5
6488,1
6489,1
6490,5
6491,1
6492,1
6493,1
6494,1
6495,5
6496,1
6497,1
6498,1
6499,5
6500,1
6501,5
6502,5
6503,5
6504,5
6505,5
6506,1
6507,1
6508,1
6509,5
6510,1
6511,1
6512,1
6513,1
6514,1
6515,1
6516,1
6517,5
6518,5
6519,5
6520,1
6521,1
6522,1
6523,1
6524,1
6525,5
6526,5
6527,1
6528,1
6529,5
6530,1
6531,5
6532,5
6533,1
6534,1
6535,5
6536,1
6537,5
6538,1
6539,1
6540,5
6541,5
6542,5
6543,5
6544,1
6545,1
6546,1
6547,5
6548,1
6549,1
6550,5
6551,5
6552,1
6553,5
6554,1
6555,5
6556,1
6557,5
6558,1
6559,5
6560,5
6561,1
6562,1
6563,1
6564,5
6565,1
6566,5
6567,1
6568,5
6569,5
6570,5
6571,1
6572,5
6573,5
6574,5
6575,1
6576,1
6577,5
6578,5
6579,1
6580,5
6581,5
6582,1
6583,1
6584,1
6585,5
6586,5
6587,5
6588,1
6589,5
6590,5
6591,5
6592,5
6593,1
6594,5
6595,1
6596,5
6597,5
6598,1
6599,5
6600,5
6601,1
6602,5
6603,1
6604,5
6605,1
6606,1
6607,1
6608,1
6609,1
6610,1
6611,1
6612,1
6613,5
6614,5
6615,5
6616,1
6617,5
6618,5
6619,1
6620,1
6621,1
6622,5
6623,1
6624,5
6625,1
6626,5
6627,1
6628,5
6629,1
6630,1
6631,1
6632,5
6633,5
6634,1
6635,1
6636,1
6637,1
6638,5
6639,5
6640,1
6641,1
6642,1
6643,5
6644,1
6645,1
6646,1
6647,1
6648,1
6649,5
6650,1
6651,1
6652,1
6653,1
6654,1
6655,1
6656,1
6657,1
6658,1
6659,5
6660,1
6661,1
6662,1
6663,5
6664,5
6665,1
6666,1
6667,5
6668,5
6669,1
6670,1
6671,1
6672,1
6673,5
6674,5
6675,5
6676,5
6677,1
6678,1
6679,5
6680,1
6681,1
6682,1
6683,5
6684,1
6685,1
6686,5
6687,5
6688,1
6689,1
6690,5
6691,1
6692,5
6693,1
6694,5
6695,5
6696,5
6697,5
6698,5
6699,5
6700,5
6701,5
6702,5
6703,5
6704,1
6705,1
6706,5
6707,5
6708,1
6709,5
6710,5
6711,1
6712,5
6713,1
6714,5
6715,1
6716,5
6717,5
6718,1
6719,1
6720,5
6721,1
6722,1
6723,1
6724,1
6725,1
6726,1
6727,5
6728,5
6729,5
6730,1
6731,1
6732,1
6733,1
6734,1
6735,1
6736,1
6737,5
6738,5
6739,5
6740,5
6741,1
6742,5
6743,1
6744,1
6745,5
6746,1
6747,5
6748,1
6749,5
6750,1
6751,1
6752,5
6753,5
6754,1
6755,1
6756,1
6757,1
6758,5
6759,1
6760,5
6761,1
6762,1
6763,1
6764,1
6765,1
6766,5
6767,5
6768,1
6769,5
6770,5
6771,5
6772,5
6773,1
6774,1
6775,5
6776,5
6777,5
6778,5
6779,5
6780,1
6781,5
6782,5
6783,1
6784,5
6785,1
6786,5
6787,1
6788,5
6789,1
6790,1
6791,1
6792,1
6793,1
6794,1
6795,5
6796,5
6797,1
6798,5
6799,5
6800,5
6801,1
6802,5
6803,1
6804,5
6805,5
6806,1
6807,1
6808,1
6809,5
6810,5
6811,1
6812,1
6813,5
6814,1
6815,5
6816,5
6817,5
6818,5
6819,5
6820,1
6821,1
6822,5
6823,5
6824,5
6825,1
6826,1
6827,5
6828,1
6829,1
6830,5
6831,1
6832,1
6833,1
6834,1
6835,5
6836,5
6837,1
6838,1
6839,5
6840,1
6841,1
6842,5
6843,5
6844,5
6845,1
6846,1
6847,5
6848,1
6849,1
6850,1
6851,1
6852,5
6853,5
6854,5
6855,1
6856,5
6857,1
6858,5
6859,1
6860,1
6861,1
6862,1
6863,5
6864,5
6865,5
6866,1
6867,5
6868,1
6869,1
6870,5
6871,5
6872,1
6873,5
6874,5
6875,5
6876,1
6877,5
6878,5
6879,1
6880,5
6881,1
6882,5
6883,1
6884,1
6885,5
6886,1
6887,1
6888,1
6889,5
6890,5
6891,1
6892,5
6893,1
6894,1
6895,1
6896,1
6897,5
6898,5
6899,5
6900,5
6901,1
6902,1
6903,5
6904,5
6905,5
6906,1
6907,1
6908,5
6909,5
6910,1
6911,1
6912,5
6913,5
6914,1
6915,5
6916,5
6917,5
6918,1
6919,1
6920,5
6921,5
6922,5
6923,5
6924,5
6925,5
6926,5
6927,1
6928,5
6929,5
6930,1
6931,1
6932,1
6933,1
6934,5
6935,5
6936,5
6937,5
6938,1
6939,1
6940,1
6941,5
6942,5
6943,5
6944,1
6945,1
6946,1
6947,1
6948,1
6949,5
6950,1
6951,5
6952,5
6953,5
6954,5
6955,5
6956,1
6957,5
6958,1
6959,1
6960,5
6961,1
6962,5
6963,1
6964,1
6965,5
6966,5
6967,5
6968,5
6969,5
6970,1
6971,1
6972,1
6973,1
6974,5
6975,1
6976,1
6977,1
6978,1
6979,5
6980,5
6981,5
6982,1
6983,1
6984,5
6985,5
6986,5
6987,5
6988,5
6989,5
6990,5
6991,1
6992,1
6993,5
6994,1
6995,5
6996,5
6997,5
6998,5
6999,5
7000,1
7001,5
7002,5
7003,5
7004,5
7005,1
7006,5
7007,1
7008,1
7009,1
7010,5
7011,1
7012,1
7013,1
7014,5
7015,1
7016,1
7017,5
7018,5
7019,5
7020,1
7021,1
7022,1
7023,5
7024,5
7025,5
7026,1
7027,1
7028,5
7029,1
7030,1
7031,5
7032,5
7033,1
7034,1
7035,5
7036,1
7037,5
7038,5
7039,5
7040,5
7041,5
7042,5
7043,1
7044,5
7045,1
7046,1
7047,5
7048,1
7049,1
7050,1
7051,5
7052,1
7053,1
7054,5
7055,5
7056,5
7057,5
7058,1
7059,5
7060,5
7061,1
7062,1
7063,5
7064,1
7065,5
7066,5
7067,1
7068,5
7069,1
7070,5
7071,1
7072,1
7073,1
7074,5
7075,1
7076,1
7077,5
7078,1
7079,1
7080,1
7081,1
7082,5
7083,1
7084,5
7085,1
7086,1
7087,5
7088,1
7089,5
7090,1
7091,5
7092,1
7093,1
7094,5
7095,5
7096,1
7097,1
7098,1
7099,1
7100,1
7101,1
7102,5
7103,1
7104,5
7105,5
7106,5
7107,1
7108,1
7109,5
7110,5
7111,1
7112,1
7113,1
7114,5
7115,5
7116,5
7117,1
7118,5
7119,5
7120,1
7121,5
7122,5
7123,5
7124,5
7125,5
7126,1
7127,5
7128,5
7129,1
7130,5
7131,1
7132,5
7133,5
7134,5
7135,1
7136,1
7137,1
7138,1
7139,5
7140,5
7141,5
7142,1
7143,5
7144,1
7145,5
7146,5
7147,1
7148,1
7149,1
7150,1
7151,1
7152,1
7153,1
7154,1
7155,1
7156,1
7157,1
7158,1
7159,5
7160,5
7161,1
7162,5
7163,1
7164,1
7165,1
7166,5
7167,1
7168,5
7169,1
7170,1
7171,5
7172,5
7173,1
7174,1
7175,1
7176,5
7177,1
7178,1
7179,5
7180,5
7181,1
7182,1
7183,5
7184,1
7185,5
7186,1
7187,1
7188,5
7189,5
7190,5
7191,1
7192,5
7193,5
7194,5
7195,1
7196,1
7197,1
7198,5
7199,1
7200,5
7201,5
7202,5
7203,5
7204,5
7205,5
7206,1
7207,1
7208,1
7209,5
7210,5
7211,1
7212,5
7213,1
7214,1
7215,1
7216,1
7217,5
7218,5
7219,5
7220,5
7221,5
7222,5
7223,1
7224,5
7225,1
7226,1
7227,1
7228,5
7229,1
7230,1
7231,5
7232,1
7233,1
7234,1
7235,5
7236,5
7237,1
7238,5
7239,5
7240,1
7241,1
7242,5
7243,5
7244,5
7245,1
7246,1
7247,1
7248,5
7249,1
7250,1
7251,1
7252,1
7253,5
7254,1
7255,5
7256,1
7257,1
7258,1
7259,5
7260,1
7261,5
7262,1
7263,1
7264,1
7265,1
7266,1
7267,1
7268,1
7269,1
7270,5
7271,1
7272,5
7273,5
7274,5
7275,5
7276,5
7277,1
7278,1
7279,5
7280,1
7281,1
7282,5
7283,1
7284,1
7285,5
7286,1
7287,5
7288,5
7289,1
7290,5
7291,1
7292,5
7293,5
7294,1
7295,1
7296,5
7297,1
7298,5
7299,1
7300,5
7301,1
7302,5
7303,1
7304,5
7305,1
7306,1
7307,1
7308,1
7309,5
7310,1
7311,5
7312,1
7313,1
7314,1
7315,1
7316,1
7317,5
7318,5
7319,5
7320,1
7321,1
7322,5
7323,1
7324,5
7325,1
7326,1
7327,5
7328,1
7329,1
7330,1
7331,1
7332,1
7333,1
7334,1
7335,1
7336,5
7337,1
7338,5
7339,5
7340,1
7341,5
7342,5
7343,5
7344,1
7345,1
7346,1
7347,5
7348,5
7349,1
7350,5
7351,1
7352,1
7353,5
7354,5
7355,5
7356,5
7357,5
7358,5
7359,1
7360,1
7361,1
7362,1
7363,5
7364,5
7365,1
7366,5
7367,5
7368,1
7369,5
7370,5
7371,5
7372,5
7373,5
7374,5
7375,1
7376,1
7377,5
7378,5
7379,5
7380,5
7381,5
7382,1
7383,5
7384,1
7385,1
7386,1
7387,1
7388,5
7389,1
7390,1
7391,1
7392,1
7393,5
7394,5
7395,1
7396,1
7397,1
7398,1
7399,1
7400,5
7401,5
7402,5
7403,1
7404,5
7405,5
7406,5
7407,5
7408,1
7409,1
7410,1
7411,5
7412,1
7413,1
7414,5
7415,1
7416,5
7417,1
7418,5
7419,5
7420,5
7421,5
7422,5
7423,5
7424,5
7425,5
7426,1
7427,5
7428,5
7429,5
7430,1
7431,1
7432,5
7433,1
7434,5
7435,5
7436,5
7437,5
7438,1
7439,5
7440,5
7441,5
7442,5
7443,1
7444,5
7445,5
7446,1
7447,5
7448,5
7449,5
7450,1
7451,1
7452,1
7453,5
7454,5
7455,5
7456,1
7457,1
7458,1
7459,1
7460,5
7461,1
7462,5
7463,5
7464,5
7465,5
7466,5
7467,5
7468,5
7469,5
7470,5
7471,5
7472,1
7473,1
7474,1
7475,5
7476,5
7477,5
7478,5
7479,5
7480,5
7481,1
7482,5
7483,5
7484,1
7485,1
7486,5
7487,5
7488,5
7489,5
7490,5
7491,5
7492,5
7493,5
7494,5
7495,5
7496,1
7497,5
7498,5
7499,1
7500,1
7501,1
7502,1
7503,1
7504,1
7505,5
7506,5
7507,1
7508,5
7509,1
7510,1
7511,1
7512,5
7513,5
7514,1
7515,1
7516,5
7517,1
7518,5
7519,5
7520,5
7521,1
7522,5
7523,5
7524,5
7525,1
7526,1
7527,1
7528,1
7529,1
7530,5
7531,5
7532,5
7533,1
7534,5
7535,5
7536,1
7537,5
7538,5
7539,5
7540,5
7541,5
7542,1
7543,1
7544,1
7545,5
7546,1
7547,1
7548,5
7549,5
7550,5
7551,5
7552,1
7553,1
7554,5
7555,5
7556,1
7557,1
7558,1
7559,1
7560,1
7561,5
7562,1
7563,1
7564,1
7565,5
7566,1
7567,1
7568,5
7569,5
7570,1
7571,1
7572,5
7573,1
7574,1
7575,1
7576,5
7577,5
7578,5
7579,1
7580,1
7581,5
7582,5
7583,5
7584,1
7585,5
7586,5
7587,5
7588,1
7589,1
7590,1
7591,1
7592,1
7593,1
7594,5
7595,5
7596,1
7597,1
7598,5
7599,1
7600,1
7601,1
7602,1
7603,1
7604,1
7605,5
7606,1
7607,5
7608,5
7609,1
7610,5
7611,1
7612,1
7613,5
7614,1
7615,5
7616,5
7617,1
7618,1
7619,5
7620,1
7621,1
7622,1
7623,1
7624,5
7625,5
7626,1
7627,1
7628,1
7629,1
7630,1
7631,5
7632,5
7633,5
7634,5
7635,5
7636,5
7637,1
7638,1
7639,1
7640,5
7641,1
7642,1
7643,1
7644,1
7645,5
7646,5
7647,5
7648,5
7649,1
7650,1
7651,1
7652,5
7653,5
7654,5
7655,1
7656,1
7657,1
7658,5
7659,5
7660,1
7661,1
7662,1
7663,1
7664,5
7665,5
7666,1
7667,1
7668,5
7669,1
7670,5
7671,5
7672,1
7673,5
7674,5
7675,5
7676,1
7677,5
7678,1
7679,5
7680,5
7681,5
7682,1
7683,1
7684,1
7685,5
7686,1
7687,5
7688,1
7689,1
7690,1
7691,1
7692,1
7693,1
7694,1
7695,1
7696,1
7697,1
7698,1
7699,1
7700,1
7701,1
7702,1
7703,5
7704,1
7705,5
7706,5
7707,5
7708,1
7709,1
7710,1
7711,1
7712,1
7713,5
7714,1
7715,1
7716,1
7717,1
7718,5
7719,1
7720,5
7721,5
7722,5
7723,5
7724,5
7725,1
7726,1
7727,1
7728,1
7729,1
7730,1
7731,1
7732,1
7733,5
7734,1
7735,5
7736,5
7737,5
7738,5
7739,1
7740,5
7741,5
7742,5
7743,1
7744,5
7745,5
7746,5
7747,5
7748,1
7749,5
7750,1
7751,1
7752,1
7753,5
7754,5
7755,1
7756,5
7757,5
7758,1
7759,5
7760,5
7761,1
7762,5
7763,1
7764,1
7765,1
7766,1
7767,1
7768,1
7769,1
7770,5
7771,5
7772,1
7773,1
7774,5
7775,1
7776,1
7777,5
7778,5
7779,5
7780,5
7781,5
7782,5
7783,1
7784,5
7785,5
7786,5
7787,5
7788,5
7789,5
7790,5
7791,5
7792,1
7793,5
7794,1
7795,5
7796,5
7797,1
7798,1
7799,5
7800,1
7801,5
7802,5
7803,5
7804,5
7805,5
7806,5
7807,5
7808,5
7809,1
7810,1
7811,5
7812,1
7813,1
7814,5
7815,5
7816,5
7817,5
7818,1
7819,1
7820,5
7821,5
7822,1
7823,5
7824,5
7825,1
7826,1
7827,5
7828,1
7829,1
7830,5
7831,5
7832,1
7833,5
7834,5
7835,1
7836,1
7837,5
7838,1
7839,1
7840,1
7841,5
7842,1
7843,1
7844,1
7845,1
7846,1
7847,5
7848,5
7849,1
7850,5
7851,1
7852,1
7853,5
7854,5
7855,1
7856,1
7857,5
7858,5
7859,5
7860,1
7861,5
7862,1
7863,5
7864,1
7865,5
7866,5
7867,5
7868,1
7869,1
7870,5
7871,1
7872,5
7873,1
7874,1
7875,1
7876,1
7877,1
7878,1
7879,1
7880,5
7881,5
7882,1
7883,1
7884,1
7885,1
7886,1
7887,1
7888,1
7889,1
7890,1
7891,5
7892,5
7893,5
7894,1
7895,5
7896,5
7897,5
7898,5
7899,5
7900,1
7901,1
7902,5
7903,5
7904,1
7905,1
7906,5
7907,5
7908,5
7909,5
7910,1
7911,5
7912,5
7913,1
7914,1
7915,5
7916,1
7917,5
7918,5
7919,1
7920,1
7921,1
7922,1
7923,1
7924,1
7925,1
7926,1
7927,1
7928,1
7929,1
7930,1
7931,1
7932,5
7933,5
7934,1
7935,5
7936,5
7937,5
7938,5
7939,1
7940,1
7941,5
7942,5
7943,5
7944,1
7945,5
7946,1
7947,1
7948,1
7949,5
7950,1
7951,1
7952,1
7953,1
7954,1
7955,5
7956,5
7957,1
7958,1
7959,1
7960,1
7961,5
7962,1
7963,5
7964,5
7965,5
7966,5
7967,5
7968,1
7969,5
7970,1
7971,1
7972,5
7973,1
7974,5
7975,1
7976,5
7977,5
7978,5
7979,5
7980,1
7981,5
7982,1
7983,5
7984,1
7985,1
7986,1
7987,1
7988,5
7989,1
7990,5
7991,5
7992,5
7993,1
7994,5
7995,5
7996,5
7997,5
7998,5
7999,5
8000,1
8001,1
8002,5
8003,1
8004,1
8005,5
8006,5
8007,5
8008,5
8009,1
8010,5
8011,5
8012,5
8013,5
8014,5
8015,5
8016,5
8017,5
8018,5
8019,1
8020,1
8021,5
8022,5
8023,5
8024,1
8025,1
8026,1
8027,5
8028,1
8029,5
8030,1
8031,1
8032,5
8033,1
8034,1
8035,5
8036,1
8037,5
8038,5
8039,1
8040,1
8041,1
8042,1
8043,1
8044,5
8045,5
8046,1
8047,1
8048,1
8049,1
8050,5
8051,5
8052,5
8053,1
8054,1
8055,5
8056,5
8057,1
8058,5
8059,5
8060,5
8061,1
8062,1
8063,5
8064,1
8065,1
8066,1
8067,5
8068,5
8069,5
8070,1
8071,1
8072,1
8073,1
8074,5
8075,5
8076,5
8077,5
8078,5
8079,5
8080,5
8081,5
8082,1
8083,5
8084,1
8085,1
8086,5
8087,1
8088,5
8089,5
8090,1
8091,5
8092,1
8093,5
8094,1
8095,5
8096,5
8097,1
8098,1
8099,5
8100,5
8101,5
8102,5
8103,5
8104,5
8105,5
8106,5
8107,5
8108,1
8109,1
8110,5
8111,5
8112,5
8113,5
8114,5
8115,1
8116,1
8117,5
8118,5
8119,5
8120,1
8121,5
8122,5
8123,5
8124,5
8125,1
8126,5
8127,1
8128,1
8129,5
8130,5
8131,5
8132,5
8133,5
8134,1
8135,5
8136,1
8137,1
8138,5
8139,5
8140,1
8141,1
8142,1
8143,1
8144,5
8145,1
8146,1
8147,5
8148,5
8149,5
8150,5
8151,5
8152,5
8153,5
8154,1
8155,5
8156,5
8157,1
8158,5
8159,5
8160,5
8161,5
8162,1
8163,1
8164,1
8165,1
8166,1
8167,5
8168,5
8169,5
8170,5
8171,1
8172,5
8173,1
8174,5
8175,5
8176,1
8177,1
8178,5
8179,5
8180,1
8181,1
8182,1
8183,5
8184,1
8185,1
8186,5
8187,1
8188,5
8189,5
8190,5
8191,5
8192,5
8193,5
8194,5
8195,5
8196,1
8197,1
8198,5
8199,5
8200,5
8201,5
8202,1
8203,5
8204,5
8205,5
8206,5
8207,5
8208,1
8209,5
8210,1
8211,1
8212,5
8213,5
8214,1
8215,1
8216,1
8217,1
8218,5
8219,5
8220,5
8221,1
8222,5
8223,5
8224,1
8225,1
8226,5
8227,1
8228,5
8229,1
8230,1
8231,5
8232,5
8233,1
8234,1
8235,1
8236,5
8237,5
8238,5
8239,5
8240,5
8241,5
8242,5
8243,5
8244,5
8245,5
8246,5
8247,5
8248,1
8249,5
8250,1
8251,5
8252,5
8253,1
8254,1
8255,1
8256,5
8257,5
8258,5
8259,5
8260,5
8261,5
8262,1
8263,5
8264,1
8265,5
8266,5
8267,1
8268,5
8269,5
8270,5
8271,1
8272,5
8273,5
8274,5
8275,1
8276,5
8277,5
8278,5
8279,1
8280,5
8281,1
8282,1
8283,5
8284,5
8285,1
8286,5
8287,1
8288,1
8289,5
8290,5
8291,1
8292,1
8293,5
8294,5
8295,1
8296,5
8297,1
8298,1
8299,1
8300,1
8301,1
8302,1
8303,1
8304,5
8305,5
8306,1
8307,1
8308,1
8309,1
8310,1
8311,5
8312,1
8313,1
8314,1
8315,1
8316,5
8317,5
8318,1
8319,1
8320,1
8321,1
8322,1
8323,1
8324,5
8325,5
8326,5
8327,5
8328,1
8329,5
8330,5
8331,5
8332,5
8333,1
8334,5
8335,5
8336,5
8337,1
8338,1
8339,1
8340,1
8341,5
8342,1
8343,1
8344,1
8345,5
8346,5
8347,1
8348,1
8349,5
8350,5
8351,5
8352,5
8353,5
8354,1
8355,5
8356,1
8357,1
8358,1
8359,5
8360,5
8361,5
8362,1
8363,1
8364,1
8365,5
8366,1
8367,1
8368,1
8369,5
8370,1
8371,1
8372,5
8373,5
8374,5
8375,5
8376,5
8377,5
8378,5
8379,1
8380,5
8381,1
8382,5
8383,5
8384,5
8385,5
8386,5
8387,5
8388,1
8389,5
8390,1
8391,5
8392,1
8393,5
8394,1
8395,1
8396,1
8397,1
8398,5
8399,1
8400,5
8401,5
8402,5
8403,1
8404,1
8405,1
8406,5
8407,1
8408,1
8409,5
8410,5
8411,5
8412,1
8413,5
8414,5
8415,5
8416,5
8417,1
8418,5
8419,1
8420,1
8421,1
8422,1
8423,1
8424,1
8425,5
8426,1
8427,1
8428,1
8429,5
8430,5
8431,1
8432,5
8433,5
8434,1
8435,5
8436,1
8437,1
8438,5
8439,5
8440,5
8441,5
8442,1
8443,1
8444,1
8445,5
8446,1
8447,1
8448,1
8449,5
8450,5
8451,5
8452,5
8453,5
8454,5
8455,1
8456,5
8457,1
8458,1
8459,5
8460,5
8461,5
8462,5
8463,5
8464,5
8465,5
8466,5
8467,5
8468,1
8469,5
8470,5
8471,1
8472,5
8473,5
8474,1
8475,1
8476,1
8477,1
8478,5
8479,1
8480,1
8481,5
8482,5
8483,5
8484,5
8485,1
8486,5
8487,1
8488,5
8489,1
8490,5
8491,5
8492,5
8493,5
8494,5
8495,5
8496,5
8497,5
8498,5
8499,1
8500,1
8501,5
8502,1
8503,1
8504,5
8505,5
8506,5
8507,5
8508,1
8509,1
8510,1
8511,1
8512,1
8513,1
8514,5
8515,1
8516,5
8517,1
8518,5
8519,1
8520,1
8521,1
8522,5
8523,5
8524,5
8525,5
8526,1
8527,5
8528,5
8529,1
8530,5
8531,1
8532,5
8533,5
8534,5
8535,5
8536,1
8537,1
8538,1
8539,1
8540,1
8541,5
8542,5
8543,1
8544,5
8545,5
8546,1
8547,5
8548,5
8549,1
8550,1
8551,1
8552,5
8553,5
8554,5
8555,1
8556,1
8557,1
8558,1
8559,5
8560,1
8561,5
8562,1
8563,1
8564,1
8565,1
8566,5
8567,1
8568,1
8569,1
8570,5
8571,1
8572,5
8573,5
8574,1
8575,5
8576,1
8577,1
8578,1
8579,1
8580,1
8581,5
8582,5
8583,1
8584,5
8585,5
8586,1
8587,1
8588,5
8589,5
8590,5
8591,1
8592,5
8593,5
8594,1
8595,5
8596,1
8597,1
8598,5
8599,1
8600,1
8601,1
8602,5
8603,1
8604,1
8605,1
8606,5
8607,1
8608,5
8609,5
8610,5
8611,5
8612,1
8613,1
8614,5
8615,5
8616,1
8617,1
8618,1
8619,1
8620,5
8621,1
8622,5
8623,1
8624,5
8625,5
8626,5
8627,5
8628,1
8629,5
8630,1
8631,5
8632,5
8633,5
8634,1
8635,1
8636,5
8637,1
8638,1
8639,1
8640,5
8641,1
8642,5
8643,5
8644,1
8645,1
8646,1
8647,1
8648,5
8649,5
8650,5
8651,5
8652,5
8653,5
8654,5
8655,1
8656,1
8657,5
8658,1
8659,1
8660,1
8661,5
8662,1
8663,1
8664,1
8665,1
8666,1
8667,5
8668,5
8669,1
8670,5
8671,1
8672,5
8673,5
8674,5
8675,5
8676,5
8677,1
8678,1
8679,5
8680,5
8681,1
8682,5
8683,1
8684,1
8685,5
8686,1
8687,1
8688,1
8689,1
8690,1
8691,5
8692,1
8693,1
8694,5
8695,1
8696,1
8697,1
8698,1
8699,1
8700,1
8701,1
8702,1
8703,1
8704,1
8705,1
8706,5
8707,5
8708,1
8709,1
8710,1
8711,1
8712,1
8713,1
8714,5
8715,1
8716,5
8717,5
8718,1
8719,5
8720,5
8721,1
8722,1
8723,1
8724,1
8725,5
8726,5
8727,5
8728,1
8729,1
8730,5
8731,5
8732,5
8733,5
8734,1
8735,5
8736,1
8737,1
8738,1
8739,5
8740,1
8741,1
8742,1
8743,5
8744,5
8745,1
8746,1
8747,1
8748,1
8749,5
8750,5
8751,1
8752,5
8753,5
8754,5
8755,5
8756,5
8757,5
8758,5
8759,1
8760,1
8761,1
8762,5
8763,1
8764,1
8765,1
8766,1
8767,1
8768,1
8769,5
8770,5
8771,1
8772,1
8773,1
8774,1
8775,1
8776,1
8777,1
8778,1
8779,1
8780,1
8781,1
8782,1
8783,1
8784,1
8785,1
8786,5
8787,5
8788,1
8789,1
8790,1
8791,5
8792,1
8793,1
8794,1
8795,5
8796,1
8797,5
8798,1
8799,1
8800,5
8801,5
8802,1
8803,1
8804,5
8805,5
8806,1
8807,1
8808,5
8809,1
8810,1
8811,1
8812,5
8813,5
8814,5
8815,5
8816,5
8817,5
8818,5
8819,5
8820,5
8821,1
8822,5
8823,1
8824,5
8825,5
8826,5
8827,1
8828,1
8829,5
8830,1
8831,1
8832,1
8833,5
8834,5
8835,5
8836,1
8837,5
8838,5
8839,5
8840,5
8841,1
8842,5
8843,5
8844,1
8845,1
8846,5
8847,5
8848,5
8849,1
8850,1
8851,1
8852,5
8853,5
8854,5
8855,1
8856,5
8857,5
8858,5
8859,5
8860,1
8861,1
8862,5
8863,1
8864,5
8865,1
8866,5
8867,5
8868,5
8869,5
8870,1
8871,5
8872,5
8873,1
8874,1
8875,1
8876,1
8877,5
8878,5
8879,5
8880,1
8881,1
8882,5
8883,1
8884,1
8885,1
8886,1
8887,1
8888,5
8889,1
8890,1
8891,5
8892,5
8893,5
8894,5
8895,5
8896,5
8897,5
8898,5
8899,1
8900,1
8901,5
8902,1
8903,5
8904,1
8905,1
8906,5
8907,1
8908,1
8909,5
8910,5
8911,5
8912,5
8913,1
8914,1
8915,5
8916,5
8917,5
8918,1
8919,1
8920,1
8921,5
8922,1
8923,5
8924,5
8925,5
8926,5
8927,5
8928,5
8929,5
8930,1
8931,1
8932,5
8933,5
8934,1
8935,5
8936,1
8937,1
8938,1
8939,5
8940,5
8941,5
8942,5
8943,5
8944,5
8945,5
8946,5
8947,5
8948,1
8949,1
8950,5
8951,5
8952,1
8953,1
8954,1
8955,1
8956,1
8957,5
8958,1
8959,1
8960,1
8961,5
8962,1
8963,5
8964,5
8965,5
8966,5
8967,5
8968,5
8969,5
8970,5
8971,5
8972,5
8973,5
8974,5
8975,1
8976,5
8977,1
8978,5
8979,5
8980,5
8981,5
8982,1
8983,5
8984,5
8985,5
8986,1
8987,5
8988,5
8989,5
8990,1
8991,1
8992,5
8993,5
8994,5
8995,5
8996,5
8997,5
8998,1
8999,5
9000,5
9001,1
9002,5
9003,1
9004,5
9005,5
9006,1
9007,5
9008,5
9009,5
9010,1
9011,5
9012,5
9013,5
9014,1
9015,1
9016,1
9017,5
9018,5
9019,1
9020,1
9021,5
9022,5
9023,5
9024,5
9025,5
9026,5
9027,5
9028,1
9029,5
9030,5
9031,1
9032,1
9033,5
9034,1
9035,1
9036,1
9037,1
9038,5
9039,5
9040,1
9041,5
9042,5
9043,5
9044,1
9045,5
9046,1
9047,1
9048,1
9049,5
9050,5
9051,5
9052,5
9053,5
9054,5
9055,5
9056,1
9057,5
9058,1
9059,5
9060,1
9061,1
9062,5
9063,1
9064,1
9065,1
9066,1
9067,1
9068,5
9069,5
9070,5
9071,5
9072,5
9073,5
9074,1
9075,5
9076,5
9077,1
9078,1
9079,5
9080,1
9081,1
9082,5
9083,1
9084,5
9085,1
9086,5
9087,1
9088,1
9089,5
9090,5
9091,5
9092,1
9093,1
9094,5
9095,5
9096,1
9097,5
9098,5
9099,1
9100,1
9101,1
9102,5
9103,5
9104,1
9105,5
9106,5
9107,1
9108,5
9109,1
9110,1
9111,1
9112,1
9113,5
9114,5
9115,1
9116,5
9117,1
9118,5
9119,1
9120,1
9121,5
9122,1
9123,1
9124,5
9125,5
9126,1
9127,1
9128,1
9129,1
9130,1
9131,1
9132,1
9133,5
9134,5
9135,1
9136,5
9137,1
9138,1
9139,1
9140,1
9141,5
9142,1
9143,5
9144,5
9145,1
9146,1
9147,5
9148,1
9149,1
9150,1
9151,5
9152,1
9153,5
9154,5
9155,5
9156,1
9157,1
9158,1
9159,5
9160,5
9161,5
9162,1
9163,1
9164,1
9165,5
9166,1
9167,5
9168,5
9169,5
9170,1
9171,5
9172,5
9173,1
9174,1
9175,1
9176,1
9177,1
9178,1
9179,5
9180,1
9181,1
9182,5
9183,1
9184,5
9185,1
9186,5
9187,1
9188,1
9189,5
9190,5
9191,1
9192,5
9193,5
9194,1
9195,1
9196,5
9197,1
9198,5
9199,5
9200,5
9201,1
9202,5
9203,5
9204,5
9205,5
9206,1
9207,5
9208,5
9209,1
9210,1
9211,1
9212,5
9213,1
9214,5
9215,5
9216,5
9217,5
9218,5
9219,5
9220,5
9221,1
9222,1
9223,1
9224,5
9225,1
9226,5
9227,5
9228,5
9229,1
9230,5
9231,5
9232,1
9233,5
9234,1
9235,5
9236,5
9237,5
9238,1
9239,1
9240,1
9241,5
9242,5
9243,5
9244,5
9245,5
9246,5
9247,1
9248,5
9249,5
9250,1
9251,5
9252,1
9253,5
9254,5
9255,1
9256,5
9257,1
9258,1
9259,5
9260,5
9261,5
9262,1
9263,5
9264,5
9265,5
9266,5
9267,5
9268,1
9269,1
9270,1
9271,1
9272,5
9273,1
9274,1
9275,1
9276,1
9277,1
9278,5
9279,5
9280,1
9281,5
9282,5
9283,1
9284,5
9285,5
9286,5
9287,5
9288,1
9289,1
9290,5
9291,5
9292,1
9293,5
9294,5
9295,1
9296,1
9297,5
9298,1
9299,5
9300,1
9301,5
9302,1
9303,5
9304,5
9305,1
9306,5
9307,5
9308,1
9309,5
9310,1
9311,5
9312,1
9313,1
9314,5
9315,1
9316,1
9317,1
9318,5
9319,5
9320,5
9321,5
9322,5
9323,1
9324,1
9325,5
9326,5
9327,5
9328,1
9329,1
9330,1
9331,1
9332,1
9333,1
9334,1
9335,1
9336,1
9337,5
9338,1
9339,1
9340,1
9341,1
9342,1
9343,1
9344,1
9345,1
9346,1
9347,1
9348,5
9349,1
9350,1
9351,1
9352,5
9353,5
9354,1
9355,5
9356,5
9357,5
9358,1
9359,5
9360,5
9361,1
9362,1
9363,5
9364,5
9365,1
9366,1
9367,5
9368,1
9369,1
9370,1
9371,1
9372,1
9373,1
9374,1
9375,1
9376,1
9377,5
9378,5
9379,5
9380,1
9381,5
9382,5
9383,1
9384,1
9385,1
9386,5
9387,5
9388,5
9389,5
9390,1
9391,1
9392,5
9393,1
9394,5
9395,5
9396,1
9397,5
9398,5
9399,5
9400,5
9401,1
9402,5
9403,1
9404,1
9405,5
9406,5
9407,1
9408,5
9409,5
9410,5
9411,1
9412,1
9413,1
9414,1
9415,1
9416,1
9417,1
9418,1
9419,5
9420,5
9421,1
9422,5
9423,1
9424,5
9425,5
9426,5
9427,5
9428,1
9429,5
9430,1
9431,1
9432,5
9433,5
9434,5
9435,1
9436,1
9437,5
9438,5
9439,1
9440,1
9441,5
9442,5
9443,5
9444,1
9445,1
9446,1
9447,1
9448,1
9449,1
9450,1
9451,5
9452,1
9453,1
9454,5
9455,1
9456,5
9457,5
9458,5
9459,5
9460,5
9461,5
9462,1
9463,5
9464,5
9465,5
9466,1
9467,5
9468,1
9469,1
9470,1
9471,1
9472,1
9473,1
9474,1
9475,1
9476,1
9477,5
9478,1
9479,1
9480,1
9481,1
9482,1
9483,5
9484,5
9485,5
9486,1
9487,1
9488,1
9489,1
9490,1
9491,1
9492,1
9493,1
9494,1
9495,5
9496,5
9497,5
9498,5
9499,5
9500,5
9501,5
9502,5
9503,5
9504,5
9505,5
9506,5
9507,5
9508,5
9509,1
9510,5
9511,1
9512,1
9513,5
9514,1
9515,1
9516,5
9517,5
9518,5
9519,5
9520,5
9521,5
9522,5
9523,5
9524,5
9525,5
9526,5
9527,5
9528,5
9529,1
9530,1
9531,1
9532,5
9533,5
9534,5
9535,5
9536,1
9537,5
9538,5
9539,5
9540,5
9541,5
9542,5
9543,1
9544,5
9545,5
9546,5
9547,5
9548,1
9549,5
9550,1
9551,1
9552,5
9553,5
9554,5
9555,5
9556,5
9557,5
9558,1
9559,1
9560,5
9561,5
9562,5
9563,5
9564,1
9565,5
9566,5
9567,1
9568,5
9569,1
9570,5
9571,1
9572,1
9573,5
9574,5
9575,5
9576,5
9577,5
9578,5
9579,5
9580,5
9581,5
9582,5
9583,5
9584,5
9585,1
9586,5
9587,5
9588,5
9589,5
9590,5
9591,1
9592,5
9593,5
9594,1
9595,5
9596,1
9597,1
9598,5
9599,1
9600,1
9601,1
9602,5
9603,5
9604,1
9605,1
9606,1
9607,5
9608,5
9609,1
9610,5
9611,5
9612,5
9613,1
9614,5
9615,5
9616,5
9617,1
9618,1
9619,5
9620,1
9621,5
9622,1
9623,5
9624,1
9625,5
9626,1
9627,1
9628,5
9629,5
9630,5
9631,1
9632,1
9633,5
9634,1
9635,1
9636,5
9637,5
9638,5
9639,5
9640,5
9641,5
9642,1
9643,1
9644,1
9645,1
9646,5
9647,5
9648,5
9649,1
9650,1
9651,5
9652,5
9653,5
9654,1
9655,1
9656,5
9657,1
9658,1
9659,5
9660,1
9661,5
9662,5
9663,5
9664,5
9665,1
9666,5
9667,5
9668,5
9669,5
9670,5
9671,1
9672,5
9673,5
9674,5
9675,1
9676,1
9677,5
9678,5
9679,5
9680,5
9681,5
9682,1
9683,1
9684,1
9685,5
9686,5
9687,1
9688,1
9689,5
9690,5
9691,5
9692,5
9693,5
9694,5
9695,1
9696,5
9697,5
9698,1
9699,1
9700,5
9701,1
9702,1
9703,5
9704,1
9705,5
9706,1
9707,5
9708,1
9709,1
9710,5
9711,1
9712,1
9713,1
9714,5
9715,1
9716,1
9717,5
9718,1
9719,1
9720,5
9721,1
9722,1
9723,5
9724,5
9725,1
9726,1
9727,1
9728,1
9729,5
9730,1
9731,5
9732,1
9733,1
9734,1
9735,1
9736,1
9737,5
9738,5
9739,1
9740,1
9741,1
9742,5
9743,1
9744,1
9745,5
9746,1
9747,1
9748,1
9749,5
9750,1
9751,1
9752,5
9753,1
9754,1
9755,5
9756,1
9757,5
9758,1
9759,5
9760,5
9761,1
9762,1
9763,1
9764,1
9765,5
9766,5
9767,1
9768,1
9769,5
9770,5
9771,1
9772,1
9773,5
9774,1
9775,5
9776,1
9777,1
9778,5
9779,5
9780,5
9781,1
9782,5
9783,5
9784,5
9785,1
9786,1
9787,1
9788,1
9789,5
9790,5
9791,1
9792,5
9793,5
9794,5
9795,5
9796,1
9797,5
9798,1
9799,5
9800,5
9801,1
9802,5
9803,5
9804,1
9805,1
9806,5
9807,5
9808,5
9809,5
9810,1
9811,5
9812,1
9813,5
9814,5
9815,1
9816,1
9817,5
9818,5
9819,1
9820,1
9821,1
9822,1
9823,1
9824,1
9825,1
9826,1
9827,5
9828,1
9829,1
9830,1
9831,5
9832,5
9833,1
9834,1
9835,1
9836,1
9837,5
9838,1
9839,5
9840,5
9841,1
9842,1
9843,5
9844,5
9845,1
9846,1
9847,1
9848,5
9849,1
9850,1
9851,5
9852,1
9853,5
9854,5
9855,5
9856,5
9857,5
9858,5
9859,5
9860,5
9861,5
9862,1
9863,1
9864,5
9865,1
9866,5
9867,5
9868,5
9869,5
9870,5
9871,5
9872,1
9873,5
9874,1
9875,1
9876,5
9877,5
9878,1
9879,5
9880,5
9881,5
9882,1
9883,5
9884,5
9885,5
9886,5
9887,5
9888,5
9889,1
9890,1
9891,1
9892,1
9893,1
9894,1
9895,1
9896,5
9897,1
9898,1
9899,1
9900,1
9901,5
9902,1
9903,1
9904,1
9905,5
9906,5
9907,5
9908,5
9909,1
9910,5
9911,1
9912,5
9913,5
9914,5
9915,5
9916,1
9917,5
9918,1
9919,5
9920,5
9921,5
9922,1
9923,5
9924,5
9925,5
9926,1
9927,5
9928,5
9929,5
9930,1
9931,1
9932,1
9933,1
9934,5
9935,1
9936,5
9937,5
9938,1
9939,5
9940,1
9941,1
9942,1
9943,1
9944,1
9945,5
9946,1
9947,1
9948,1
9949,5
9950,1
9951,5
9952,1
9953,5
9954,5
9955,5
9956,1
9957,5
9958,1
9959,1
9960,5
9961,5
9962,5
9963,5
9964,5
9965,1
9966,5
9967,5
9968,1
9969,5
9970,5
9971,1
9972,1
9973,1
9974,1
9975,5
9976,5
9977,1
9978,1
9979,5
9980,1
9981,1
9982,5
9983,1
9984,1
9985,1
9986,1
9987,5
9988,5
9989,1
9990,1
9991,5
9992,5
9993,1
9994,5
9995,5
9996,1
9997,5
9998,1
9999,5
10000,5
10001,5
10002,5
10003,1
10004,5
10005,1
10006,5
10007,1
10008,5
10009,5
10010,5
10011,1
10012,5
10013,5
10014,5
10015,1
10016,5
10017,1
10018,5
10019,5
10020,5
10021,5
10022,5
10023,5
10024,5
10025,1
10026,1
10027,5
10028,1
10029,5
10030,5
10031,1
10032,1
10033,1
10034,5
10035,5
10036,1
10037,5
10038,5
10039,5
10040,5
10041,5
10042,5
10043,5
10044,5
10045,1
10046,1
10047,5
10048,1
10049,5
10050,1
10051,1
10052,5
10053,1
10054,1
10055,5
10056,5
10057,5
10058,5
10059,5
10060,1
10061,1
10062,1
10063,5
10064,1
10065,5
10066,5
10067,1
10068,5
10069,1
10070,1
10071,1
10072,5
10073,5
10074,5
10075,1
10076,5
10077,1
10078,5
10079,5
10080,1
10081,1
10082,5
10083,1
10084,1
10085,1
10086,1
10087,5
10088,1
10089,1
10090,1
10091,1
10092,1
10093,1
10094,1
10095,5
10096,5
10097,1
10098,1
10099,1
10100,1
10101,1
10102,1
10103,1
10104,5
10105,1
10106,1
10107,1
10108,5
10109,1
10110,1
10111,1
10112,5
10113,5
10114,1
10115,1
10116,5
10117,5
10118,1
10119,5
10120,5
10121,1
10122,1
10123,5
10124,1
10125,5
10126,1
10127,5
10128,5
10129,1
10130,1
10131,5
10132,1
10133,5
10134,5
10135,5
10136,5
10137,5
10138,1
10139,5
10140,5
10141,5
10142,5
10143,5
10144,5
10145,1
10146,1
10147,5
10148,5
10149,5
10150,1
10151,1
10152,1
10153,1
10154,5
10155,1
10156,1
10157,5
10158,5
10159,1
10160,5
10161,5
10162,5
10163,1
10164,1
10165,5
10166,1
10167,5
10168,5
10169,1
10170,5
10171,1
10172,5
10173,5
10174,1
10175,5
10176,1
10177,1
10178,1
10179,5
10180,5
10181,5
10182,1
10183,1
10184,1
10185,1
10186,1
10187,1
10188,1
10189,5
10190,1
10191,5
10192,5
10193,1
10194,5
10195,5
10196,5
10197,1
10198,1
10199,5
10200,5
10201,5
10202,1
10203,1
10204,1
10205,1
10206,5
10207,1
10208,1
10209,1
10210,1
10211,1
10212,5
10213,5
10214,1
10215,1
10216,1
10217,1
10218,1
10219,1
10220,1
10221,1
10222,1
10223,1
10224,1
10225,1
10226,5
10227,1
10228,1
10229,5
10230,5
10231,5
10232,5
10233,1
10234,5
10235,5
10236,5
10237,1
10238,1
10239,1
10240,5
10241,5
10242,5
10243,1
10244,5
10245,1
10246,1
10247,5
10248,5
10249,5
10250,5
10251,1
10252,5
10253,5
10254,5
10255,1
10256,5
10257,5
10258,1
10259,5
10260,5
10261,5
10262,5
10263,5
10264,5
10265,5
10266,1
10267,5
10268,5
10269,1
10270,5
10271,5
10272,5
10273,1
10274,1
10275,1
10276,1
10277,1
10278,1
10279,5
10280,1
10281,1
10282,5
10283,1
10284,1
10285,5
10286,5
10287,5
10288,5
10289,5
10290,5
10291,5
10292,1
10293,5
10294,5
10295,5
10296,5
10297,5
10298,5
10299,5
10300,5
10301,1
10302,1
10303,1
10304,5
10305,5
10306,1
10307,1
10308,1
10309,5
10310,1
10311,5
10312,5
10313,1
10314,1
10315,1
10316,1
10317,5
10318,1
10319,5
10320,5
10321,5
10322,1
10323,1
10324,5
10325,5
10326,5
10327,5
10328,1
10329,1
10330,5
10331,5
10332,1
10333,1
10334,1
10335,5
10336,1
10337,5
10338,1
10339,5
10340,1
10341,5
10342,5
10343,1
10344,5
10345,1
10346,1
10347,5
10348,1
10349,1
10350,1
10351,1
10352,1
10353,5
10354,1
10355,1
10356,1
10357,5
10358,1
10359,1
10360,1
10361,5
10362,1
10363,1
10364,1
10365,1
10366,1
10367,1
10368,1
10369,5
10370,5
10371,5
10372,5
10373,5
10374,5
10375,1
10376,5
10377,5
10378,1
10379,5
10380,5
10381,1
10382,1
10383,1
10384,1
10385,1
10386,5
10387,5
10388,5
10389,5
10390,1
10391,1
10392,1
10393,5
10394,1
10395,5
10396,5
10397,5
10398,5
10399,5
10400,5
10401,5
10402,5
10403,1
10404,1
10405,1
10406,5
10407,5
10408,5
10409,5
10410,1
10411,5
10412,5
10413,1
10414,1
10415,5
10416,1
10417,5
10418,5
10419,5
10420,1
10421,1
10422,1
10423,1
10424,1
10425,1
10426,1
10427,1
10428,1
10429,1
10430,5
10431,5
10432,1
10433,5
10434,1
10435,1
10436,1
10437,5
10438,5
10439,1
10440,5
10441,5
10442,1
10443,1
10444,5
10445,5
10446,5
10447,1
10448,1
10449,5
10450,1
10451,5
10452,1
10453,1
10454,5
10455,5
10456,1
10457,1
10458,5
10459,1
10460,1
10461,1
10462,1
10463,5
10464,1
10465,1
10466,1
10467,1
10468,1
10469,1
10470,1
10471,1
10472,1
10473,1
10474,1
10475,1
10476,1
10477,1
10478,1
10479,5
10480,5
10481,1
10482,1
10483,1
10484,1
10485,1
10486,5
10487,1
10488,5
10489,5
10490,1
10491,5
10492,5
10493,1
10494,5
10495,5
10496,1
10497,5
10498,1
10499,1
10500,5
10501,1
10502,1
10503,1
10504,1
10505,5
10506,1
10507,5
10508,1
10509,5
10510,5
10511,5
10512,5
10513,1
10514,5
10515,5
10516,5
10517,5
10518,5
10519,1
10520,1
10521,5
10522,1
10523,1
10524,1
10525,5
10526,1
10527,1
10528,5
10529,5
10530,5
10531,5
10532,1
10533,1
10534,1
10535,5
10536,5
10537,1
10538,1
10539,1
10540,1
10541,5
10542,5
10543,5
10544,1
10545,1
10546,1
10547,1
10548,1
10549,1
10550,1
10551,5
10552,5
10553,1
10554,5
10555,5
10556,1
10557,5
10558,1
10559,1
10560,1
10561,1
10562,1
10563,5
10564,5
10565,1
10566,5
10567,5
10568,1
10569,1
10570,1
10571,5
10572,1
10573,1
10574,1
10575,5
10576,1
10577,1
10578,5
10579,5
10580,1
10581,1
10582,1
10583,5
10584,1
10585,1
10586,1
10587,5
10588,1
10589,1
10590,5
10591,1
10592,1
10593,1
10594,1
10595,1
10596,1
10597,5
10598,5
10599,5
10600,1
10601,1
10602,1
10603,1
10604,1
10605,5
10606,5
10607,1
10608,1
10609,5
10610,1
10611,1
10612,1
10613,5
10614,5
10615,1
10616,1
10617,1
10618,1
10619,1
10620,1
10621,1
10622,1
10623,1
10624,1
10625,1
10626,5
10627,5
10628,5
10629,1
10630,5
10631,5
10632,5
10633,5
10634,1
10635,5
10636,5
10637,5
10638,1
10639,1
10640,5
10641,1
10642,1
10643,1
10644,1
10645,1
10646,1
10647,5
10648,5
10649,5
10650,1
10651,1
10652,1
10653,1
10654,1
10655,5
10656,1
10657,5
10658,1
10659,5
10660,1
10661,5
10662,5
10663,5
10664,5
10665,5
10666,5
10667,1
10668,1
10669,1
10670,5
10671,5
10672,5
10673,5
10674,1
10675,1
10676,5
10677,1
10678,5
10679,5
10680,5
10681,1
10682,1
10683,1
10684,5
10685,5
10686,5
10687,5
10688,1
10689,5
10690,5
10691,5
10692,5
10693,5
10694,1
10695,1
10696,1
10697,5
10698,5
10699,1
10700,1
10701,1
10702,5
10703,1
10704,1
10705,1
10706,5
10707,1
10708,5
10709,1
10710,5
10711,5
10712,1
10713,1
10714,1
10715,1
10716,5
10717,5
10718,5
10719,5
10720,5
10721,1
10722,1
10723,5
10724,5
10725,5
10726,1
10727,1
10728,1
10729,1
10730,5
10731,1
10732,1
10733,5
10734,5
10735,1
10736,1
10737,5
10738,5
10739,1
10740,1
10741,5
10742,1
10743,5
10744,5
10745,5
10746,5
10747,1
10748,5
10749,1
10750,1
10751,5
10752,5
10753,5
10754,5
10755,5
10756,1
10757,1
10758,5
10759,5
10760,1
10761,5
10762,1
10763,1
10764,1
10765,1
10766,5
10767,1
10768,5
10769,5
10770,1
10771,1
10772,1
10773,5
10774,5
10775,1
10776,5
10777,1
10778,5
10779,5
10780,1
10781,1
10782,1
10783,1
10784,5
10785,5
10786,1
10787,5
10788,5
10789,1
10790,1
10791,1
10792,1
10793,5
10794,5
10795,1
10796,1
10797,1
10798,1
10799,1
10800,5
10801,1
10802,1
10803,1
10804,5
10805,5
10806,5
10807,5
10808,5
10809,1
10810,5
10811,1
10812,5
10813,5
10814,5
10815,1
10816,1
10817,1
10818,5
10819,5
10820,5
10821,5
10822,1
10823,1
10824,1
10825,5
10826,5
10827,5
10828,5
10829,5
10830,1
10831,5
10832,5
10833,5
10834,5
10835,1
10836,5
10837,5
10838,5
10839,5
10840,5
10841,1
10842,5
10843,1
10844,1
10845,5
10846,1
10847,1
10848,1
10849,1
10850,5
10851,1
10852,5
10853,5
10854,1
10855,5
10856,5
10857,5
10858,5
10859,5
10860,1
10861,5
10862,1
10863,5
10864,5
10865,5
10866,1
10867,1
10868,5
10869,5
10870,5
10871,1
10872,1
10873,1
10874,1
10875,1
10876,5
10877,5
10878,1
10879,1
10880,1
10881,1
10882,5
10883,5
10884,1
10885,1
10886,5
10887,1
10888,1
10889,5
10890,1
10891,1
10892,1
10893,1
10894,1
10895,1
10896,5
10897,5
10898,5
10899,1
10900,5
10901,1
10902,5
10903,5
10904,1
10905,5
10906,1
10907,5
10908,5
10909,5
10910,1
10911,1
10912,1
10913,5
10914,1
10915,5
10916,1
10917,1
10918,1
10919,5
10920,1
10921,1
10922,5
10923,1
10924,5
10925,5
10926,1
10927,1
10928,1
10929,5
10930,1
10931,5
10932,5
10933,5
10934,1
10935,5
10936,1
10937,5
10938,1
10939,1
10940,1
10941,5
10942,5
10943,1
10944,1
10945,1
10946,1
10947,1
10948,5
10949,5
10950,5
10951,5
10952,1
10953,1
10954,5
10955,1
10956,1
10957,1
10958,5
10959,5
10960,1
10961,1
10962,5
10963,5
10964,1
10965,5
10966,1
10967,1
10968,5
10969,1
10970,1
10971,5
10972,5
10973,5
10974,5
10975,1
10976,5
10977,5
10978,1
10979,1
10980,5
10981,1
10982,5
10983,1
10984,5
10985,5
10986,5
10987,1
10988,5
10989,1
10990,5
10991,1
10992,1
10993,1
10994,5
10995,1
10996,1
10997,5
10998,5
10999,5
11000,5
11001,5
11002,5
11003,1
11004,1
11005,1
11006,1
11007,1
11008,1
11009,1
11010,5
11011,5
11012,1
11013,1
11014,1
11015,1
11016,1
11017,1
11018,5
11019,1
11020,5
11021,1
11022,5
11023,5
11024,5
11025,1
11026,1
11027,5
11028,5
11029,1
11030,5
11031,5
11032,5
11033,1
11034,1
11035,1
11036,1
11037,5
11038,5
11039,5
11040,1
11041,1
11042,5
11043,1
11044,1
11045,5
11046,5
11047,1
11048,5
11049,5
11050,1
11051,5
11052,1
11053,1
11054,5
11055,5
11056,1
11057,5
11058,5
11059,5
11060,1
11061,1
11062,1
11063,1
11064,1
11065,5
11066,1
11067,5
11068,1
11069,5
11070,1
11071,5
11072,1
11073,5
11074,1
11075,5
11076,1
11077,1
11078,1
11079,5
11080,1
11081,1
11082,1
11083,5
11084,5
11085,5
11086,5
11087,5
11088,1
11089,1
11090,5
11091,1
11092,5
11093,1
11094,5
11095,1
11096,1
11097,1
11098,1
11099,1
11100,1
11101,5
11102,5
11103,1
11104,1
11105,1
11106,1
11107,1
11108,1
11109,5
11110,1
11111,5
11112,5
11113,1
11114,1
11115,5
11116,5
11117,1
11118,1
11119,5
11120,1
11121,5
11122,5
11123,1
11124,5
11125,5
11126,5
11127,5
11128,1
11129,1
11130,1
11131,1
11132,1
11133,1
11134,1
11135,1
11136,1
11137,5
11138,1
11139,5
11140,5
11141,1
11142,1
11143,5
11144,1
11145,1
11146,1
11147,1
11148,1
11149,5
11150,5
11151,1
11152,5
11153,1
11154,1
11155,5
11156,1
11157,1
11158,1
11159,5
11160,5
11161,1
11162,1
11163,5
11164,1
11165,1
11166,5
11167,5
11168,5
11169,5
11170,5
11171,5
11172,1
11173,1
11174,1
11175,5
11176,1
11177,5
11178,1
11179,5
11180,1
11181,5
11182,1
11183,1
11184,1
11185,1
11186,5
11187,5
11188,1
11189,1
11190,1
11191,5
11192,1
11193,5
11194,1
11195,1
11196,1
11197,5
11198,1
11199,5
11200,1
11201,1
11202,5
11203,1
11204,1
11205,5
11206,5
11207,5
11208,5
11209,5
11210,1
11211,5
11212,5
11213,5
11214,5
11215,5
11216,5
11217,1
11218,1
11219,5
11220,5
11221,5
11222,5
11223,5
11224,5
11225,1
11226,5
11227,1
11228,1
11229,1
11230,5
11231,1
11232,5
11233,5
11234,5
11235,5
11236,5
11237,1
11238,5
11239,1
11240,1
11241,5
11242,5
11243,1
11244,5
11245,1
11246,1
11247,1
11248,1
11249,1
11250,5
11251,5
11252,5
11253,1
11254,5
11255,1
11256,5
11257,5
11258,1
11259,5
11260,5
11261,5
11262,5
11263,5
11264,5
11265,5
11266,5
11267,5
11268,5
11269,1
11270,1
11271,1
11272,5
11273,1
11274,5
11275,5
11276,1
11277,5
11278,1
11279,1
11280,5
11281,5
11282,1
11283,1
11284,1
11285,5
11286,5
11287,5
11288,1
11289,1
11290,5
11291,1
11292,1
11293,1
11294,1
11295,5
11296,1
11297,5
11298,5
11299,1
11300,5
11301,5
11302,1
11303,5
11304,1
11305,5
11306,5
11307,5
11308,1
11309,5
11310,1
11311,1
11312,1
11313,1
11314,1
11315,1
11316,5
11317,5
11318,5
11319,5
11320,1
11321,5
11322,5
11323,5
11324,1
11325,5
11326,1
11327,1
11328,1
11329,5
11330,5
11331,5
11332,1
11333,1
11334,1
11335,1
11336,5
11337,5
11338,5
11339,5
11340,5
11341,5
11342,5
11343,1
11344,5
11345,5
11346,1
11347,5
11348,5
11349,1
11350,1
11351,1
11352,5
11353,5
11354,5
11355,5
11356,5
11357,1
11358,1
11359,5
11360,5
11361,5
11362,1
11363,5
11364,1
11365,1
11366,5
11367,5
11368,5
11369,1
11370,5
11371,5
11372,5
11373,5
11374,5
11375,5
11376,5
11377,5
11378,5
11379,1
11380,1
11381,5
11382,5
11383,5
11384,5
11385,1
11386,5
11387,5
11388,5
11389,5
11390,5
11391,5
11392,1
11393,1
11394,5
11395,1
11396,5
11397,1
11398,5
11399,5
11400,5
11401,1
11402,1
11403,1
11404,1
11405,1
11406,1
11407,5
11408,5
11409,1
11410,5
11411,5
11412,5
11413,5
11414,5
11415,1
11416,5
11417,1
11418,5
11419,1
11420,1
11421,1
11422,1
11423,5
11424,1
11425,1
11426,5
11427,1
11428,1
11429,1
11430,5
11431,1
11432,5
11433,1
11434,1
11435,5
11436,1
11437,1
11438,1
11439,1
11440,1
11441,1
11442,1
11443,1
11444,5
11445,1
11446,1
11447,5
11448,5
11449,1
11450,5
11451,1
11452,1
11453,1
11454,5
11455,1
11456,1
11457,5
11458,5
11459,1
11460,1
11461,5
11462,1
11463,1
11464,5
11465,5
11466,5
11467,5
11468,5
11469,5
11470,5
11471,5
11472,5
11473,5
11474,5
11475,5
11476,5
11477,1
11478,1
11479,1
11480,5
11481,5
11482,1
11483,1
11484,1
11485,1
11486,5
11487,5
11488,5
11489,5
11490,5
11491,1
11492,5
11493,1
11494,1
11495,5
11496,1
11497,5
11498,1
11499,5
11500,1
11501,5
11502,1
11503,1
11504,1
11505,5
11506,1
11507,1
11508,5
11509,5
11510,5
11511,5
11512,1
11513,5
11514,5
11515,5
11516,5
11517,1
11518,5
11519,5
11520,5
11521,5
11522,5
11523,5
11524,1
11525,5
11526,5
11527,5
11528,5
11529,5
11530,5
11531,1
11532,5
11533,1
11534,5
11535,5
11536,1
11537,5
11538,1
11539,1
11540,5
11541,5
11542,1
11543,5
11544,1
11545,1
11546,5
11547,1
11548,5
11549,5
11550,5
11551,5
11552,1
11553,5
11554,1
11555,1
11556,1
11557,5
11558,1
11559,1
11560,5
11561,5
11562,1
11563,5
11564,5
11565,5
11566,1
11567,5
11568,1
11569,1
11570,1
11571,5
11572,5
11573,5
11574,1
11575,5
11576,5
11577,1
11578,5
11579,1
11580,1
11581,5
11582,5
11583,1
11584,1
11585,1
11586,1
11587,1
11588,1
11589,1
11590,1
11591,1
11592,5
11593,5
11594,1
11595,1
11596,5
11597,5
11598,1
11599,5
11600,1
11601,5
11602,1
11603,5
11604,1
11605,1
11606,1
11607,5
11608,1
11609,1
11610,1
11611,1
11612,1
11613,1
11614,5
11615,1
11616,1
11617,5
11618,1
11619,1
11620,1
11621,1
11622,5
11623,1
11624,5
11625,1
11626,5
11627,1
11628,5
11629,1
11630,5
11631,5
11632,5
11633,1
11634,5
11635,1
11636,1
11637,1
11638,1
11639,1
11640,1
11641,1
11642,1
11643,1
11644,5
11645,5
11646,5
11647,5
11648,1
11649,1
11650,1
11651,5
11652,5
11653,5
11654,5
11655,1
11656,1
11657,5
11658,5
11659,1
11660,1
11661,5
11662,1
11663,1
11664,1
11665,5
11666,5
11667,1
11668,1
11669,1
11670,5
11671,5
11672,1
11673,5
11674,5
11675,5
11676,5
11677,5
11678,1
11679,1
11680,1
11681,1
11682,1
11683,1
11684,5
11685,5
11686,5
11687,1
11688,1
11689,5
11690,1
11691,1
11692,5
11693,5
11694,5
11695,1
11696,5
11697,5
11698,5
11699,5
11700,5
11701,1
11702,1
11703,5
11704,1
11705,1
11706,5
11707,5
11708,1
11709,1
11710,1
11711,5
11712,1
11713,5
11714,1
11715,5
11716,1
11717,1
11718,5
11719,1
11720,1
11721,1
11722,5
11723,1
11724,1
11725,5
11726,5
11727,1
11728,1
11729,1
11730,1
11731,5
11732,1
11733,1
11734,1
11735,5
11736,5
11737,5
11738,1
11739,1
11740,1
11741,1
11742,5
11743,1
11744,1
11745,1
11746,1
11747,1
11748,1
11749,1
11750,1
11751,5
11752,5
11753,5
11754,1
11755,1
11756,5
11757,1
11758,5
11759,1
11760,1
11761,5
11762,5
11763,5
11764,5
11765,1
11766,1
11767,1
11768,1
11769,5
11770,5
11771,5
11772,1
11773,1
11774,5
11775,5
11776,1
11777,5
11778,5
11779,1
11780,1
11781,1
11782,5
11783,5
11784,5
11785,1
11786,5
11787,1
11788,5
11789,1
11790,1
11791,1
11792,5
11793,5
11794,5
11795,1
11796,1
11797,1
11798,5
11799,1
11800,1
11801,1
11802,1
11803,1
11804,1
11805,1
11806,5
11807,1
11808,1
11809,1
11810,1
11811,5
11812,5
11813,1
11814,5
11815,5
11816,1
11817,1
11818,1
11819,5
11820,1
11821,1
11822,5
11823,1
11824,1
11825,1
11826,1
11827,1
11828,5
11829,5
11830,5
11831,5
11832,5
11833,1
11834,5
11835,5
11836,1
11837,1
11838,1
11839,1
11840,1
11841,5
11842,5
11843,5
11844,5
11845,5
11846,1
11847,1
11848,5
11849,1
11850,5
11851,1
11852,5
11853,1
11854,5
11855,5
11856,5
11857,5
11858,5
11859,1
11860,5
11861,5
11862,1
11863,1
11864,1
11865,5
11866,5
11867,5
11868,1
11869,5
11870,1
11871,5
11872,5
11873,1
11874,1
11875,1
11876,1
11877,1
11878,5
11879,5
11880,5
11881,1
11882,5
11883,1
11884,1
11885,5
11886,5
11887,5
11888,5
11889,1
11890,5
11891,1
11892,5
11893,1
11894,1
11895,5
11896,5
11897,5
11898,5
11899,5
11900,5
11901,1
11902,1
11903,1
11904,5
11905,5
11906,5
11907,1
11908,5
11909,5
11910,5
11911,1
11912,5
11913,5
11914,5
11915,1
11916,1
11917,1
11918,5
11919,1
11920,1
11921,1
11922,1
11923,5
11924,5
11925,5
11926,1
11927,5
11928,1
11929,5
11930,1
11931,5
11932,1
11933,5
11934,5
11935,1
11936,1
11937,5
11938,1
11939,5
11940,5
11941,5
11942,1
11943,5
11944,5
11945,5
11946,1
11947,1
11948,1
11949,1
11950,1
11951,5
11952,1
11953,5
11954,5
11955,1
11956,5
11957,1
11958,1
11959,1
11960,5
11961,1
11962,5
11963,5
11964,5
11965,5
11966,1
11967,5
11968,5
11969,1
11970,5
11971,1
11972,1
11973,5
11974,1
11975,5
11976,1
11977,5
11978,1
11979,5
11980,1
11981,1
11982,1
11983,1
11984,1
11985,5
11986,1
11987,1
11988,1
11989,1
11990,5
11991,5
11992,1
11993,5
11994,5
11995,5
11996,5
11997,5
11998,5
11999,5
12000,1
12001,1
12002,5
12003,5
12004,1
12005,5
12006,1
12007,5
12008,1
12009,5
12010,1
12011,1
12012,1
12013,5
12014,5
12015,1
12016,5
12017,1
12018,1
12019,5
12020,5
12021,5
12022,5
12023,5
12024,5
12025,5
12026,5
12027,5
12028,5
12029,1
12030,5
12031,1
12032,1
12033,1
12034,5
12035,5
12036,1
12037,5
12038,5
12039,1
12040,1
12041,5
12042,5
12043,5
12044,1
12045,1
12046,5
12047,5
12048,1
12049,5
12050,1
12051,1
12052,1
12053,5
12054,5
12055,5
12056,1
12057,1
12058,1
12059,5
12060,1
12061,1
12062,1
12063,1
12064,1
12065,1
12066,1
12067,1
12068,1
12069,5
12070,1
12071,5
12072,1
12073,1
12074,1
12075,1
12076,1
12077,5
12078,1
12079,5
12080,1
12081,5
12082,1
12083,1
12084,1
12085,5
12086,5
12087,1
12088,5
12089,5
12090,5
12091,1
12092,1
12093,1
12094,1
12095,1
12096,5
12097,1
12098,1
12099,1
12100,1
12101,5
12102,1
12103,5
12104,1
12105,5
12106,1
12107,1
12108,1
12109,1
12110,1
12111,1
12112,5
12113,5
12114,5
12115,5
12116,5
12117,1
12118,1
12119,1
12120,5
12121,5
12122,1
12123,1
12124,5
12125,5
12126,5
12127,5
12128,5
12129,1
12130,5
12131,5
12132,5
12133,5
12134,1
12135,1
12136,5
12137,1
12138,5
12139,1
12140,1
12141,1
12142,1
12143,5
12144,1
12145,5
12146,1
12147,1
12148,1
12149,5
12150,5
12151,1
12152,5
12153,1
12154,1
12155,1
12156,1
12157,1
12158,1
12159,1
12160,5
12161,1
12162,1
12163,1
12164,5
12165,1
12166,1
12167,1
12168,5
12169,1
12170,1
12171,1
12172,1
12173,1
12174,1
12175,1
12176,1
12177,1
12178,1
12179,1
12180,1
12181,1
12182,1
12183,1
12184,1
12185,1
12186,1
12187,5
12188,5
12189,5
12190,5
12191,5
12192,5
12193,5
12194,1
12195,1
12196,5
12197,1
12198,5
12199,1
12200,1
12201,5
12202,1
12203,5
12204,1
12205,1
12206,1
12207,1
12208,1
12209,1
12210,5
12211,5
12212,5
12213,1
12214,1
12215,5
12216,1
12217,1
12218,1
12219,1
12220,5
12221,5
12222,1
12223,5
12224,1
12225,1
12226,1
12227,1
12228,1
12229,1
12230,5
12231,5
12232,1
12233,5
12234,5
12235,5
12236,5
12237,5
12238,1
12239,1
12240,1
12241,5
12242,5
12243,5
12244,5
12245,5
12246,5
12247,1
12248,1
12249,5
12250,5
12251,5
12252,1
12253,5
12254,5
12255,5
12256,5
12257,5
12258,1
12259,5
12260,1
12261,1
12262,1
12263,1
12264,1
12265,1
12266,1
12267,5
12268,1
12269,1
12270,5
12271,5
12272,1
12273,5
12274,5
12275,1
12276,1
12277,1
12278,1
12279,5
12280,5
12281,5
12282,1
12283,1
12284,1
12285,1
12286,5
12287,1
12288,5
12289,1
12290,1
12291,5
12292,1
12293,5
12294,5
12295,5
12296,5
12297,1
12298,1
12299,1
12300,5
12301,5
12302,1
12303,5
12304,1
12305,1
12306,5
12307,1
12308,5
12309,5
12310,5
12311,1
12312,1
12313,5
12314,1
12315,1
12316,1
12317,1
12318,1
12319,1
12320,1
12321,5
12322,5
12323,5
12324,1
12325,1
12326,1
12327,5
12328,5
12329,5
12330,5
12331,5
12332,1
12333,5
12334,1
12335,1
12336,1
12337,5
12338,1
12339,1
12340,1
12341,5
12342,1
12343,5
12344,1
12345,5
12346,5
12347,5
12348,5
12349,1
12350,5
12351,5
12352,1
12353,5
12354,5
12355,1
12356,1
12357,1
12358,1
12359,5
12360,1
12361,5
12362,1
12363,1
12364,1
12365,5
12366,1
12367,5
12368,5
12369,5
12370,1
12371,1
12372,5
12373,1
12374,5
12375,1
12376,1
12377,1
12378,5
12379,5
12380,1
12381,5
12382,1
12383,1
12384,1
12385,1
12386,5
12387,1
12388,1
12389,1
12390,5
12391,1
12392,5
12393,1
12394,5
12395,5
12396,5
12397,5
12398,5
12399,5
12400,5
12401,5
12402,1
12403,5
12404,1
12405,1
12406,5
12407,5
12408,5
12409,5
12410,5
12411,5
12412,1
12413,1
12414,5
12415,5
12416,1
12417,5
12418,5
12419,1
12420,1
12421,5
12422,1
12423,5
12424,5
12425,1
12426,1
12427,5
12428,5
12429,5
12430,5
12431,1
12432,5
12433,5
12434,5
12435,5
12436,1
12437,5
12438,1
12439,5
12440,5
12441,5
12442,5
12443,1
12444,5
12445,5
12446,1
12447,5
12448,1
12449,5
12450,1
12451,1
12452,1
12453,1
12454,1
12455,1
12456,5
12457,1
12458,1
12459,5
12460,1
12461,5
12462,1
12463,1
12464,1
12465,5
12466,1
12467,5
12468,1
12469,5
12470,1
12471,5
12472,5
12473,5
12474,5
12475,1
12476,1
12477,5
12478,5
12479,5
12480,5
12481,5
12482,5
12483,5
12484,5
12485,1
12486,5
12487,1
12488,5
12489,1
12490,5
12491,1
12492,5
12493,5
12494,5
12495,1
12496,1
12497,1
12498,5
12499,5
12500,5
12501,1
12502,5
12503,5
12504,1
12505,1
12506,5
12507,5
12508,5
12509,5
12510,5
12511,5
12512,5
12513,5
12514,1
12515,5
12516,5
12517,5
12518,1
12519,1
12520,1
12521,5
12522,1
12523,1
12524,5
12525,5
12526,5
12527,1
12528,1
12529,5
12530,5
12531,5
12532,5
12533,5
12534,1
12535,5
12536,5
12537,1
12538,5
12539,1
12540,5
12541,5
12542,5
12543,5
12544,1
12545,1
12546,5
12547,1
12548,5
12549,5
12550,1
12551,1
12552,5
12553,5
12554,5
12555,5
12556,5
12557,5
12558,5
12559,1
12560,1
12561,5
12562,5
12563,5
12564,5
12565,5
12566,1
12567,5
12568,5
12569,1
12570,5
12571,5
12572,5
12573,5
12574,1
12575,1
12576,5
12577,1
12578,5
12579,1
12580,5
12581,5
12582,5
12583,1
12584,5
12585,5
12586,5
12587,5
12588,1
12589,1
12590,1
12591,5
12592,5
12593,5
12594,5
12595,5
12596,5
12597,1
12598,1
12599,5
12600,5
12601,1
12602,1
12603,5
12604,1
12605,1
12606,5
12607,5
12608,1
12609,5
12610,5
12611,5
12612,1
12613,1
12614,1
12615,5
12616,1
12617,1
12618,1
12619,1
12620,1
12621,1
12622,1
12623,1
12624,5
12625,1
12626,5
12627,1
12628,1
12629,1
12630,5
12631,5
12632,1
12633,5
12634,5
12635,5
12636,1
12637,1
12638,1
12639,1
12640,1
12641,5
12642,1
12643,1
12644,1
12645,1
12646,5
12647,1
12648,1
12649,5
12650,1
12651,1
12652,1
12653,1
12654,5
12655,1
12656,5
12657,5
12658,1
12659,1
12660,5
12661,1
12662,5
12663,1
12664,1
12665,1
12666,1
12667,1
12668,1
12669,1
12670,1
12671,1
12672,1
12673,1
12674,1
12675,1
12676,1
12677,5
12678,1
12679,1
12680,1
12681,1
12682,1
12683,1
12684,1
12685,1
12686,1
12687,1
12688,1
12689,1
12690,1
12691,1
12692,1
12693,1
12694,1
12695,1
12696,1
12697,1
12698,5
12699,5
12700,5
12701,1
12702,5
12703,5
12704,5
12705,1
12706,1
12707,1
12708,1
12709,1
12710,5
12711,1
12712,1
12713,1
12714,5
12715,5
12716,5
12717,1
12718,5
12719,5
12720,1
12721,5
12722,5
12723,1
12724,1
12725,1
12726,1
12727,5
12728,5
12729,5
12730,5
12731,5
12732,1
12733,5
12734,5
12735,1
12736,5
12737,5
12738,5
12739,5
12740,5
12741,5
12742,5
12743,5
12744,5
12745,5
12746,5
12747,5
12748,5
12749,5
12750,5
12751,5
12752,5
12753,5
12754,1
12755,1
12756,5
12757,1
12758,1
12759,1
12760,5
12761,1
12762,5
12763,1
12764,5
12765,1
12766,1
12767,5
12768,1
12769,5
12770,5
12771,1
12772,1
12773,1
12774,5
12775,1
12776,5
12777,1
12778,1
12779,5
12780,5
12781,1
12782,1
12783,1
12784,1
12785,1
12786,1
12787,5
12788,5
12789,1
12790,1
12791,1
12792,1
12793,5
12794,1
12795,1
12796,5
12797,1
12798,5
12799,1
12800,5
12801,5
12802,1
12803,5
12804,5
12805,1
12806,1
12807,5
12808,1
12809,5
12810,5
12811,1
12812,1
12813,1
12814,5
12815,1
12816,5
12817,5
12818,1
12819,5
12820,5
12821,1
12822,5
12823,5
12824,5
12825,1
12826,1
12827,5
12828,5
12829,1
12830,1
12831,5
12832,1
12833,5
12834,1
12835,5
12836,5
12837,1
12838,5
12839,5
12840,5
12841,5
12842,5
12843,1
12844,5
12845,1
12846,5
12847,1
12848,5
12849,5
12850,5
12851,5
12852,5
12853,5
12854,5
12855,1
12856,1
12857,1
12858,1
12859,1
12860,1
12861,5
12862,1
12863,5
12864,5
12865,5
12866,5
12867,1
12868,1
12869,5
12870,5
12871,5
12872,1
12873,1
12874,1
12875,1
12876,1
12877,1
12878,5
12879,5
12880,1
12881,5
12882,5
12883,5
12884,5
12885,1
12886,5
12887,1
12888,5
12889,1
12890,1
12891,5
12892,1
12893,5
12894,1
12895,5
12896,1
12897,5
12898,5
12899,1
12900,5
12901,5
12902,1
12903,5
12904,1
12905,1
12906,1
12907,5
12908,1
12909,1
12910,1
12911,5
12912,1
12913,5
12914,1
12915,1
12916,1
12917,1
12918,5
12919,1
12920,1
12921,1
12922,5
12923,1
12924,5
12925,5
12926,5
12927,5
12928,5
12929,1
12930,5
12931,1
12932,1
12933,1
12934,5
12935,5
12936,5
12937,5
12938,5
12939,1
12940,5
12941,5
12942,1
12943,5
12944,5
12945,5
12946,1
12947,1
12948,1
12949,1
12950,1
12951,1
12952,1
12953,1
12954,1
12955,5
12956,1
12957,1
12958,5
12959,1
12960,1
12961,1
12962,5
12963,1
12964,1
12965,1
12966,1
12967,1
12968,1
12969,1
12970,1
12971,1
12972,5
12973,1
12974,5
12975,5
12976,1
12977,5
12978,5
12979,5
12980,1
12981,5
12982,5
12983,5
12984,1
12985,5
12986,1
12987,5
12988,1
12989,5
12990,5
12991,1
12992,1
12993,5
12994,1
12995,5
12996,1
12997,1
12998,5
12999,5
13000,5
13001,1
13002,1
13003,1
13004,1
13005,5
13006,1
13007,1
13008,1
13009,1
13010,1
13011,1
13012,1
13013,5
13014,5
13015,1
13016,5
13017,5
13018,5
13019,5
13020,1
13021,1
13022,1
13023,1
13024,1
13025,1
13026,1
13027,5
13028,5
13029,1
13030,5
13031,5
13032,5
13033,1
13034,5
13035,5
13036,5
13037,5
13038,5
13039,5
13040,1
13041,5
13042,1
13043,5
13044,5
13045,1
13046,1
13047,1
13048,1
13049,5
13050,1
13051,1
13052,1
13053,5
13054,1
13055,1
13056,1
13057,5
13058,1
13059,5
13060,1
13061,5
13062,1
13063,1
13064,1
13065,5
13066,5
13067,5
13068,5
13069,1
13070,5
13071,1
13072,1
13073,1
13074,5
13075,5
13076,5
13077,5
13078,5
13079,1
13080,5
13081,1
13082,5
13083,5
13084,5
13085,1
13086,1
13087,5
13088,5
13089,1
13090,5
13091,5
13092,5
13093,5
13094,5
13095,1
13096,5
13097,1
13098,1
13099,5
13100,5
13101,5
13102,1
13103,5
13104,1
13105,1
13106,5
13107,5
13108,1
13109,1
13110,1
13111,1
13112,1
13113,5
13114,5
13115,5
13116,5
13117,5
13118,5
13119,1
13120,1
13121,5
13122,5
13123,5
13124,1
13125,5
13126,1
13127,1
13128,5
13129,5
13130,1
13131,1
13132,1
13133,1
13134,5
13135,1
13136,1
13137,1
13138,5
13139,5
13140,1
13141,1
13142,5
13143,1
13144,1
13145,1
13146,1
13147,1
13148,5
13149,5
13150,1
13151,1
13152,1
13153,1
13154,1
13155,1
13156,5
13157,1
13158,5
13159,5
13160,5
13161,5
13162,5
13163,5
13164,5
13165,1
13166,5
13167,5
13168,1
13169,5
13170,1
13171,5
13172,1
13173,1
13174,1
13175,5
13176,1
13177,1
13178,5
13179,5
13180,1
13181,1
13182,5
13183,1
13184,5
13185,1
13186,5
13187,1
13188,5
13189,1
13190,5
13191,1
13192,1
13193,1
13194,1
13195,1
13196,1
13197,5
13198,5
13199,5
13200,5
13201,1
13202,1
13203,1
13204,5
13205,5
13206,1
13207,1
13208,5
13209,1
13210,1
13211,5
13212,5
13213,1
13214,1
13215,1
13216,1
13217,5
13218,5
13219,1
13220,1
13221,5
13222,5
13223,5
13224,5
13225,5
13226,5
13227,1
13228,1
13229,1
13230,5
13231,1
13232,1
13233,5
13234,5
13235,1
13236,5
13237,5
13238,5
13239,5
13240,1
13241,1
13242,1
13243,5
13244,1
13245,1
13246,5
13247,1
13248,1
13249,5
13250,1
13251,1
13252,1
13253,5
13254,5
13255,1
13256,5
13257,1
13258,1
13259,1
13260,5
13261,1
13262,1
13263,1
13264,1
13265,1
13266,5
13267,1
13268,5
13269,1
13270,5
13271,5
13272,1
13273,5
13274,5
13275,1
13276,5
13277,5
13278,5
13279,1
13280,1
13281,5
13282,5
13283,5
13284,1
13285,5
13286,1
13287,5
13288,5
13289,5
13290,5
13291,1
13292,1
13293,1
13294,5
13295,1
13296,5
13297,5
13298,5
13299,5
13300,5
13301,5
13302,1
13303,1
13304,1
13305,5
13306,1
13307,1
13308,1
13309,1
13310,5
13311,5
13312,1
13313,5
13314,1
13315,5
13316,5
13317,5
13318,5
13319,5
13320,5
13321,1
13322,5
13323,5
13324,5
13325,5
13326,5
13327,5
13328,5
13329,5
13330,1
13331,5
13332,5
13333,5
13334,5
13335,5
13336,1
13337,1
13338,5
13339,5
13340,5
13341,1
13342,5
13343,1
13344,5
13345,5
13346,1
13347,5
13348,1
13349,1
13350,5
13351,1
13352,1
13353,5
13354,5
13355,5
13356,1
13357,1
13358,5
13359,5
13360,5
13361,1
13362,5
13363,5
13364,1
13365,5
13366,1
13367,5
13368,5
13369,1
13370,1
13371,1
13372,1
13373,5
13374,1
13375,1
13376,5
13377,1
13378,1
13379,1
13380,1
13381,5
13382,1
13383,1
13384,5
13385,5
13386,1
13387,5
13388,5
13389,1
13390,1
13391,1
13392,1
13393,1
13394,5
13395,5
13396,5
13397,5
13398,5
13399,1
13400,1
13401,1
13402,5
13403,1
13404,1
13405,1
13406,1
13407,1
13408,5
13409,1
13410,5
13411,1
13412,5
13413,5
13414,1
13415,1
13416,5
13417,5
13418,5
13419,1
13420,5
13421,5
13422,5
13423,5
13424,1
13425,1
13426,1
13427,1
13428,5
13429,5
13430,5
13431,1
13432,5
13433,5
13434,1
13435,5
13436,5
13437,5
13438,1
13439,5
13440,5
13441,1
13442,5
13443,5
13444,5
13445,5
13446,5
13447,1
13448,1
13449,5
13450,5
13451,5
13452,5
13453,5
13454,5
13455,1
13456,1
13457,1
13458,1
13459,5
13460,1
13461,1
13462,1
13463,5
13464,1
13465,5
13466,5
13467,5
13468,1
13469,5
13470,5
13471,5
13472,5
13473,5
13474,5
13475,5
13476,1
13477,5
13478,5
13479,1
13480,5
13481,1
13482,5
13483,1
13484,1
13485,1
13486,5
13487,5
13488,1
13489,5
13490,5
13491,5
13492,5
13493,5
13494,5
13495,1
13496,1
13497,1
13498,5
13499,1
13500,5
13501,5
13502,5
13503,5
13504,5
13505,5
13506,1
13507,5
13508,5
13509,1
13510,5
13511,5
13512,1
13513,1
13514,1
13515,5
13516,5
13517,1
13518,5
13519,5
13520,5
13521,5
13522,1
13523,5
13524,5
13525,1
13526,1
13527,1
13528,1
13529,1
13530,1
13531,1
13532,1
13533,1
13534,1
13535,5
13536,5
13537,5
13538,5
13539,1
13540,1
13541,5
13542,1
13543,1
13544,5
13545,5
13546,5
13547,1
13548,5
13549,5
13550,1
13551,1
13552,1
13553,5
13554,1
13555,1
13556,5
13557,1
13558,5
13559,1
13560,5
13561,5
13562,5
13563,5
13564,5
13565,1
13566,5
13567,1
13568,5
13569,5
13570,5
13571,1
13572,1
13573,1
13574,1
13575,5
13576,1
13577,1
13578,5
13579,5
13580,5
13581,5
13582,1
13583,5
13584,1
13585,5
13586,1
13587,1
13588,1
13589,5
13590,5
13591,5
13592,5
13593,1
13594,5
13595,5
13596,1
13597,5
13598,1
13599,5
13600,5
13601,5
13602,5
13603,5
13604,1
13605,5
13606,1
13607,1
13608,5
13609,5
13610,5
13611,5
13612,1
13613,5
13614,5
13615,1
13616,5
13617,1
13618,1
13619,5
13620,5
13621,1
13622,5
13623,1
13624,5
13625,1
13626,5
13627,5
13628,1
13629,5
13630,1
13631,1
13632,5
13633,5
13634,5
13635,1
13636,5
13637,1
13638,1
13639,5
13640,5
13641,5
13642,1
13643,5
13644,5
13645,1
13646,5
13647,5
13648,1
13649,1
13650,5
13651,1
13652,1
13653,1
13654,1
13655,5
13656,5
13657,1
13658,5
13659,1
13660,1
13661,5
13662,5
13663,1
13664,1
13665,1
13666,1
13667,1
13668,1
13669,5
13670,5
13671,1
13672,5
13673,5
13674,1
13675,1
13676,5
13677,1
13678,1
13679,5
13680,5
13681,5
13682,5
13683,5
13684,5
13685,1
13686,1
13687,1
13688,5
13689,5
13690,5
13691,5
13692,1
13693,1
13694,5
13695,1
13696,5
13697,1
13698,5
13699,1
13700,1
13701,1
13702,1
13703,5
13704,1
13705,5
13706,1
13707,1
13708,1
13709,1
13710,1
13711,1
13712,5
13713,1
13714,1
13715,1
13716,1
13717,5
13718,5
13719,1
13720,1
13721,1
13722,5
13723,5
13724,1
13725,1
13726,5
13727,5
13728,5
13729,5
13730,5
13731,5
13732,5
13733,5
13734,5
13735,5
13736,1
13737,5
13738,1
13739,5
13740,5
13741,5
13742,1
13743,1
13744,5
13745,1
13746,1
13747,5
13748,1
13749,5
13750,5
13751,1
13752,1
13753,1
13754,1
13755,1
13756,5
13757,5
13758,1
13759,5
13760,1
13761,1
13762,5
13763,1
13764,1
13765,1
13766,1
13767,1
13768,1
13769,1
13770,5
13771,5
13772,1
13773,5
13774,1
13775,5
13776,5
13777,5
13778,1
13779,5
13780,1
13781,5
13782,1
13783,5
13784,1
13785,1
13786,1
13787,1
13788,1
13789,1
13790,1
13791,1
13792,1
13793,5
13794,5
13795,5
13796,1
13797,1
13798,5
13799,1
13800,1
13801,5
13802,1
13803,1
13804,1
13805,1
13806,5
13807,5
13808,1
13809,1
13810,5
13811,1
13812,5
13813,5
13814,5
13815,5
13816,5
13817,5
13818,5
13819,5
13820,5
13821,5
13822,5
13823,1
13824,5
13825,1
13826,5
13827,1
13828,1
13829,5
13830,1
13831,5
13832,5
13833,1
13834,5
13835,5
13836,5
13837,5
13838,1
13839,1
13840,1
13841,1
13842,5
13843,1
13844,1
13845,1
13846,1
13847,5
13848,5
13849,5
13850,5
13851,1
13852,5
13853,5
13854,5
13855,5
13856,1
13857,1
13858,5
13859,1
13860,5
13861,1
13862,5
13863,1
13864,1
13865,1
13866,5
13867,5
13868,1
13869,5
13870,5
13871,1
13872,5
13873,5
13874,5
13875,1
13876,1
13877,5
13878,1
13879,5
13880,5
13881,5
13882,5
13883,1
13884,1
13885,1
13886,1
13887,5
13888,1
13889,5
13890,1
13891,5
13892,5
13893,1
13894,1
13895,1
13896,5
13897,1
13898,5
13899,5
13900,1
13901,1
13902,1
13903,1
13904,1
13905,1
13906,1
13907,1
13908,1
13909,5
13910,1
13911,1
13912,5
13913,1
13914,5
13915,1
13916,1
13917,1
13918,5
13919,1
13920,1
13921,5
13922,1
13923,5
13924,5
13925,5
13926,5
13927,5
13928,5
13929,1
13930,5
13931,5
13932,5
13933,1
13934,1
13935,5
13936,1
13937,1
13938,1
13939,1
13940,1
13941,5
13942,1
13943,1
13944,1
13945,5
13946,5
13947,1
13948,1
13949,1
13950,5
13951,5
13952,5
13953,5
13954,5
13955,5
13956,5
13957,1
13958,1
13959,1
13960,5
13961,1
13962,1
13963,5
13964,5
13965,5
13966,1
13967,5
13968,1
13969,1
13970,1
13971,1
13972,1
13973,5
13974,1
13975,1
13976,1
13977,5
13978,5
13979,1
13980,5
13981,5
13982,5
13983,5
13984,1
13985,5
13986,1
13987,1
13988,1
13989,5
13990,5
13991,5
13992,5
13993,5
13994,5
13995,1
13996,1
13997,1
13998,5
13999,5
14000,5
14001,1
14002,1
14003,1
14004,5
14005,5
14006,1
14007,1
14008,1
14009,5
14010,1
14011,5
14012,5
14013,1
14014,5
14015,5
14016,1
14017,5
14018,5
14019,5
14020,5
14021,1
14022,5
14023,5
14024,1
14025,1
14026,1
14027,5
14028,5
14029,5
14030,5
14031,5
14032,1
14033,5
14034,5
14035,5
14036,5
14037,1
14038,5
14039,5
14040,1
14041,1
14042,5
14043,1
14044,5
14045,5
14046,5
14047,5
14048,1
14049,5
14050,1
14051,1
14052,1
14053,5
14054,1
14055,5
14056,5
14057,5
14058,5
14059,5
14060,5
14061,5
14062,5
14063,5
14064,5
14065,1
14066,1
14067,1
14068,1
14069,1
14070,1
14071,1
14072,1
14073,1
14074,1
14075,5
14076,5
14077,5
14078,1
14079,5
14080,5
14081,5
14082,1
14083,5
14084,1
14085,5
14086,1
14087,1
14088,5
14089,5
14090,1
14091,1
14092,1
14093,5
14094,5
14095,5
14096,5
14097,5
14098,5
14099,1
14100,1
14101,5
14102,1
14103,1
14104,5
14105,1
14106,5
14107,5
14108,5
14109,5
14110,5
14111,5
14112,5
14113,5
14114,1
14115,1
14116,5
14117,5
14118,5
14119,1
14120,1
14121,5
14122,5
14123,5
14124,1
14125,1
14126,5
14127,1
14128,1
14129,5
14130,5
14131,5
14132,1
14133,1
14134,1
14135,1
14136,1
14137,5
14138,1
14139,1
14140,1
14141,5
14142,5
14143,5
14144,5
14145,5
14146,1
14147,5
14148,5
14149,5
14150,5
14151,5
14152,5
14153,1
14154,5
14155,5
14156,1
14157,5
14158,5
14159,5
14160,5
14161,5
14162,5
14163,5
14164,1
14165,5
14166,1
14167,1
14168,5
14169,5
14170,1
14171,5
14172,1
14173,1
14174,5
14175,1
14176,5
14177,5
14178,5
14179,5
14180,5
14181,5
14182,5
14183,5
14184,5
14185,5
14186,1
14187,5
14188,1
14189,5
14190,5
14191,5
14192,5
14193,1
14194,1
14195,1
14196,5
14197,1
14198,5
14199,1
14200,1
14201,1
14202,5
14203,5
14204,5
14205,5
14206,5
14207,1
14208,1
14209,1
14210,1
14211,1
14212,1
14213,1
14214,5
14215,1
14216,1
14217,5
14218,5
14219,5
14220,5
14221,1
14222,1
14223,1
14224,1
14225,5
14226,5
14227,1
14228,1
14229,5
14230,5
14231,1
14232,1
14233,5
14234,5
14235,1
14236,5
14237,5
14238,1
14239,1
14240,5
14241,5
14242,1
14243,1
14244,1
14245,5
14246,1
14247,5
14248,1
14249,5
14250,1
14251,5
14252,1
14253,1
14254,5
14255,1
14256,5
14257,5
14258,1
14259,1
14260,1
14261,5
14262,5
14263,5
14264,5
14265,1
14266,1
14267,1
14268,1
14269,1
14270,1
14271,1
14272,1
14273,1
14274,1
14275,1
14276,1
14277,5
14278,1
14279,1
14280,1
14281,5
14282,1
14283,5
14284,5
14285,1
14286,1
14287,1
14288,1
14289,5
14290,5
14291,5
14292,1
14293,5
14294,5
14295,5
14296,5
14297,5
14298,5
14299,1
14300,5
14301,5
14302,1
14303,1
14304,1
14305,5
14306,1
14307,1
14308,1
14309,1
14310,5
14311,1
14312,1
14313,1
14314,1
14315,1
14316,1
14317,1
14318,1
14319,1
14320,5
14321,1
14322,5
14323,5
14324,5
14325,1
14326,1
14327,1
14328,1
14329,1
14330,5
14331,1
14332,5
14333,1
14334,1
14335,1
14336,1
14337,1
14338,5
14339,5
14340,5
14341,1
14342,5
14343,1
14344,1
14345,5
14346,1
14347,1
14348,1
14349,1
14350,1
14351,1
14352,5
14353,5
14354,5
14355,5
14356,5
14357,1
14358,5
14359,5
14360,5
14361,1
14362,5
14363,5
14364,5
14365,5
14366,5
14367,1
14368,1
14369,5
14370,5
14371,1
14372,5
14373,5
14374,5
14375,5
14376,5
14377,5
14378,1
14379,1
14380,1
14381,5
14382,1
14383,5
14384,1
14385,1
14386,5
14387,5
14388,5
14389,5
14390,5
14391,5
14392,5
14393,1
14394,5
14395,5
14396,5
14397,5
14398,1
14399,5
14400,5
14401,1
14402,5
14403,5
14404,1
14405,5
14406,5
14407,5
14408,5
14409,5
14410,1
14411,5
14412,1
14413,1
14414,1
14415,1
14416,1
14417,5
14418,5
14419,5
14420,5
14421,1
14422,5
14423,5
14424,5
14425,1
14426,1
14427,5
14428,1
14429,1
14430,1
14431,5
14432,5
14433,1
14434,5
14435,5
14436,5
14437,5
14438,5
14439,5
14440,5
14441,5
14442,5
14443,1
14444,1
14445,1
14446,5
14447,5
14448,5
14449,5
14450,5
14451,1
14452,5
14453,1
14454,1
14455,1
14456,5
14457,5
14458,5
14459,1
14460,1
14461,1
14462,1
14463,5
14464,1
14465,5
14466,1
14467,1
14468,5
14469,1
14470,5
14471,5
14472,5
14473,1
14474,5
14475,5
14476,1
14477,1
14478,5
14479,1
14480,5
14481,1
14482,1
14483,1
14484,1
14485,5
14486,5
14487,1
14488,1
14489,5
14490,5
14491,5
14492,5
14493,5
14494,5
14495,1
14496,5
14497,1
14498,1
14499,1
14500,5
14501,1
14502,1
14503,1
14504,1
14505,1
14506,5
14507,1
14508,5
14509,5
14510,1
14511,1
14512,5
14513,1
14514,5
14515,1
14516,1
14517,1
14518,5
14519,5
14520,5
14521,1
14522,5
14523,5
14524,5
14525,1
14526,5
14527,5
14528,1
14529,1
14530,5
14531,5
14532,1
14533,5
14534,5
14535,1
14536,1
14537,1
14538,5
14539,5
14540,5
14541,5
14542,5
14543,5
14544,5
14545,5
14546,1
14547,1
14548,1
14549,1
14550,5
14551,5
14552,1
14553,5
14554,1
14555,1
14556,1
14557,1
14558,5
14559,5
14560,1
14561,1
14562,5
14563,5
14564,5
14565,5
14566,1
14567,1
14568,5
14569,1
14570,1
14571,1
14572,1
14573,1
14574,1
14575,1
14576,1
14577,5
14578,1
14579,5
14580,5
14581,1
14582,1
14583,5
14584,5
14585,1
14586,5
14587,5
14588,5
14589,5
14590,1
14591,5
14592,1
14593,1
14594,5
14595,1
14596,1
14597,1
14598,5
14599,5
14600,1
14601,5
14602,5
14603,1
14604,5
14605,1
14606,5
14607,1
14608,1
14609,1
14610,5
14611,5
14612,1
14613,5
14614,5
14615,1
14616,5
14617,5
14618,5
14619,1
14620,5
14621,5
14622,5
14623,1
14624,5
14625,1
14626,1
14627,5
14628,1
14629,5
14630,5
14631,1
14632,5
14633,5
14634,5
14635,1
14636,5
14637,1
14638,5
14639,1
14640,5
14641,5
14642,5
14643,1
14644,1
14645,5
14646,5
14647,1
14648,1
14649,1
14650,1
14651,1
14652,1
14653,5
14654,5
14655,1
14656,5
14657,1
14658,1
14659,5
14660,5
14661,5
14662,1
14663,5
14664,5
14665,1
14666,5
14667,5
14668,5
14669,5
14670,5
14671,1
14672,1
14673,5
14674,5
14675,1
14676,5
14677,5
14678,1
14679,5
14680,5
14681,5
14682,1
14683,1
14684,5
14685,5
14686,5
14687,1
14688,5
14689,5
14690,5
14691,5
14692,1
14693,1
14694,5
14695,1
14696,1
14697,5
14698,5
14699,1
14700,1
14701,1
14702,1
14703,5
14704,1
14705,1
14706,5
14707,1
14708,1
14709,5
14710,5
14711,1
14712,1
14713,1
14714,1
14715,5
14716,5
14717,1
14718,1
14719,1
14720,1
14721,1
14722,1
14723,5
14724,1
14725,1
14726,1
14727,5
14728,5
14729,5
14730,1
14731,5
14732,5
14733,1
14734,5
14735,1
14736,1
14737,1
14738,1
14739,1
14740,1
14741,1
14742,5
14743,1
14744,1
14745,5
14746,5
14747,5
14748,5
14749,5
14750,1
14751,5
14752,1
14753,1
14754,1
14755,1
14756,5
14757,1
14758,1
14759,1
14760,1
14761,1
14762,1
14763,1
14764,1
14765,1
14766,1
14767,1
14768,1
14769,5
14770,1
14771,5
14772,1
14773,5
14774,1
14775,1
14776,1
14777,5
14778,5
14779,5
14780,1
14781,5
14782,1
14783,5
14784,1
14785,1
14786,1
14787,1
14788,1
14789,1
14790,1
14791,1
14792,5
14793,1
14794,1
14795,1
14796,5
14797,1
14798,5
14799,5
14800,5
14801,5
14802,1
14803,5
14804,1
14805,1
14806,5
14807,5
14808,5
14809,1
14810,1
14811,5
14812,1
14813,1
14814,5
14815,5
14816,5
14817,5
14818,5
14819,1
14820,1
14821,1
14822,5
14823,1
14824,5
14825,5
14826,5
14827,5
14828,5
14829,1
14830,1
14831,1
14832,5
14833,5
14834,1
14835,5
14836,5
14837,1
14838,1
14839,1
14840,1
14841,1
14842,1
14843,1
14844,1
14845,5
14846,1
14847,5
14848,1
14849,5
14850,5
14851,5
14852,1
14853,1
14854,5
14855,5
14856,5
14857,1
14858,5
14859,1
14860,5
14861,1
14862,5
14863,5
14864,1
14865,5
14866,1
14867,5
14868,1
14869,1
14870,5
14871,1
14872,1
14873,1
14874,1
14875,1
14876,1
14877,1
14878,1
14879,1
14880,1
14881,1
14882,1
14883,1
14884,1
14885,1
14886,1
14887,1
14888,5
14889,5
14890,5
14891,5
14892,1
14893,1
14894,5
14895,1
14896,1
14897,1
14898,5
14899,5
14900,5
14901,1
14902,5
14903,1
14904,5
14905,5
14906,5
14907,1
14908,5
14909,1
14910,5
14911,1
14912,5
14913,5
14914,1
14915,5
14916,5
14917,5
14918,1
14919,5
14920,5
14921,1
14922,5
14923,1
14924,5
14925,5
14926,1
14927,1
14928,5
14929,5
14930,5
14931,5
14932,1
14933,5
14934,5
14935,5
14936,1
14937,1
14938,5
14939,5
14940,1
14941,5
14942,5
14943,5
14944,5
14945,5
14946,5
14947,1
14948,1
14949,5
14950,1
14951,1
14952,5
14953,5
14954,1
14955,1
14956,5
14957,5
14958,5
14959,5
14960,1
14961,1
14962,1
14963,1
14964,1
14965,1
14966,5
14967,5
14968,5
14969,1
14970,5
14971,1
14972,1
14973,5
14974,1
14975,1
14976,1
14977,5
14978,1
14979,1
14980,1
14981,5
14982,5
14983,5
14984,5
14985,1
14986,1
14987,5
14988,5
14989,1
14990,1
14991,1
14992,1
14993,5
14994,1
14995,1
14996,1
14997,1
14998,1
14999,5
15000,1
15001,1
15002,1
15003,5
15004,5
15005,5
15006,5
15007,5
15008,5
15009,1
15010,1
15011,1
15012,1
15013,5
15014,5
15015,5
15016,1
15017,5
15018,1
15019,5
15020,1
15021,5
15022,5
15023,5
15024,5
15025,5
15026,5
15027,1
15028,5
15029,1
15030,5
15031,1
15032,5
15033,1
15034,1
15035,1
15036,1
15037,5
15038,1
15039,1
15040,5
15041,5
15042,5
15043,1
15044,1
15045,5
15046,1
15047,1
15048,1
15049,1
15050,1
15051,1
15052,1
15053,5
15054,1
15055,1
15056,1
15057,1
15058,1
15059,5
15060,5
15061,5
15062,1
15063,1
15064,5
15065,5
15066,1
15067,5
15068,5
15069,5
15070,1
15071,5
15072,1
15073,1
15074,5
15075,5
15076,5
15077,5
15078,1
15079,5
15080,1
15081,5
15082,1
15083,5
15084,5
15085,5
15086,1
15087,1
15088,1
15089,5
15090,1
15091,1
15092,5
15093,1
15094,1
15095,1
15096,5
15097,1
15098,1
15099,5
15100,1
15101,1
15102,5
15103,1
15104,5
15105,5
15106,5
15107,5
15108,5
15109,1
15110,1
15111,5
15112,5
15113,5
15114,1
15115,1
15116,1
15117,5
15118,5
15119,1
15120,5
15121,1
15122,5
15123,1
15124,1
15125,5
15126,5
15127,5
15128,1
15129,1
15130,5
15131,1
15132,1
15133,1
15134,1
15135,1
15136,1
15137,5
15138,1
15139,5
15140,1
15141,1
15142,5
15143,1
15144,5
15145,5
15146,1
15147,1
15148,1
15149,1
15150,1
15151,1
15152,5
15153,5
15154,1
15155,1
15156,1
15157,1
15158,1
15159,5
15160,1
15161,5
15162,5
15163,1
15164,1
15165,1
15166,1
15167,1
15168,1
15169,5
15170,1
15171,5
15172,1
15173,1
15174,1
15175,5
15176,1
15177,1
15178,5
15179,1
15180,1
15181,1
15182,5
15183,5
15184,1
15185,5
15186,5
15187,1
15188,5
15189,5
15190,5
15191,5
15192,5
15193,5
15194,1
15195,5
15196,5
15197,1
15198,5
15199,1
15200,1
15201,1
15202,5
15203,5
15204,1
15205,5
15206,1
15207,5
15208,1
15209,5
15210,1
15211,5
15212,5
15213,5
15214,5
15215,5
15216,5
15217,5
15218,1
15219,5
15220,1
15221,5
15222,1
15223,1
15224,5
15225,5
15226,1
15227,5
15228,1
15229,5
15230,5
15231,5
15232,1
15233,5
15234,5
15235,5
15236,5
15237,1
15238,5
15239,5
15240,1
15241,5
15242,1
15243,5
15244,5
15245,1
15246,1
15247,1
15248,1
15249,1
15250,1
15251,5
15252,1
15253,5
15254,5
15255,5
15256,5
15257,1
15258,5
15259,1
15260,5
15261,1
15262,1
15263,5
15264,1
15265,5
15266,5
15267,5
15268,5
15269,5
15270,1
15271,1
15272,5
15273,5
15274,5
15275,5
15276,1
15277,1
15278,5
15279,1
15280,1
15281,5
15282,1
15283,5
15284,5
15285,1
15286,1
15287,1
15288,5
15289,5
15290,5
15291,1
15292,1
15293,1
15294,1
15295,1
15296,1
15297,1
15298,5
15299,1
15300,1
15301,1
15302,5
15303,5
15304,5
15305,1
15306,5
15307,1
15308,5
15309,1
15310,5
15311,1
15312,5
15313,5
15314,1
15315,1
15316,5
15317,5
15318,1
15319,1
15320,1
15321,5
15322,1
15323,5
15324,5
15325,1
15326,5
15327,5
15328,5
15329,5
15330,5
15331,5
15332,5
15333,5
15334,1
15335,1
15336,5
15337,5
15338,5
15339,5
15340,1
15341,1
15342,5
15343,1
15344,5
15345,5
15346,5
15347,5
15348,1
15349,1
15350,5
15351,5
15352,5
15353,5
15354,1
15355,5
15356,1
15357,5
15358,5
15359,1
15360,1
15361,1
15362,1
15363,5
15364,5
15365,5
15366,1
15367,1
15368,5
15369,1
15370,5
15371,5
15372,1
15373,1
15374,1
15375,1
15376,5
15377,1
15378,5
15379,1
15380,5
15381,1
15382,1
15383,1
15384,1
15385,1
15386,1
15387,5
15388,5
15389,5
15390,5
15391,1
15392,1
15393,5
15394,1
15395,1
15396,1
15397,5
15398,1
15399,1
15400,1
15401,5
15402,5
15403,1
15404,1
15405,5
15406,5
15407,5
15408,5
15409,1
15410,1
15411,5
15412,1
15413,5
15414,5
15415,5
15416,5
15417,1
15418,5
15419,5
15420,1
15421,1
15422,1
15423,1
15424,5
15425,1
15426,5
15427,5
15428,1
15429,1
15430,1
15431,1
15432,5
15433,5
15434,1
15435,1
15436,5
15437,5
15438,5
15439,1
15440,5
15441,1
15442,1
15443,5
15444,1
15445,5
15446,5
15447,1
15448,1
15449,5
15450,5
15451,5
15452,5
15453,5
15454,5
15455,5
15456,5
15457,1
15458,1
15459,5
15460,1
15461,5
15462,1
15463,5
15464,5
15465,5
15466,1
15467,1
15468,5
15469,1
15470,1
15471,1
15472,5
15473,1
15474,1
15475,1
15476,1
15477,5
15478,1
15479,5
15480,1
15481,5
15482,5
15483,5
15484,1
15485,5
15486,1
15487,1
15488,1
15489,5
15490,5
15491,5
15492,5
15493,1
15494,1
15495,1
15496,5
15497,1
15498,1
15499,1
15500,5
15501,5
15502,1
15503,1
15504,5
15505,5
15506,5
15507,5
15508,5
15509,5
15510,1
15511,1
15512,1
15513,1
15514,5
15515,5
15516,1
15517,1
15518,5
15519,5
15520,1
15521,1
15522,1
15523,1
15524,5
15525,5
15526,1
15527,1
15528,5
15529,1
15530,5
15531,5
15532,5
15533,5
15534,1
15535,1
15536,5
15537,1
15538,5
15539,1
15540,5
15541,1
15542,1
15543,5
15544,5
15545,5
15546,5
15547,1
15548,1
15549,5
15550,1
15551,5
15552,1
15553,5
15554,5
15555,5
15556,1
15557,5
15558,1
15559,1
15560,1
15561,1
15562,5
15563,5
15564,1
15565,1
15566,1
15567,5
15568,5
15569,5
15570,5
15571,5
15572,1
15573,5
15574,1
15575,5
15576,1
15577,5
15578,1
15579,5
15580,5
15581,1
15582,1
15583,1
15584,1
15585,5
15586,5
15587,5
15588,5
15589,5
15590,5
15591,1
15592,5
15593,1
15594,5
15595,1
15596,1
15597,5
15598,5
15599,1
15600,5
15601,1
15602,5
15603,1
15604,5
15605,1
15606,1
15607,5
15608,1
15609,5
15610,5
15611,1
15612,1
15613,1
15614,1
15615,5
15616,5
15617,5
15618,1
15619,5
15620,5
15621,1
15622,5
15623,5
15624,5
15625,1
15626,1
15627,1
15628,1
15629,1
15630,5
15631,1
15632,5
15633,5
15634,1
15635,1
15636,1
15637,1
15638,1
15639,5
15640,1
15641,1
15642,1
15643,5
15644,5
15645,5
15646,5
15647,5
15648,1
15649,1
15650,1
15651,1
15652,1
15653,1
15654,1
15655,1
15656,5
15657,1
15658,5
15659,5
15660,5
15661,5
15662,1
15663,5
15664,5
15665,1
15666,1
15667,5
15668,5
15669,5
15670,5
15671,5
15672,5
15673,5
15674,1
15675,5
15676,5
15677,5
15678,5
15679,5
15680,5
15681,5
15682,1
15683,5
15684,5
15685,5
15686,5
15687,5
15688,5
15689,1
15690,1
15691,5
15692,5
15693,5
15694,5
15695,5
15696,5
15697,5
15698,5
15699,5
15700,1
15701,5
15702,1
15703,5
15704,5
15705,1
15706,1
15707,5
15708,5
15709,5
15710,5
15711,5
15712,5
15713,5
15714,1
15715,1
15716,1
15717,5
15718,5
15719,5
15720,5
15721,5
15722,1
15723,1
15724,1
15725,5
15726,1
15727,5
15728,1
15729,5
15730,5
15731,5
15732,5
15733,1
15734,1
15735,5
15736,5
15737,5
15738,1
15739,5
15740,5
15741,1
15742,5
15743,1
15744,1
15745,5
15746,1
15747,1
15748,5
15749,1
15750,5
15751,5
15752,1
15753,5
15754,5
15755,5
15756,1
15757,5
15758,5
15759,1
15760,1
15761,5
15762,1
15763,5
15764,1
15765,5
15766,1
15767,5
15768,1
15769,5
15770,5
15771,1
15772,5
15773,5
15774,5
15775,1
15776,1
15777,5
15778,5
15779,5
15780,5
15781,5
15782,5
15783,1
15784,5
15785,1
15786,5
15787,5
15788,1
15789,5
15790,5
15791,1
15792,5
15793,5
15794,5
15795,1
15796,5
15797,1
15798,1
15799,5
15800,5
15801,1
15802,1
15803,1
15804,1
15805,1
15806,1
15807,1
15808,5
15809,5
15810,5
15811,5
15812,5
15813,5
15814,1
15815,1
15816,1
15817,5
15818,5
15819,1
15820,5
15821,5
15822,5
15823,1
15824,1
15825,1
15826,1
15827,1
15828,5
15829,1
15830,1
15831,1
15832,1
15833,5
15834,5
15835,1
15836,1
15837,5
15838,5
15839,5
15840,5
15841,5
15842,1
15843,5
15844,1
15845,1
15846,5
15847,5
15848,5
15849,1
15850,1
15851,1
15852,5
15853,5
15854,5
15855,5
15856,5
15857,5
15858,5
15859,5
15860,1
15861,5
15862,1
15863,1
15864,1
15865,1
15866,1
15867,5
15868,5
15869,5
15870,5
15871,1
15872,1
15873,1
15874,1
15875,1
15876,1
15877,5
15878,1
15879,1
15880,5
15881,5
15882,5
15883,1
15884,1
15885,1
15886,1
15887,1
15888,5
15889,5
15890,5
15891,5
15892,1
15893,1
15894,1
15895,1
15896,1
15897,5
15898,5
15899,5
15900,1
15901,1
15902,5
15903,1
15904,1
15905,1
15906,1
15907,1
15908,1
15909,5
15910,5
15911,1
15912,1
15913,5
15914,5
15915,5
15916,1
15917,5
15918,1
15919,5
15920,5
15921,5
15922,5
15923,5
15924,5
15925,5
15926,1
15927,1
15928,5
15929,5
15930,1
15931,5
15932,5
15933,1
15934,5
15935,5
15936,5
15937,1
15938,1
15939,5
15940,5
15941,1
15942,5
15943,1
15944,5
15945,1
15946,1
15947,5
15948,5
15949,5
15950,5
15951,1
15952,5
15953,5
15954,5
15955,1
15956,1
15957,1
15958,1
15959,5
15960,1
15961,1
15962,1
15963,5
15964,1
15965,1
15966,1
15967,5
15968,5
15969,1
15970,1
15971,1
15972,5
15973,1
15974,1
15975,1
15976,5
15977,5
15978,5
15979,1
15980,5
15981,1
15982,5
15983,1
15984,5
15985,5
15986,5
15987,1
15988,1
15989,5
15990,5
15991,5
15992,5
15993,1
15994,5
15995,5
15996,5
15997,5
15998,5
15999,1
16000,5
16001,5
16002,5
16003,5
16004,1
16005,1
16006,1
16007,1
16008,1
16009,1
16010,1
16011,1
16012,1
16013,5
16014,1
16015,1
16016,1
16017,1
16018,1
16019,5
16020,1
16021,1
16022,1
16023,1
16024,1
16025,1
16026,1
16027,1
16028,1
16029,1
16030,1
16031,5
16032,1
16033,5
16034,1
16035,1
16036,5
16037,5
16038,1
16039,5
16040,5
16041,1
16042,1
16043,5
16044,5
16045,5
16046,5
16047,1
16048,5
16049,5
16050,1
16051,1
16052,1
16053,1
16054,5
16055,5
16056,5
16057,1
16058,5
16059,5
16060,5
16061,1
16062,5
16063,5
16064,5
16065,1
16066,1
16067,5
16068,5
16069,5
16070,1
16071,1
16072,1
16073,1
16074,1
16075,1
16076,1
16077,5
16078,1
16079,1
16080,1
16081,5
16082,1
16083,1
16084,1
16085,5
16086,5
16087,5
16088,5
16089,1
16090,1
16091,1
16092,5
16093,5
16094,5
16095,1
16096,1
16097,1
16098,5
16099,5
16100,1
16101,5
16102,1
16103,5
16104,1
16105,5
16106,5
16107,5
16108,5
16109,5
16110,5
16111,5
16112,5
16113,5
16114,1
16115,1
16116,5
16117,5
16118,1
16119,1
16120,5
16121,1
16122,1
16123,1
16124,1
16125,1
16126,1
16127,1
16128,1
16129,1
16130,1
16131,1
16132,1
16133,1
16134,1
16135,1
16136,1
16137,5
16138,1
16139,5
16140,5
16141,5
16142,1
16143,1
16144,1
16145,1
16146,1
16147,1
16148,1
16149,1
16150,5
16151,5
16152,5
16153,1
16154,1
16155,1
16156,5
16157,1
16158,1
16159,5
16160,1
16161,1
16162,5
16163,5
16164,1
16165,5
16166,5
16167,1
16168,5
16169,5
16170,1
16171,1
16172,5
16173,1
16174,1
16175,1
16176,1
16177,1
16178,1
16179,5
16180,1
16181,5
16182,5
16183,1
16184,1
16185,5
16186,1
16187,5
16188,1
16189,1
16190,1
16191,1
16192,1
16193,1
16194,1
16195,5
16196,1
16197,1
16198,5
16199,5
16200,5
16201,1
16202,5
16203,5
16204,5
16205,5
16206,5
16207,1
16208,5
16209,5
16210,5
16211,1
16212,1
16213,1
16214,1
16215,1
16216,1
16217,5
16218,1
16219,1
16220,5
16221,1
16222,1
16223,5
16224,1
16225,5
16226,5
16227,5
16228,5
16229,5
16230,5
16231,5
16232,5
16233,5
16234,1
16235,5
16236,5
16237,5
16238,1
16239,5
16240,5
16241,5
16242,5
16243,5
16244,1
16245,1
16246,1
16247,5
16248,5
16249,1
16250,5
16251,1
16252,1
16253,5
16254,1
16255,1
16256,5
16257,5
16258,5
16259,1
16260,5
16261,1
16262,1
16263,5
16264,1
16265,5
16266,1
16267,1
16268,1
16269,1
16270,1
16271,5
16272,5
16273,5
16274,5
16275,5
16276,5
16277,5
16278,5
16279,5
16280,5
16281,5
16282,5
16283,1
16284,1
16285,5
16286,1
16287,1
16288,1
16289,1
16290,1
16291,5
16292,5
16293,5
16294,5
16295,5
16296,5
16297,5
16298,5
16299,5
16300,5
16301,5
16302,5
16303,5
16304,5
16305,1
16306,1
16307,5
16308,1
16309,1
16310,1
16311,1
16312,5
16313,1
16314,1
16315,1
16316,5
16317,5
16318,1
16319,5
16320,5
16321,5
16322,5
16323,1
16324,5
16325,1
16326,1
16327,1
16328,1
16329,1
16330,1
16331,1
16332,5
16333,1
16334,5
16335,5
16336,5
16337,5
16338,5
16339,1
16340,5
16341,1
16342,5
16343,5
16344,1
16345,5
16346,5
16347,5
16348,1
16349,5
16350,5
16351,5
16352,1
16353,5
16354,5
16355,5
16356,5
16357,5
16358,1
16359,5
16360,5
16361,5
16362,1
16363,5
16364,1
16365,5
16366,5
16367,1
16368,1
16369,5
16370,1
16371,5
16372,5
16373,1
16374,5
16375,5
16376,5
16377,1
16378,5
16379,1
16380,5
16381,1
16382,5
16383,5
16384,1
16385,5
16386,5
16387,1
16388,5
16389,1
16390,5
16391,5
16392,1
16393,1
16394,5
16395,5
16396,5
16397,5
16398,5
16399,5
16400,1
16401,1
16402,5
16403,5
16404,1
16405,5
16406,5
16407,1
16408,1
16409,1
16410,5
16411,5
16412,1
16413,5
16414,5
16415,1
16416,1
16417,5
16418,1
16419,5
16420,5
16421,5
16422,5
16423,5
16424,1
16425,1
16426,1
16427,1
16428,1
16429,1
16430,5
16431,1
16432,1
16433,5
16434,5
16435,5
16436,1
16437,1
16438,1
16439,1
16440,1
16441,1
16442,5
16443,5
16444,5
16445,5
16446,5
16447,5
16448,1
16449,1
16450,1
16451,1
16452,1
16453,5
16454,5
16455,1
16456,1
16457,5
16458,5
16459,5
16460,5
16461,5
16462,1
16463,1
16464,5
16465,1
16466,1
16467,1
16468,1
16469,1
16470,5
16471,1
16472,1
16473,5
16474,1
16475,5
16476,1
16477,1
16478,5
16479,1
16480,5
16481,5
16482,1
16483,5
16484,5
16485,1
16486,5
16487,1
16488,1
16489,5
16490,5
16491,1
16492,5
16493,5
16494,5
16495,1
16496,5
16497,5
16498,5
16499,5
16500,1
16501,1
16502,1
16503,5
16504,5
16505,5
16506,5
16507,5
16508,5
16509,5
16510,5
16511,1
16512,1
16513,1
16514,1
16515,5
16516,5
16517,5
16518,5
16519,5
16520,5
16521,5
16522,5
16523,5
16524,1
16525,1
16526,1
16527,1
16528,1
16529,5
16530,1
16531,5
16532,1
16533,5
16534,1
16535,5
16536,1
16537,1
16538,5
16539,1
16540,5
16541,5
16542,1
16543,1
16544,1
16545,5
16546,5
16547,1
16548,5
16549,5
16550,5
16551,5
16552,1
16553,5
16554,1
16555,5
16556,5
16557,5
16558,5
16559,5
16560,5
16561,1
16562,1
16563,1
16564,1
16565,1
16566,5
16567,1
16568,5
16569,5
16570,1
16571,1
16572,5
16573,1
16574,1
16575,1
16576,1
16577,1
16578,1
16579,5
16580,1
16581,1
16582,1
16583,1
16584,1
16585,1
16586,5
16587,1
16588,1
16589,1
16590,5
16591,5
16592,5
16593,5
16594,5
16595,5
16596,5
16597,5
16598,1
16599,5
16600,5
16601,1
16602,1
16603,5
16604,5
16605,5
16606,5
16607,5
16608,5
16609,5
16610,1
16611,5
16612,5
16613,5
16614,1
16615,5
16616,5
16617,5
16618,5
16619,1
16620,1
16621,1
16622,5
16623,5
16624,5
16625,1
16626,1
16627,1
16628,5
16629,1
16630,1
16631,5
16632,5
16633,1
16634,1
16635,1
16636,5
16637,5
16638,5
16639,1
16640,5
16641,5
16642,5
16643,1
16644,5
16645,1
16646,1
16647,5
16648,1
16649,5
16650,5
16651,5
16652,5
16653,5
16654,1
16655,1
16656,5
16657,5
16658,1
16659,5
16660,5
16661,1
16662,5
16663,1
16664,1
16665,5
16666,5
16667,5
16668,5
16669,5
16670,1
16671,5
16672,1
16673,5
16674,5
16675,5
16676,1
16677,5
16678,1
16679,5
16680,5
16681,1
16682,1
16683,1
16684,1
16685,5
16686,5
16687,5
16688,5
16689,1
16690,1
16691,5
16692,1
16693,5
16694,1
16695,5
16696,5
16697,5
16698,5
16699,5
16700,1
16701,5
16702,1
16703,5
16704,5
16705,1
16706,5
16707,1
16708,1
16709,1
16710,1
16711,5
16712,5
16713,1
16714,5
16715,5
16716,5
16717,1
16718,5
16719,5
16720,5
16721,5
16722,5
16723,5
16724,1
16725,1
16726,5
16727,5
16728,1
16729,5
16730,5
16731,5
16732,1
16733,5
16734,1
16735,1
16736,5
16737,5
16738,5
16739,5
16740,1
16741,1
16742,5
16743,5
16744,1
16745,1
16746,5
16747,5
16748,5
16749,1
16750,1
16751,1
16752,5
16753,1
16754,1
16755,1
16756,5
16757,1
16758,1
16759,1
16760,1
16761,1
16762,1
16763,1
16764,5
16765,1
16766,5
16767,5
16768,5
16769,5
16770,5
16771,5
16772,5
16773,5
16774,5
16775,5
16776,5
16777,1
16778,5
16779,1
16780,1
16781,1
16782,1
16783,1
16784,5
16785,1
16786,1
16787,1
16788,1
16789,1
16790,1
16791,5
16792,5
16793,5
16794,5
16795,5
16796,1
16797,1
16798,1
16799,5
16800,5
16801,1
16802,5
16803,5
16804,5
16805,5
16806,5
16807,1
16808,5
16809,1
16810,5
16811,5
16812,5
16813,5
16814,5
16815,5
16816,5
16817,1
16818,1
16819,1
16820,5
16821,5
16822,1
16823,5
16824,5
16825,1
16826,1
16827,1
16828,5
16829,5
16830,5
16831,1
16832,1
16833,1
16834,1
16835,1
16836,1
16837,1
16838,5
16839,5
16840,5
16841,1
16842,1
16843,5
16844,5
16845,5
16846,1
16847,5
16848,1
16849,1
16850,5
16851,5
16852,1
16853,1
16854,5
16855,5
16856,5
16857,5
16858,1
16859,1
16860,1
16861,1
16862,5
16863,5
16864,5
16865,5
16866,5
16867,5
16868,1
16869,5
16870,5
16871,5
16872,5
16873,5
16874,1
16875,1
16876,1
16877,5
16878,5
16879,1
16880,1
16881,5
16882,1
16883,1
16884,1
16885,5
16886,1
16887,1
16888,1
16889,5
16890,1
16891,1
16892,1
16893,5
16894,5
16895,1
16896,1
16897,1
16898,5
16899,5
16900,1
16901,1
16902,1
16903,5
16904,1
16905,1
16906,5
16907,1
16908,1
16909,5
16910,5
16911,5
16912,1
16913,5
16914,1
16915,1
16916,5
16917,5
16918,1
16919,1
16920,1
16921,5
16922,1
16923,5
16924,5
16925,5
16926,1
16927,1
16928,1
16929,5
16930,1
16931,1
16932,5
16933,5
16934,5
16935,5
16936,1
16937,1
16938,1
16939,1
16940,5
16941,1
16942,1
16943,5
16944,1
16945,1
16946,1
16947,1
16948,1
16949,5
16950,1
16951,1
16952,1
16953,1
16954,1
16955,5
16956,1
16957,1
16958,5
16959,1
16960,1
16961,5
16962,1
16963,1
16964,1
16965,1
16966,5
16967,5
16968,1
16969,5
16970,5
16971,1
16972,5
16973,1
16974,1
16975,5
16976,1
16977,1
16978,5
16979,1
16980,1
16981,1
16982,1
16983,1
16984,1
16985,1
16986,1
16987,1
16988,1
16989,5
16990,1
16991,1
16992,5
16993,5
16994,1
16995,5
16996,5
16997,5
16998,1
16999,5
17000,5
17001,5
17002,1
17003,1
17004,1
17005,1
17006,1
17007,1
17008,5
17009,1
17010,1
17011,1
17012,5
17013,5
17014,5
17015,1
17016,5
17017,1
17018,5
17019,1
17020,1
17021,1
17022,1
17023,5
17024,5
17025,5
17026,5
17027,1
17028,5
17029,5
17030,5
17031,5
17032,5
17033,1
17034,5
17035,5
17036,1
17037,5
17038,5
17039,5
17040,5
17041,5
17042,1
17043,1
17044,5
17045,1
17046,1
17047,1
17048,5
17049,1
17050,5
17051,1
17052,1
17053,5
17054,5
17055,5
17056,1
17057,1
17058,1
17059,5
17060,5
17061,1
17062,5
17063,5
17064,5
17065,5
17066,1
17067,5
17068,1
17069,5
17070,5
17071,1
17072,5
17073,1
17074,1
17075,5
17076,1
17077,1
17078,5
17079,5
17080,1
17081,1
17082,5
17083,5
17084,1
17085,1
17086,1
17087,5
17088,1
17089,1
17090,1
17091,5
17092,5
17093,1
17094,1
17095,1
17096,1
17097,5
17098,1
17099,5
17100,5
17101,5
17102,5
17103,5
17104,1
17105,1
17106,5
17107,5
17108,1
17109,5
17110,1
17111,1
17112,1
17113,1
17114,1
17115,5
17116,1
17117,5
17118,5
17119,5
17120,1
17121,5
17122,5
17123,5
17124,5
17125,5
17126,5
17127,1
17128,5
17129,5
17130,5
17131,5
17132,1
17133,5
17134,5
17135,5
17136,5
17137,5
17138,5
17139,1
17140,5
17141,5
17142,5
17143,5
17144,5
17145,5
17146,1
17147,1
17148,5
17149,5
17150,5
17151,5
17152,5
17153,1
17154,1
17155,1
17156,1
17157,1
17158,5
17159,1
17160,5
17161,1
17162,1
17163,5
17164,5
17165,5
17166,5
17167,1
17168,1
17169,5
17170,1
17171,5
17172,1
17173,1
17174,5
17175,5
17176,1
17177,5
17178,1
17179,1
17180,1
17181,1
17182,1
17183,5
17184,5
17185,1
17186,5
17187,5
17188,5
17189,1
17190,1
17191,5
17192,5
17193,5
17194,5
17195,5
17196,1
17197,1
17198,1
17199,1
17200,5
17201,5
17202,5
17203,5
17204,1
17205,5
17206,5
17207,5
17208,5
17209,1
17210,5
17211,1
17212,5
17213,1
17214,5
17215,1
17216,5
17217,5
17218,1
17219,1
17220,5
17221,1
17222,1
17223,1
17224,1
17225,1
17226,1
17227,1
17228,5
17229,5
17230,5
17231,5
17232,5
17233,1
17234,5
17235,5
17236,1
17237,5
17238,5
17239,5
17240,5
17241,1
17242,1
17243,5
17244,1
17245,5
17246,5
17247,5
17248,1
17249,5
17250,5
17251,5
17252,1
17253,5
17254,5
17255,5
17256,1
17257,1
17258,5
17259,5
17260,5
17261,1
17262,1
17263,1
17264,5
17265,5
17266,1
17267,5
17268,5
17269,1
17270,5
17271,5
17272,1
17273,5
17274,1
17275,1
17276,5
17277,5
17278,5
17279,5
17280,5
17281,1
17282,5
17283,1
17284,1
17285,1
17286,1
17287,1
17288,1
17289,5
17290,5
17291,1
17292,5
17293,1
17294,1
17295,1
17296,1
17297,1
17298,1
17299,1
17300,5
17301,5
17302,5
17303,1
17304,5
17305,1
17306,5
17307,1
17308,5
17309,5
17310,1
17311,5
17312,5
17313,1
17314,5
17315,5
17316,1
17317,5
17318,1
17319,5
17320,5
17321,1
17322,5
17323,1
17324,1
17325,5
17326,5
17327,1
17328,5
17329,1
17330,1
17331,1
17332,5
17333,5
17334,1
17335,1
17336,5
17337,5
17338,5
17339,5
17340,1
17341,1
17342,1
17343,1
17344,5
17345,1
17346,5
17347,5
17348,5
17349,5
17350,5
17351,1
17352,5
17353,5
17354,5
17355,1
17356,5
17357,1
17358,5
17359,5
17360,5
17361,5
17362,5
17363,5
17364,5
17365,5
17366,5
17367,5
17368,5
17369,5
17370,5
17371,1
17372,1
17373,5
17374,5
17375,5
17376,5
17377,5
17378,5
17379,1
17380,1
17381,5
17382,5
17383,5
17384,5
17385,5
17386,5
17387,5
17388,5
17389,1
17390,1
17391,1
17392,1
17393,1
17394,1
17395,1
17396,5
17397,1
17398,5
17399,1
17400,1
17401,1
17402,5
17403,1
17404,1
17405,5
17406,1
17407,1
17408,1
17409,1
17410,1
17411,1
17412,1
17413,1
17414,1
17415,1
17416,1
17417,1
17418,5
17419,1
17420,1
17421,1
17422,5
17423,5
17424,1
17425,5
17426,5
17427,5
17428,5
17429,5
17430,5
17431,5
17432,1
17433,5
17434,1
17435,5
17436,1
17437,5
17438,5
17439,5
17440,1
17441,5
17442,5
17443,1
17444,1
17445,5
17446,1
17447,1
17448,1
17449,5
17450,5
17451,1
17452,1
17453,1
17454,1
17455,1
17456,1
17457,1
17458,1
17459,1
17460,1
17461,1
17462,1
17463,1
17464,1
17465,1
17466,1
17467,1
17468,1
17469,5
17470,1
17471,5
17472,5
17473,1
17474,1
17475,1
17476,1
17477,1
17478,1
17479,1
17480,1
17481,1
17482,1
17483,5
17484,1
17485,1
17486,5
17487,5
17488,5
17489,5
17490,5
17491,5
17492,1
17493,1
17494,1
17495,1
17496,1
17497,5
17498,5
17499,1
17500,1
17501,1
17502,5
17503,1
17504,5
17505,1
17506,1
17507,5
17508,5
17509,5
17510,5
17511,1
17512,5
17513,5
17514,5
17515,1
17516,1
17517,1
17518,1
17519,5
17520,5
17521,1
17522,1
17523,1
17524,5
17525,1
17526,5
17527,5
17528,1
17529,5
17530,5
17531,5
17532,5
17533,5
17534,1
17535,5
17536,5
17537,5
17538,5
17539,5
17540,1
17541,1
17542,5
17543,1
17544,5
17545,5
17546,5
17547,5
17548,5
17549,5
17550,1
17551,1
17552,5
17553,1
17554,1
17555,1
17556,1
17557,1
17558,1
17559,5
17560,1
17561,5
17562,5
17563,1
17564,1
17565,1
17566,5
17567,1
17568,5
17569,5
17570,5
17571,5
17572,5
17573,5
17574,5
17575,5
17576,5
17577,1
17578,5
17579,1
17580,5
17581,1
17582,1
17583,5
17584,5
17585,1
17586,5
17587,5
17588,5
17589,5
17590,5
17591,5
17592,5
17593,1
17594,1
17595,5
17596,1
17597,1
17598,5
17599,1
17600,5
17601,1
17602,5
17603,1
17604,5
17605,1
17606,1
17607,5
17608,1
17609,5
17610,5
17611,5
17612,1
17613,5
17614,1
17615,5
17616,1
17617,5
17618,1
17619,1
17620,1
17621,5
17622,1
17623,1
17624,5
17625,5
17626,5
17627,1
17628,1
17629,1
17630,1
17631,1
17632,1
17633,5
17634,5
17635,1
17636,5
17637,5
17638,5
17639,1
17640,1
17641,1
17642,5
17643,5
17644,1
17645,1
17646,5
17647,5
17648,1
17649,1
17650,5
17651,1
17652,5
17653,5
17654,5
17655,5
17656,1
17657,1
17658,1
17659,5
17660,1
17661,1
17662,1
17663,1
17664,5
17665,1
17666,1
17667,1
17668,1
17669,1
17670,1
17671,1
17672,1
17673,1
17674,1
17675,5
17676,1
17677,5
17678,1
17679,1
17680,5
17681,1
17682,1
17683,5
17684,1
17685,5
17686,1
17687,1
17688,5
17689,1
17690,5
17691,5
17692,5
17693,5
17694,1
17695,1
17696,1
17697,1
17698,5
17699,1
17700,1
17701,5
17702,5
17703,5
17704,5
17705,5
17706,5
17707,5
17708,5
17709,1
17710,5
17711,5
17712,5
17713,5
17714,5
17715,5
17716,5
17717,1
17718,1
17719,1
17720,1
17721,1
17722,5
17723,5
17724,5
17725,5
17726,5
17727,5
17728,1
17729,1
17730,1
17731,5
17732,1
17733,1
17734,1
17735,1
17736,5
17737,5
17738,5
17739,1
17740,5
17741,1
17742,5
17743,5
17744,1
17745,5
17746,5
17747,1
17748,5
17749,1
17750,1
17751,5
17752,5
17753,5
17754,5
17755,1
17756,1
17757,1
17758,1
17759,5
17760,1
17761,5
17762,1
17763,1
17764,5
17765,1
17766,1
17767,1
17768,5
17769,1
17770,1
17771,5
17772,5
17773,5
17774,5
17775,5
17776,5
17777,1
17778,5
17779,5
17780,5
17781,1
17782,5
17783,5
17784,5
17785,5
17786,5
17787,5
17788,5
17789,5
17790,1
17791,1
17792,5
17793,5
17794,5
17795,5
17796,1
17797,5
17798,5
17799,5
17800,1
17801,1
17802,1
17803,5
17804,1
17805,1
17806,5
17807,1
17808,1
17809,1
17810,5
17811,5
17812,5
17813,5
17814,1
17815,1
17816,5
17817,1
17818,1
17819,1
17820,1
17821,1
17822,5
17823,1
17824,5
17825,5
17826,1
17827,5
17828,1
17829,5
17830,1
17831,5
17832,5
17833,1
17834,1
17835,1
17836,1
17837,1
17838,5
17839,5
17840,5
17841,5
17842,1
17843,5
17844,1
17845,1
17846,5
17847,1
17848,5
17849,1
17850,5
17851,1
17852,1
17853,1
17854,5
17855,5
17856,5
17857,1
17858,5
17859,5
17860,5
17861,5
17862,5
17863,1
17864,1
17865,5
17866,5
17867,5
17868,5
17869,5
17870,1
17871,5
17872,5
17873,5
17874,5
17875,5
17876,1
17877,5
17878,1
17879,1
17880,1
17881,1
17882,5
17883,1
17884,5
17885,1
17886,5
17887,1
17888,5
17889,1
17890,5
17891,5
17892,1
17893,5
17894,5
17895,5
17896,1
17897,5
17898,5
17899,5
17900,5
17901,5
17902,1
17903,1
17904,1
17905,5
17906,5
17907,1
17908,5
17909,1
17910,5
17911,5
17912,1
17913,1
17914,5
17915,5
17916,5
17917,5
17918,1
17919,1
17920,5
17921,1
17922,1
17923,1
17924,5
17925,5
17926,5
17927,5
17928,1
17929,5
17930,1
17931,1
17932,5
17933,1
17934,1
17935,1
17936,5
17937,5
17938,5
17939,5
17940,5
17941,5
17942,5
17943,1
17944,1
17945,1
17946,1
17947,1
17948,1
17949,5
17950,5
17951,1
17952,5
17953,5
17954,1
17955,5
17956,1
17957,1
17958,5
17959,5
17960,5
17961,1
17962,1
17963,5
17964,1
17965,1
17966,5
17967,1
17968,5
17969,5
17970,1
17971,5
17972,5
17973,5
17974,5
17975,1
17976,5
17977,1
17978,5
17979,5
17980,1
17981,5
17982,5
17983,1
17984,1
17985,1
17986,5
17987,1
17988,5
17989,5
17990,5
17991,1
17992,1
17993,1
17994,5
17995,5
17996,5
17997,5
17998,5
17999,5
18000,5
18001,5
18002,1
18003,5
18004,1
18005,5
18006,1
18007,5
18008,5
18009,1
18010,5
18011,5
18012,5
18013,1
18014,1
18015,5
18016,1
18017,1
18018,1
18019,1
18020,1
18021,5
18022,5
18023,5
18024,1
18025,1
18026,1
18027,1
18028,5
18029,1
18030,1
18031,1
18032,1
18033,1
18034,5
18035,1
18036,1
18037,5
18038,1
18039,5
18040,5
18041,5
18042,5
18043,1
18044,5
18045,5
18046,1
18047,5
18048,1
18049,5
18050,1
18051,1
18052,1
18053,5
18054,5
18055,1
18056,5
18057,5
18058,5
18059,1
18060,5
18061,5
18062,1
18063,1
18064,5
18065,1
18066,1
18067,1
18068,5
18069,1
18070,5
18071,5
18072,5
18073,5
18074,1
18075,5
18076,1
18077,1
18078,1
18079,1
18080,1
18081,5
18082,5
18083,5
18084,5
18085,5
18086,5
18087,1
18088,1
18089,1
18090,1
18091,1
18092,1
18093,1
18094,1
18095,5
18096,1
18097,1
18098,1
18099,1
18100,1
18101,1
18102,1
18103,1
18104,5
18105,1
18106,5
18107,1
18108,1
18109,1
18110,1
18111,5
18112,1
18113,1
18114,5
18115,1
18116,1
18117,1
18118,1
18119,1
18120,5
18121,1
18122,1
18123,5
18124,5
18125,1
18126,5
18127,1
18128,5
18129,5
18130,5
18131,5
18132,5
18133,1
18134,5
18135,5
18136,5
18137,5
18138,5
18139,5
18140,5
18141,5
18142,1
18143,1
18144,5
18145,5
18146,5
18147,5
18148,1
18149,5
18150,5
18151,1
18152,5
18153,5
18154,5
18155,1
18156,5
18157,5
18158,1
18159,1
18160,1
18161,1
18162,1
18163,5
18164,1
18165,1
18166,5
18167,5
18168,1
18169,1
18170,5
18171,1
18172,1
18173,1
18174,5
18175,1
18176,1
18177,1
18178,1
18179,1
18180,5
18181,1
18182,5
18183,5
18184,1
18185,5
18186,5
18187,1
18188,5
18189,1
18190,1
18191,1
18192,1
18193,1
18194,1
18195,1
18196,1
18197,1
18198,1
18199,1
18200,5
18201,5
18202,1
18203,5
18204,5
18205,5
18206,1
18207,5
18208,5
18209,5
18210,1
18211,5
18212,5
18213,1
18214,1
18215,5
18216,1
18217,5
18218,1
18219,1
18220,5
18221,1
18222,5
18223,5
18224,5
18225,5
18226,5
18227,5
18228,5
18229,1
18230,5
18231,5
18232,1
18233,5
18234,1
18235,1
18236,1
18237,5
18238,1
18239,5
18240,1
18241,5
18242,5
18243,1
18244,1
18245,1
18246,1
18247,5
18248,1
18249,5
18250,5
18251,1
18252,5
18253,1
18254,5
18255,5
18256,1
18257,1
18258,5
18259,5
18260,1
18261,5
18262,5
18263,5
18264,1
18265,5
18266,1
18267,5
18268,5
18269,5
18270,5
18271,5
18272,5
18273,5
18274,1
18275,1
18276,5
18277,5
18278,1
18279,5
18280,5
18281,1
18282,5
18283,1
18284,5
18285,5
18286,1
18287,1
18288,5
18289,5
18290,1
18291,1
18292,5
18293,5
18294,5
18295,1
18296,5
18297,5
18298,5
18299,1
18300,1
18301,1
18302,1
18303,1
18304,5
18305,5
18306,5
18307,5
18308,1
18309,5
18310,1
18311,1
18312,5
18313,5
18314,1
18315,1
18316,5
18317,5
18318,5
18319,5
18320,1
18321,1
18322,1
18323,5
18324,1
18325,5
18326,5
18327,5
18328,5
18329,5
18330,5
18331,5
18332,5
18333,1
18334,5
18335,5
18336,5
18337,1
18338,1
18339,5
18340,5
18341,1
18342,1
18343,5
18344,5
18345,5
18346,1
18347,1
18348,1
18349,1
18350,5
18351,1
18352,1
18353,1
18354,5
18355,1
18356,5
18357,5
18358,1
18359,5
18360,5
18361,1
18362,1
18363,1
18364,5
18365,1
18366,1
18367,5
18368,1
18369,5
18370,5
18371,5
18372,1
18373,1
18374,5
18375,5
18376,5
18377,5
18378,1
18379,1
18380,1
18381,1
18382,5
18383,5
18384,5
18385,5
18386,5
18387,1
18388,5
18389,5
18390,5
18391,5
18392,1
18393,5
18394,5
18395,5
18396,5
18397,5
18398,5
18399,5
18400,1
18401,5
18402,5
18403,1
18404,5
18405,5
18406,5
18407,5
18408,5
18409,5
18410,5
18411,5
18412,1
18413,5
18414,5
18415,1
18416,1
18417,5
18418,1
18419,5
18420,5
18421,5
18422,5
18423,1
18424,1
18425,1
18426,5
18427,1
18428,5
18429,1
18430,1
18431,1
18432,1
18433,5
18434,1
18435,1
18436,5
18437,5
18438,5
18439,1
18440,5
18441,5
18442,1
18443,5
18444,1
18445,5
18446,5
18447,1
18448,1
18449,1
18450,1
18451,1
18452,5
18453,1
18454,1
18455,5
18456,5
18457,1
18458,1
18459,5
18460,5
18461,1
18462,5
18463,5
18464,1
18465,1
18466,5
18467,1
18468,5
18469,5
18470,5
18471,1
18472,5
18473,1
18474,1
18475,1
18476,5
18477,5
18478,5
18479,5
18480,1
18481,1
18482,1
18483,1
18484,1
18485,5
18486,1
18487,5
18488,5
18489,5
18490,1
18491,1
18492,1
18493,5
18494,5
18495,1
18496,5
18497,5
18498,5
18499,5
18500,5
18501,1
18502,5
18503,1
18504,5
18505,5
18506,1
18507,5
18508,5
18509,5
18510,1
18511,5
18512,5
18513,5
18514,5
18515,1
18516,5
18517,1
18518,1
18519,5
18520,5
18521,5
18522,1
18523,5
18524,1
18525,1
18526,1
18527,1
18528,5
18529,5
18530,5
18531,5
18532,5
18533,1
18534,1
18535,1
18536,1
18537,5
18538,5
18539,1
18540,5
18541,1
18542,5
18543,5
18544,1
18545,1
18546,5
18547,5
18548,1
18549,1
18550,5
18551,5
18552,5
18553,5
18554,5
18555,5
18556,5
18557,1
18558,5
18559,5
18560,5
18561,5
18562,5
18563,5
18564,5
18565,5
18566,1
18567,1
18568,1
18569,1
18570,1
18571,5
18572,5
18573,5
18574,1
18575,5
18576,5
18577,5
18578,1
18579,5
18580,1
18581,1
18582,5
18583,5
18584,1
18585,1
18586,1
18587,5
18588,1
18589,5
18590,5
18591,5
18592,5
18593,1
18594,1
18595,1
18596,1
18597,1
18598,5
18599,1
18600,5
18601,5
18602,1
18603,5
18604,5
18605,5
18606,1
18607,1
18608,5
18609,1
18610,5
18611,5
18612,1
18613,1
18614,1
18615,1
18616,5
18617,5
18618,5
18619,5
18620,1
18621,5
18622,1
18623,1
18624,5
18625,1
18626,1
18627,1
18628,5
18629,1
18630,5
18631,1
18632,1
18633,1
18634,1
18635,1
18636,5
18637,5
18638,5
18639,1
18640,1
18641,1
18642,1
18643,1
18644,5
18645,5
18646,1
18647,1
18648,1
18649,5
18650,1
18651,1
18652,1
18653,1
18654,5
18655,5
18656,1
18657,5
18658,5
18659,1
18660,5
18661,5
18662,5
18663,5
18664,1
18665,5
18666,1
18667,5
18668,1
18669,1
18670,5
18671,1
18672,1
18673,5
18674,1
18675,1
18676,5
18677,1
18678,5
18679,5
18680,1
18681,5
18682,5
18683,1
18684,5
18685,5
18686,5
18687,5
18688,1
18689,1
18690,5
18691,5
18692,5
18693,5
18694,1
18695,5
18696,5
18697,5
18698,1
18699,1
18700,5
18701,5
18702,1
18703,1
18704,1
18705,1
18706,1
18707,1
18708,5
18709,5
18710,1
18711,1
18712,1
18713,1
18714,5
18715,5
18716,1
18717,5
18718,1
18719,5
18720,1
18721,5
18722,5
18723,5
18724,1
18725,5
18726,5
18727,1
18728,1
18729,1
18730,5
18731,1
18732,1
18733,1
18734,1
18735,5
18736,5
18737,1
18738,1
18739,1
18740,1
18741,5
18742,5
18743,5
18744,5
18745,1
18746,5
18747,1
18748,1
18749,1
18750,1
18751,1
18752,5
18753,5
18754,5
18755,1
18756,5
18757,1
18758,1
18759,5
18760,1
18761,5
18762,5
18763,5
18764,5
18765,5
18766,5
18767,5
18768,5
18769,5
18770,5
18771,1
18772,5
18773,1
18774,1
18775,1
18776,5
18777,1
18778,1
18779,5
18780,1
18781,5
18782,5
18783,1
18784,5
18785,1
18786,1
18787,1
18788,5
18789,1
18790,1
18791,1
18792,1
18793,5
18794,1
18795,1
18796,1
18797,1
18798,1
18799,1
18800,1
18801,1
18802,5
18803,5
18804,1
18805,5
18806,5
18807,1
18808,1
18809,1
18810,1
18811,1
18812,5
18813,1
18814,1
18815,1
18816,1
18817,1
18818,1
18819,1
18820,1
18821,1
18822,5
18823,5
18824,1
18825,5
18826,1
18827,1
18828,1
18829,1
18830,1
18831,1
18832,1
18833,1
18834,5
18835,1
18836,5
18837,5
18838,5
18839,1
18840,5
18841,5
18842,1
18843,5
18844,5
18845,5
18846,5
18847,5
18848,5
18849,5
18850,5
18851,1
18852,5
18853,1
18854,1
18855,5
18856,5
18857,5
18858,5
18859,5
18860,1
18861,1
18862,5
18863,5
18864,5
18865,5
18866,5
18867,1
18868,5
18869,1
18870,5
18871,5
18872,1
18873,1
18874,5
18875,5
18876,5
18877,5
18878,5
18879,5
18880,5
18881,5
18882,1
18883,5
18884,5
18885,1
18886,5
18887,1
18888,1
18889,1
18890,1
18891,1
18892,1
18893,1
18894,5
18895,1
18896,1
18897,1
18898,1
18899,5
18900,1
18901,5
18902,5
18903,5
18904,5
18905,1
18906,5
18907,5
18908,1
18909,1
18910,1
18911,5
18912,1
18913,1
18914,1
18915,1
18916,5
18917,1
18918,5
18919,5
18920,5
18921,1
18922,1
18923,1
18924,5
18925,5
18926,5
18927,5
18928,5
18929,5
18930,5
18931,5
18932,1
18933,5
18934,1
18935,1
18936,1
18937,5
18938,5
18939,5
18940,1
18941,1
18942,1
18943,1
18944,1
18945,5
18946,5
18947,5
18948,1
18949,5
18950,5
18951,1
18952,5
18953,5
18954,1
18955,5
18956,1
18957,5
18958,5
18959,5
18960,5
18961,1
18962,5
18963,5
18964,5
18965,5
18966,1
18967,5
18968,5
18969,1
18970,5
18971,1
18972,5
18973,5
18974,5
18975,1
18976,5
18977,5
18978,5
18979,5
18980,5
18981,5
18982,5
18983,5
18984,1
18985,1
18986,5
18987,5
18988,1
18989,5
18990,5
18991,1
18992,5
18993,5
18994,1
18995,1
18996,5
18997,5
18998,1
18999,5
19000,1
19001,1
19002,5
19003,5
19004,1
19005,5
19006,1
19007,5
19008,5
19009,5
19010,5
19011,5
19012,5
19013,5
19014,1
19015,1
19016,1
19017,5
19018,1
19019,1
19020,1
19021,1
19022,1
19023,1
19024,1
19025,1
19026,1
19027,5
19028,1
19029,1
19030,5
19031,1
19032,1
19033,1
19034,1
19035,1
19036,1
19037,5
19038,5
19039,5
19040,5
19041,1
19042,1
19043,1
19044,1
19045,1
19046,1
19047,5
19048,5
19049,1
19050,1
19051,1
19052,5
19053,5
19054,5
19055,1
19056,1
19057,1
19058,5
19059,1
19060,5
19061,5
19062,5
19063,5
19064,5
19065,1
19066,1
19067,5
19068,5
19069,1
19070,1
19071,1
19072,5
19073,5
19074,1
19075,1
19076,1
19077,1
19078,1
19079,1
19080,1
19081,1
19082,5
19083,5
19084,5
19085,1
19086,1
19087,5
19088,5
19089,1
19090,1
19091,5
19092,1
19093,1
19094,1
19095,1
19096,1
19097,5
19098,1
19099,5
19100,5
19101,1
19102,1
19103,1
19104,1
19105,1
19106,5
19107,5
19108,5
19109,1
19110,5
19111,5
19112,1
19113,1
19114,1
19115,1
19116,5
19117,5
19118,1
19119,5
19120,5
19121,5
19122,5
19123,1
19124,5
19125,1
19126,5
19127,1
19128,1
19129,5
19130,1
19131,1
19132,5
19133,5
19134,5
19135,5
19136,5
19137,1
19138,5
19139,1
19140,5
19141,5
19142,5
19143,5
19144,5
19145,5
19146,5
19147,5
19148,1
19149,1
19150,1
19151,1
19152,5
19153,1
19154,1
19155,5
19156,1
19157,5
19158,5
19159,5
19160,1
19161,5
19162,5
19163,5
19164,5
19165,5
19166,1
19167,1
19168,1
19169,5
19170,5
19171,5
19172,5
19173,5
19174,5
19175,1
19176,1
19177,1
19178,1
19179,1
19180,1
19181,1
19182,5
19183,1
19184,1
19185,5
19186,1
19187,1
19188,1
19189,1
19190,1
19191,1
19192,5
19193,5
19194,1
19195,5
19196,5
19197,5
19198,5
19199,5
19200,1
19201,1
19202,1
19203,1
19204,1
19205,1
19206,1
19207,1
19208,5
19209,1
19210,1
19211,1
19212,1
19213,5
19214,5
19215,1
19216,5
19217,1
19218,5
19219,1
19220,1
19221,1
19222,5
19223,5
19224,5
19225,5
19226,1
19227,5
19228,5
19229,1
19230,5
19231,1
19232,5
19233,5
19234,1
19235,1
19236,1
19237,5
19238,5
19239,1
19240,1
19241,1
19242,1
19243,5
19244,1
19245,1
19246,1
19247,1
19248,1
19249,5
19250,1
19251,5
19252,1
19253,5
19254,5
19255,5
19256,5
19257,5
19258,1
19259,1
19260,1
19261,1
19262,5
19263,5
19264,1
19265,5
19266,1
19267,1
19268,1
19269,1
19270,5
19271,1
19272,5
19273,1
19274,1
19275,5
19276,5
19277,1
19278,5
19279,5
19280,1
19281,5
19282,1
19283,1
19284,1
19285,1
19286,5
19287,5
19288,1
19289,1
19290,1
19291,1
19292,1
19293,5
19294,5
19295,5
19296,1
19297,5
19298,1
19299,5
19300,5
19301,5
19302,5
19303,1
19304,5
19305,1
19306,1
19307,5
19308,5
19309,1
19310,5
19311,5
19312,5
19313,5
19314,5
19315,5
19316,1
19317,1
19318,5
19319,5
19320,1
19321,1
19322,5
19323,5
19324,1
19325,1
19326,5
19327,1
19328,1
19329,5
19330,5
19331,1
19332,1
19333,5
19334,5
19335,5
19336,1
19337,1
19338,1
19339,1
19340,1
19341,5
19342,5
19343,5
19344,1
19345,1
19346,5
19347,1
19348,5
19349,5
19350,5
19351,1
19352,1
19353,1
19354,5
19355,5
19356,1
19357,1
19358,1
19359,5
19360,5
19361,1
19362,1
19363,5
19364,5
19365,5
19366,5
19367,1
19368,1
19369,1
19370,1
19371,1
19372,1
19373,1
19374,1
19375,1
19376,1
19377,1
19378,5
19379,5
19380,5
19381,1
19382,5
19383,5
19384,1
19385,5
19386,5
19387,5
19388,1
19389,1
19390,1
19391,5
19392,1
19393,5
19394,5
19395,5
19396,1
19397,1
19398,1
19399,5
19400,5
19401,5
19402,1
19403,5
19404,5
19405,5
19406,1
19407,5
19408,5
19409,5
19410,5
19411,5
19412,5
19413,5
19414,5
19415,5
19416,5
19417,1
19418,5
19419,5
19420,5
19421,5
19422,5
19423,5
19424,1
19425,5
19426,5
19427,1
19428,1
19429,1
19430,1
19431,1
19432,5
19433,5
19434,1
19435,5
19436,5
19437,5
19438,5
19439,5
19440,5
19441,1
19442,1
19443,1
19444,5
19445,5
19446,5
19447,1
19448,1
19449,1
19450,1
19451,1
19452,1
19453,1
19454,1
19455,1
19456,5
19457,1
19458,1
19459,5
19460,1
19461,5
19462,1
19463,1
19464,5
19465,5
19466,5
19467,5
19468,5
19469,5
19470,5
19471,5
19472,1
19473,1
19474,5
19475,5
19476,5
19477,5
19478,1
19479,1
19480,5
19481,1
19482,1
19483,1
19484,1
19485,1
19486,5
19487,5
19488,5
19489,5
19490,1
19491,5
19492,1
19493,1
19494,5
19495,5
19496,5
19497,5
19498,5
19499,1
19500,5
19501,1
19502,1
19503,5
19504,5
19505,5
19506,1
19507,5
19508,1
19509,1
19510,1
19511,1
19512,1
19513,1
19514,5
19515,1
19516,5
19517,1
19518,5
19519,5
19520,5
19521,1
19522,5
19523,5
19524,1
19525,5
19526,5
19527,1
19528,1
19529,5
19530,1
19531,5
19532,5
19533,5
19534,1
19535,1
19536,5
19537,1
19538,1
19539,5
19540,5
19541,5
19542,1
19543,1
19544,1
19545,1
19546,1
19547,1
19548,5
19549,1
19550,5
19551,1
19552,1
19553,1
19554,1
19555,1
19556,1
19557,1
19558,5
19559,1
19560,1
19561,5
19562,1
19563,5
19564,1
19565,1
19566,1
19567,1
19568,1
19569,1
19570,1
19571,5
19572,1
19573,5
19574,1
19575,1
19576,1
19577,5
19578,1
19579,1
19580,1
19581,1
19582,5
19583,5
19584,5
19585,5
19586,5
19587,1
19588,5
19589,1
19590,5
19591,1
19592,5
19593,1
19594,5
19595,5
19596,1
19597,1
19598,5
19599,5
19600,5
19601,5
19602,1
19603,5
19604,1
19605,5
19606,1
19607,5
19608,1
19609,1
19610,1
19611,5
19612,5
19613,1
19614,5
19615,1
19616,5
19617,1
19618,1
19619,1
19620,1
19621,5
19622,5
19623,1
19624,5
19625,5
19626,5
19627,5
19628,1
19629,5
19630,5
19631,1
19632,5
19633,1
19634,5
19635,5
19636,1
19637,1
19638,1
19639,1
19640,5
19641,5
19642,1
19643,1
19644,5
19645,5
19646,5
19647,5
19648,1
19649,1
19650,1
19651,1
19652,1
19653,5
19654,1
19655,5
19656,1
19657,5
19658,5
19659,5
19660,5
19661,1
19662,5
19663,5
19664,1
19665,1
19666,5
19667,5
19668,1
19669,5
19670,5
19671,5
19672,5
19673,5
19674,1
19675,1
19676,5
19677,1
19678,5
19679,5
19680,1
19681,1
19682,5
19683,5
19684,1
19685,5
19686,1
19687,5
19688,5
19689,5
19690,1
19691,1
19692,1
19693,1
19694,1
19695,1
19696,5
19697,5
19698,5
19699,1
19700,1
19701,1
19702,5
19703,5
19704,1
19705,1
19706,5
19707,5
19708,5
19709,5
19710,5
19711,5
19712,5
19713,5
19714,5
19715,5
19716,5
19717,5
19718,5
19719,5
19720,5
19721,5
19722,1
19723,5
19724,5
19725,1
19726,5
19727,1
19728,1
19729,5
19730,1
19731,1
19732,1
19733,1
19734,1
19735,5
19736,1
19737,1
19738,5
19739,1
19740,1
19741,1
19742,1
19743,5
19744,5
19745,5
19746,5
19747,5
19748,5
19749,5
19750,5
19751,1
19752,5
19753,5
19754,5
19755,5
19756,5
19757,1
19758,1
19759,1
19760,5
19761,1
19762,1
19763,1
19764,5
19765,1
19766,5
19767,1
19768,1
19769,5
19770,5
19771,1
19772,1
19773,5
19774,5
19775,1
19776,5
19777,1
19778,5
19779,1
19780,5
19781,1
19782,5
19783,5
19784,1
19785,5
19786,5
19787,5
19788,5
19789,5
19790,5
19791,1
19792,5
19793,1
19794,1
19795,1
19796,5
19797,1
19798,5
19799,5
19800,1
19801,5
19802,5
19803,1
19804,1
19805,5
19806,5
19807,5
19808,5
19809,1
19810,5
19811,5
19812,1
19813,1
19814,5
19815,5
19816,5
19817,5
19818,5
19819,1
19820,1
19821,1
19822,1
19823,5
19824,5
19825,5
19826,5
19827,5
19828,5
19829,1
19830,5
19831,5
19832,5
19833,5
19834,5
19835,1
19836,1
19837,1
19838,5
19839,1
19840,5
19841,5
19842,5
19843,5
19844,1
19845,5
19846,5
19847,1
19848,1
19849,5
19850,5
19851,1
19852,1
19853,5
19854,5
19855,5
19856,1
19857,1
19858,5
19859,1
19860,1
19861,1
19862,5
19863,5
19864,1
19865,1
19866,1
19867,5
19868,1
19869,1
19870,5
19871,5
19872,1
19873,5
19874,1
19875,1
19876,1
19877,1
19878,1
19879,1
19880,5
19881,5
19882,5
19883,1
19884,1
19885,1
19886,5
19887,5
19888,5
19889,1
19890,1
19891,5
19892,1
19893,1
19894,5
19895,5
19896,5
19897,1
19898,5
19899,5
19900,1
19901,1
19902,1
19903,1
19904,1
19905,1
19906,5
19907,1
19908,1
19909,5
19910,5
19911,5
19912,5
19913,5
19914,1
19915,1
19916,1
19917,1
19918,1
19919,1
19920,5
19921,5
19922,5
19923,5
19924,1
19925,1
19926,5
19927,5
19928,5
19929,1
19930,1
19931,5
19932,5
19933,5
19934,5
19935,5
19936,1
19937,5
19938,5
19939,5
19940,5
19941,5
19942,5
19943,5
19944,5
19945,1
19946,5
19947,5
19948,5
19949,5
19950,1
19951,1
19952,1
19953,1
19954,1
19955,1
19956,5
19957,5
19958,5
19959,5
19960,1
19961,1
19962,1
19963,1
19964,5
19965,5
19966,1
19967,5
19968,5
19969,1
19970,1
19971,5
19972,1
19973,1
19974,5
19975,5
19976,5
19977,5
19978,1
19979,1
19980,5
19981,5
19982,5
19983,5
19984,1
19985,5
19986,5
19987,1
19988,5
19989,5
19990,1
19991,1
19992,5
19993,1
19994,5
19995,1
19996,1
19997,5
19998,5
19999,5
20000,5
20001,1
20002,1
20003,5
20004,1
20005,1
20006,1
20007,1
20008,5
20009,1
20010,1
20011,5
20012,5
20013,1
20014,1
20015,1
20016,5
20017,1
20018,5
20019,5
20020,5
20021,5
20022,1
20023,5
20024,5
20025,1
20026,1
20027,5
20028,5
20029,1
20030,5
20031,1
20032,1
20033,1
20034,5
20035,1
20036,5
20037,5
20038,5
20039,1
20040,5
20041,5
20042,1
20043,5
20044,1
20045,5
20046,5
20047,1
20048,5
20049,5
20050,1
20051,5
20052,5
20053,5
20054,1
20055,5
20056,1
20057,1
20058,1
20059,5
20060,1
20061,1
20062,1
20063,1
20064,1
20065,1
20066,5
20067,5
20068,1
20069,5
20070,5
20071,1
20072,1
20073,5
20074,5
20075,5
20076,1
20077,1
20078,5
20079,5
20080,5
20081,5
20082,5
20083,5
20084,5
20085,1
20086,5
20087,5
20088,5
20089,5
20090,5
20091,5
20092,5
20093,5
20094,5
20095,1
20096,5
20097,5
20098,1
20099,5
20100,1
20101,5
20102,1
20103,1
20104,1
20105,1
20106,5
20107,5
20108,1
20109,1
20110,1
20111,1
20112,1
20113,1
20114,1
20115,1
20116,1
20117,1
20118,5
20119,5
20120,5
20121,5
20122,5
20123,5
20124,5
20125,5
20126,1
20127,1
20128,5
20129,1
20130,5
20131,5
20132,1
20133,1
20134,5
20135,1
20136,5
20137,1
20138,5
20139,5
20140,1
20141,5
20142,5
20143,5
20144,1
20145,5
20146,5
20147,5
20148,1
20149,5
20150,5
20151,5
20152,5
20153,1
20154,1
20155,5
20156,1
20157,1
20158,1
20159,1
20160,5
20161,1
20162,1
20163,1
20164,1
20165,1
20166,5
20167,5
20168,5
20169,5
20170,5
20171,5
20172,5
20173,5
20174,5
20175,1
20176,5
20177,1
20178,1
20179,5
20180,1
20181,1
20182,5
20183,5
20184,5
20185,5
20186,5
20187,5
20188,5
20189,5
20190,5
20191,1
20192,1
20193,5
20194,1
20195,5
20196,5
20197,5
20198,1
20199,1
20200,5
20201,1
20202,5
20203,5
20204,1
20205,1
20206,5
20207,5
20208,1
20209,5
20210,5
20211,1
20212,1
20213,1
20214,1
20215,1
20216,1
20217,1
20218,1
20219,1
20220,5
20221,1
20222,1
20223,1
20224,5
20225,1
20226,1
20227,5
20228,5
20229,5
20230,5
20231,5
20232,1
20233,1
20234,5
20235,5
20236,5
20237,5
20238,1
20239,1
20240,1
20241,1
20242,1
20243,1
20244,1
20245,1
20246,5
20247,1
20248,1
20249,5
20250,5
20251,5
20252,1
20253,1
20254,5
20255,5
20256,5
20257,5
20258,1
20259,1
20260,1
20261,5
20262,5
20263,1
20264,1
20265,5
20266,5
20267,5
20268,1
20269,5
20270,5
20271,5
20272,1
20273,1
20274,1
20275,1
20276,5
20277,5
20278,5
20279,5
20280,5
20281,5
20282,5
20283,1
20284,5
20285,5
20286,5
20287,1
20288,1
20289,5
20290,5
20291,1
20292,5
20293,5
20294,1
20295,1
20296,1
20297,1
20298,1
20299,5
20300,5
20301,5
20302,5
20303,5
20304,5
20305,5
20306,5
20307,5
20308,1
20309,5
20310,1
20311,1
20312,1
20313,1
20314,1
20315,1
20316,1
20317,5
20318,5
20319,1
20320,5
20321,5
20322,1
20323,5
20324,5
20325,5
20326,1
20327,5
20328,5
20329,5
20330,1
20331,5
20332,1
20333,1
20334,5
20335,5
20336,5
20337,5
20338,5
20339,1
20340,1
20341,1
20342,1
20343,1
20344,1
20345,1
20346,1
20347,1
20348,5
20349,5
20350,5
20351,5
20352,1
20353,1
20354,5
20355,5
20356,5
20357,1
20358,1
20359,1
20360,1
20361,1
20362,5
20363,5
20364,5
20365,5
20366,1
20367,1
20368,5
20369,5
20370,5
20371,5
20372,1
20373,1
20374,1
20375,5
20376,1
20377,1
20378,5
20379,5
20380,5
20381,5
20382,5
20383,1
20384,5
20385,1
20386,1
20387,1
20388,5
20389,5
20390,1
20391,5
20392,1
20393,1
20394,5
20395,5
20396,1
20397,5
20398,1
20399,5
20400,5
20401,1
20402,5
20403,5
20404,5
20405,5
20406,5
20407,5
20408,1
20409,1
20410,1
20411,5
20412,1
20413,5
20414,1
20415,1
20416,1
20417,5
20418,1
20419,1
20420,1
20421,1
20422,5
20423,5
20424,1
20425,1
20426,1
20427,1
20428,1
20429,1
20430,1
20431,5
20432,1
20433,5
20434,1
20435,1
20436,1
20437,5
20438,1
20439,1
20440,1
20441,1
20442,1
20443,5
20444,1
20445,5
20446,1
20447,1
20448,5
20449,1
20450,5
20451,1
20452,5
20453,1
20454,1
20455,1
20456,1
20457,1
20458,1
20459,5
20460,5
20461,5
20462,5
20463,5
20464,1
20465,1
20466,1
20467,5
20468,5
20469,5
20470,5
20471,5
20472,1
20473,1
20474,5
20475,5
20476,1
20477,5
20478,1
20479,5
20480,1
20481,5
20482,5
20483,1
20484,5
20485,5
20486,5
20487,5
20488,5
20489,5
20490,5
20491,5
20492,5
20493,5
20494,5
20495,5
20496,1
20497,1
20498,1
20499,5
20500,5
20501,5
20502,1
20503,5
20504,5
20505,1
20506,1
20507,5
20508,5
20509,5
20510,1
20511,1
20512,5
20513,5
20514,5
20515,5
20516,5
20517,1
20518,5
20519,1
20520,5
20521,1
20522,1
20523,5
20524,1
20525,1
20526,1
20527,1
20528,1
20529,1
20530,1
20531,1
20532,5
20533,1
20534,1
20535,1
20536,1
20537,1
20538,1
20539,1
20540,1
20541,1
20542,5
20543,5
20544,5
20545,5
20546,5
20547,5
20548,5
20549,5
20550,1
20551,1
20552,5
20553,5
20554,1
20555,1
20556,5
20557,5
20558,5
20559,1
20560,5
20561,5
20562,5
20563,1
20564,1
20565,5
20566,1
20567,1
20568,1
20569,1
20570,5
20571,5
20572,1
20573,1
20574,5
20575,5
20576,5
20577,5
20578,1
20579,5
20580,5
20581,5
20582,5
20583,5
20584,5
20585,1
20586,5
20587,5
20588,1
20589,1
20590,1
20591,1
20592,1
20593,5
20594,5
20595,5
20596,5
20597,5
20598,5
20599,5
20600,5
20601,1
20602,1
20603,1
20604,1
20605,5
20606,1
20607,5
20608,5
20609,1
20610,1
20611,1
20612,5
20613,5
20614,5
20615,5
20616,1
20617,1
20618,5
20619,1
20620,5
20621,1
20622,5
20623,5
20624,1
20625,1
20626,1
20627,1
20628,1
20629,1
20630,1
20631,1
20632,5
20633,5
20634,5
20635,5
20636,5
20637,1
20638,5
20639,1
20640,5
20641,5
20642,5
20643,1
20644,1
20645,1
20646,1
20647,1
20648,5
20649,5
20650,5
20651,5
20652,1
20653,5
20654,5
20655,1
20656,1
20657,1
20658,5
20659,5
20660,5
20661,1
20662,5
20663,5
20664,5
20665,5
20666,1
20667,5
20668,5
20669,1
20670,1
20671,5
20672,5
20673,5
20674,5
20675,5
20676,5
20677,1
20678,5
20679,5
20680,5
20681,1
20682,5
20683,5
20684,5
20685,5
20686,5
20687,5
20688,1
20689,5
20690,5
20691,1
20692,1
20693,5
20694,1
20695,1
20696,1
20697,1
20698,1
20699,5
20700,1
20701,1
20702,5
20703,1
20704,1
20705,1
20706,5
20707,5
20708,5
20709,1
20710,5
20711,5
20712,5
20713,5
20714,5
20715,1
20716,1
20717,5
20718,1
20719,1
20720,1
20721,5
20722,1
20723,1
20724,1
20725,1
20726,5
20727,5
20728,5
20729,5
20730,5
20731,1
20732,5
20733,5
20734,1
20735,1
20736,1
20737,5
20738,1
20739,5
20740,5
20741,5
20742,5
20743,1
20744,5
20745,1
20746,5
20747,5
20748,5
20749,1
20750,1
20751,5
20752,5
20753,5
20754,5
20755,5
20756,1
20757,1
20758,5
20759,5
20760,5
20761,5
20762,5
20763,5
20764,5
20765,1
20766,1
20767,1
20768,1
20769,5
20770,5
20771,5
20772,5
20773,1
20774,1
20775,5
20776,5
20777,1
20778,1
20779,1
20780,5
20781,5
20782,1
20783,1
20784,1
20785,1
20786,1
20787,5
20788,1
20789,5
20790,5
20791,5
20792,5
20793,5
20794,5
20795,5
20796,5
20797,5
20798,1
20799,5
20800,5
20801,1
20802,1
20803,1
20804,5
20805,5
20806,1
20807,1
20808,5
20809,5
20810,5
20811,5
20812,1
20813,5
20814,1
20815,5
20816,1
20817,5
20818,5
20819,1
20820,1
20821,5
20822,5
20823,1
20824,1
20825,5
20826,1
20827,1
20828,5
20829,1
20830,5
20831,5
20832,5
20833,5
20834,5
20835,5
20836,5
20837,5
20838,5
20839,1
20840,1
20841,1
20842,1
20843,1
20844,5
20845,5
20846,1
20847,1
20848,1
20849,5
20850,1
20851,5
20852,5
20853,5
20854,1
20855,5
20856,5
20857,1
20858,1
20859,5
20860,5
20861,1
20862,5
20863,5
20864,1
20865,1
20866,5
20867,5
20868,5
20869,5
20870,1
20871,5
20872,5
20873,1
20874,5
20875,5
20876,5
20877,5
20878,5
20879,5
20880,5
20881,1
20882,5
20883,1
20884,5
20885,1
20886,1
20887,1
20888,5
20889,5
20890,5
20891,5
20892,1
20893,1
20894,1
20895,5
20896,1
20897,5
20898,1
20899,5
20900,5
20901,5
20902,5
20903,1
20904,1
20905,5
20906,1
20907,1
20908,5
20909,5
20910,1
20911,5
20912,5
20913,1
20914,5
20915,1
20916,1
20917,5
20918,1
20919,5
20920,5
20921,5
20922,1
20923,1
20924,5
20925,1
20926,1
20927,1
20928,1
20929,5
20930,5
20931,5
20932,5
20933,5
20934,5
20935,5
20936,5
20937,5
20938,1
20939,1
20940,1
20941,5
20942,1
20943,1
20944,1
20945,1
20946,1
20947,1
20948,1
20949,1
20950,5
20951,1
20952,5
20953,5
20954,5
20955,5
20956,1
20957,1
20958,1
20959,5
20960,5
20961,1
20962,5
20963,5
20964,1
20965,5
20966,5
20967,1
20968,1
20969,1
20970,5
20971,5
20972,5
20973,1
20974,1
20975,5
20976,5
20977,1
20978,5
20979,5
20980,1
20981,5
20982,5
20983,5
20984,1
20985,5
20986,1
20987,5
20988,5
20989,5
20990,5
20991,5
20992,5
20993,1
20994,5
20995,5
20996,1
20997,5
20998,5
20999,5
21000,1
21001,5
21002,1
21003,5
21004,1
21005,1
21006,1
21007,1
21008,1
21009,5
21010,5
21011,5
21012,1
21013,5
21014,1
21015,1
21016,5
21017,1
21018,5
21019,5
21020,5
21021,1
21022,5
21023,5
21024,5
21025,1
21026,5
21027,5
21028,1
21029,5
21030,5
21031,1
21032,1
21033,5
21034,5
21035,1
21036,5
21037,5
21038,5
21039,5
21040,1
21041,1
21042,1
21043,1
21044,5
21045,5
21046,1
21047,5
21048,5
21049,5
21050,1
21051,5
21052,1
21053,1
21054,1
21055,5
21056,5
21057,5
21058,1
21059,1
21060,5
21061,1
21062,5
21063,5
21064,5
21065,1
21066,5
21067,5
21068,5
21069,1
21070,5
21071,1
21072,5
21073,5
21074,5
21075,1
21076,5
21077,5
21078,5
21079,5
21080,1
21081,5
21082,1
21083,1
21084,1
21085,5
21086,5
21087,1
21088,1
21089,1
21090,1
21091,5
21092,5
21093,5
21094,5
21095,1
21096,1
21097,5
21098,5
21099,5
21100,5
21101,1
21102,1
21103,5
21104,1
21105,5
21106,5
21107,1
21108,1
21109,5
21110,5
21111,1
21112,1
21113,5
21114,1
21115,1
21116,1
21117,5
21118,5
21119,5
21120,5
21121,5
21122,1
21123,1
21124,5
21125,1
21126,5
21127,5
21128,5
21129,1
21130,1
21131,1
21132,5
21133,1
21134,5
21135,1
21136,1
21137,1
21138,1
21139,5
21140,5
21141,5
21142,1
21143,5
21144,5
21145,1
21146,5
21147,1
21148,5
21149,5
21150,5
21151,5
21152,5
21153,5
21154,5
21155,1
21156,1
21157,5
21158,5
21159,5
21160,1
21161,5
21162,1
21163,5
21164,5
21165,1
21166,1
21167,5
21168,1
21169,1
21170,5
21171,5
21172,5
21173,1
21174,1
21175,1
21176,5
21177,5
21178,1
21179,1
21180,1
21181,1
21182,1
21183,5
21184,5
21185,1
21186,5
21187,5
21188,5
21189,1
21190,5
21191,1
21192,5
21193,5
21194,5
21195,5
21196,5
21197,1
21198,5
21199,1
21200,1
21201,5
21202,1
21203,5
21204,5
21205,5
21206,5
21207,1
21208,5
21209,1
21210,5
21211,1
21212,1
21213,1
21214,5
21215,5
21216,5
21217,5
21218,5
21219,5
21220,5
21221,1
21222,1
21223,1
21224,5
21225,1
21226,5
21227,1
21228,1
21229,1
21230,1
21231,5
21232,1
21233,1
21234,5
21235,5
21236,1
21237,1
21238,1
21239,1
21240,5
21241,5
21242,5
21243,1
21244,1
21245,1
21246,5
21247,5
21248,5
21249,5
21250,5
21251,5
21252,5
21253,5
21254,1
21255,1
21256,5
21257,5
21258,5
21259,5
21260,1
21261,5
21262,5
21263,5
21264,5
21265,5
21266,5
21267,5
21268,5
21269,5
21270,1
21271,5
21272,5
21273,1
21274,1
21275,1
21276,1
21277,1
21278,1
21279,5
21280,1
21281,5
21282,1
21283,1
21284,5
21285,5
21286,5
21287,5
21288,1
21289,5
21290,5
21291,1
21292,5
21293,5
21294,1
21295,5
21296,5
21297,1
21298,5
21299,5
21300,1
21301,5
21302,5
21303,5
21304,5
21305,5
21306,5
21307,5
21308,5
21309,5
21310,5
21311,5
21312,5
21313,1
21314,5
21315,5
21316,5
21317,1
21318,1
21319,1
21320,1
21321,5
21322,1
21323,1
21324,1
21325,1
21326,5
21327,5
21328,1
21329,1
21330,5
21331,5
21332,1
21333,5
21334,5
21335,5
21336,1
21337,5
21338,5
21339,5
21340,5
21341,1
21342,1
21343,1
21344,1
21345,1
21346,1
21347,5
21348,5
21349,1
21350,5
21351,1
21352,5
21353,1
21354,1
21355,5
21356,1
21357,5
21358,1
21359,5
21360,1
21361,5
21362,5
21363,1
21364,1
21365,1
21366,5
21367,5
21368,5
21369,1
21370,5
21371,1
21372,1
21373,5
21374,5
21375,1
21376,1
21377,5
21378,1
21379,1
21380,1
21381,5
21382,1
21383,5
21384,1
21385,5
21386,1
21387,1
21388,1
21389,1
21390,1
21391,5
21392,5
21393,1
21394,5
21395,1
21396,5
21397,1
21398,5
21399,5
21400,5
21401,5
21402,1
21403,1
21404,5
21405,5
21406,1
21407,5
21408,5
21409,1
21410,1
21411,1
21412,1
21413,5
21414,1
21415,1
21416,5
21417,5
21418,1
21419,1
21420,5
21421,1
21422,5
21423,1
21424,5
21425,1
21426,1
21427,5
21428,5
21429,1
21430,5
21431,5
21432,5
21433,5
21434,5
21435,5
21436,5
21437,5
21438,1
21439,1
21440,5
21441,5
21442,5
21443,5
21444,1
21445,1
21446,5
21447,1
21448,1
21449,5
21450,1
21451,5
21452,5
21453,1
21454,1
21455,1
21456,5
21457,5
21458,1
21459,5
21460,1
21461,1
21462,5
21463,1
21464,5
21465,1
21466,1
21467,1
21468,5
21469,5
21470,5
21471,5
21472,1
21473,5
21474,1
21475,5
21476,5
21477,5
21478,1
21479,1
21480,1
21481,1
21482,5
21483,5
21484,5
21485,5
21486,1
21487,5
21488,5
21489,1
21490,5
21491,5
21492,5
21493,5
21494,5
21495,1
21496,5
21497,5
21498,5
21499,5
21500,1
21501,5
21502,5
21503,1
21504,5
21505,1
21506,5
21507,5
21508,5
21509,1
21510,1
21511,1
21512,5
21513,5
21514,1
21515,5
21516,5
21517,1
21518,1
21519,5
21520,1
21521,5
21522,1
21523,1
21524,5
21525,1
21526,1
21527,5
21528,1
21529,5
21530,1
21531,1
21532,5
21533,5
21534,5
21535,5
21536,1
21537,1
21538,1
21539,1
21540,1
21541,5
21542,1
21543,5
21544,5
21545,1
21546,5
21547,5
21548,5
21549,5
21550,5
21551,1
21552,5
21553,5
21554,1
21555,1
21556,5
21557,1
21558,5
21559,5
21560,1
21561,1
21562,5
21563,5
21564,1
21565,5
21566,1
21567,1
21568,5
21569,5
21570,5
21571,1
21572,5
21573,5
21574,1
21575,5
21576,5
21577,5
21578,1
21579,1
21580,5
21581,5
21582,5
21583,5
21584,5
21585,5
21586,5
21587,5
21588,5
21589,1
21590,1
21591,5
21592,5
21593,5
21594,5
21595,5
21596,1
21597,5
21598,1
21599,5
21600,5
21601,5
21602,1
21603,1
21604,1
21605,5
21606,5
21607,1
21608,1
21609,1
21610,1
21611,5
21612,5
21613,5
21614,5
21615,5
21616,1
21617,1
21618,5
21619,5
21620,1
21621,1
21622,5
21623,5
21624,5
21625,5
21626,1
21627,5
21628,1
21629,1
21630,5
21631,5
21632,5
21633,1
21634,5
21635,1
21636,5
21637,5
21638,5
21639,5
21640,1
21641,1
21642,5
21643,5
21644,1
21645,5
21646,5
21647,1
21648,5
21649,5
21650,5
21651,1
21652,5
21653,5
21654,1
21655,1
21656,1
21657,1
21658,1
21659,5
21660,5
21661,5
21662,5
21663,5
21664,1
21665,5
21666,1
21667,5
21668,1
21669,1
21670,5
21671,1
21672,1
21673,5
21674,5
21675,5
21676,5
21677,1
21678,5
21679,5
21680,1
21681,1
21682,5
21683,5
21684,5
21685,5
21686,1
21687,1
21688,1
21689,5
21690,5
21691,5
21692,5
21693,5
21694,1
21695,5
21696,1
21697,1
21698,1
21699,1
21700,5
21701,5
21702,5
21703,5
21704,5
21705,5
21706,1
21707,5
21708,5
21709,1
21710,1
21711,1
21712,1
21713,5
21714,5
21715,5
21716,5
21717,5
21718,5
21719,5
21720,5
21721,1
21722,5
21723,5
21724,1
21725,1
21726,1
21727,1
21728,1
21729,1
21730,1
21731,1
21732,1
21733,1
21734,1
21735,1
21736,1
21737,1
21738,1
21739,1
21740,1
21741,1
21742,1
21743,1
21744,1
21745,1
21746,5
21747,1
21748,1
21749,1
21750,1
21751,5
21752,1
21753,1
21754,1
21755,1
21756,1
21757,1
21758,1
21759,1
21760,1
21761,5
21762,1
21763,5
21764,1
21765,1
21766,1
21767,1
21768,1
21769,1
21770,1
21771,1
21772,1
21773,1
21774,1
21775,1
21776,1
21777,1
21778,1
21779,1
21780,1
21781,1
21782,1
21783,1
21784,1
21785,1
21786,1
21787,1
21788,1
21789,1
21790,1
21791,5
21792,1
21793,1
21794,1
21795,1
21796,1
21797,1
21798,1
21799,5
21800,1
21801,1
21802,1
21803,1
21804,5
21805,1
21806,1
21807,1
21808,1
21809,1
21810,1
21811,1
21812,1
21813,1
21814,1
21815,5
21816,1
21817,1
21818,1
21819,1
21820,1
21821,1
21822,1
21823,1
21824,1
21825,1
21826,1
21827,1
21828,1
21829,1
21830,1
21831,1
21832,1
21833,1
21834,1
21835,1
21836,1
21837,1
21838,1
21839,1
21840,1
21841,1
21842,1
21843,1
21844,1
21845,1
21846,1
21847,1
21848,1
21849,1
21850,1
21851,1
21852,1
21853,1
21854,1
21855,5
21856,1
21857,1
21858,1
21859,1
21860,1
21861,1
21862,5
21863,5
21864,1
21865,1
21866,1
21867,5
21868,1
21869,1
21870,5
21871,5
21872,5
21873,5
21874,1
21875,5
21876,5
21877,5
21878,1
21879,1
21880,5
21881,1
21882,5
21883,5
21884,5
21885,1
21886,1
21887,5
21888,1
21889,1
21890,1
21891,1
21892,1
21893,5
21894,5
21895,5
21896,5
21897,1
21898,1
21899,1
21900,1
21901,5
21902,5
21903,1
21904,5
21905,5
21906,1
21907,5
21908,5
21909,5
21910,5
21911,5
21912,5
21913,1
21914,5
21915,1
21916,5
21917,1
21918,1
21919,1
21920,1
21921,1
21922,5
21923,1
21924,1
21925,1
21926,1
21927,1
21928,1
21929,5
21930,1
21931,1
21932,5
21933,1
21934,5
21935,1
21936,1
21937,1
21938,5
21939,1
21940,5
21941,5
21942,1
21943,1
21944,5
21945,1
21946,1
21947,1
21948,5
21949,1
21950,1
21951,1
21952,1
21953,5
21954,5
21955,5
21956,1
21957,5
21958,5
21959,1
21960,5
21961,5
21962,1
21963,5
21964,5
21965,5
21966,5
21967,5
21968,5
21969,1
21970,5
21971,5
21972,1
21973,1
21974,1
21975,1
21976,1
21977,5
21978,1
21979,5
21980,5
21981,1
21982,1
21983,5
21984,5
21985,5
21986,1
21987,5
21988,1
21989,5
21990,1
21991,1
21992,5
21993,5
21994,1
21995,1
21996,1
21997,1
21998,1
21999,5
22000,5
22001,1
22002,5
22003,1
22004,5
22005,1
22006,5
22007,5
22008,5
22009,5
22010,1
22011,5
22012,5
22013,1
22014,1
22015,5
22016,1
22017,1
22018,1
22019,5
22020,5
22021,5
22022,5
22023,1
22024,5
22025,5
22026,1
22027,1
22028,5
22029,1
22030,5
22031,5
22032,1
22033,1
22034,1
22035,5
22036,1
22037,5
22038,5
22039,1
22040,5
22041,5
22042,1
22043,1
22044,5
22045,1
22046,1
22047,1
22048,5
22049,1
22050,5
22051,1
22052,5
22053,1
22054,1
22055,1
22056,5
22057,5
22058,5
22059,5
22060,5
22061,1
22062,5
22063,5
22064,5
22065,5
22066,1
22067,5
22068,5
22069,5
22070,1
22071,1
22072,1
22073,1
22074,5
22075,1
22076,5
22077,5
22078,5
22079,1
22080,5
22081,5
22082,5
22083,5
22084,5
22085,5
22086,5
22087,5
22088,5
22089,5
22090,5
22091,5
22092,5
22093,1
22094,5
22095,1
22096,1
22097,5
22098,5
22099,5
22100,5
22101,5
22102,5
22103,5
22104,5
22105,5
22106,5
22107,1
22108,5
22109,5
22110,1
22111,5
22112,5
22113,1
22114,5
22115,5
22116,5
22117,5
22118,5
22119,5
22120,1
22121,5
22122,5
22123,1
22124,1
22125,5
22126,5
22127,1
22128,1
22129,1
22130,1
22131,1
22132,1
22133,1
22134,1
22135,5
22136,5
22137,5
22138,5
22139,5
22140,1
22141,1
22142,5
22143,1
22144,1
22145,1
22146,1
22147,5
22148,5
22149,1
22150,1
22151,1
22152,5
22153,1
22154,5
22155,1
22156,5
22157,5
22158,1
22159,5
22160,1
22161,1
22162,5
22163,5
22164,1
22165,5
22166,5
22167,1
22168,5
22169,5
22170,5
22171,1
22172,5
22173,5
22174,5
22175,1
22176,5
22177,1
22178,5
22179,5
22180,1
22181,5
22182,5
22183,5
22184,5
22185,5
22186,5
22187,5
22188,1
22189,1
22190,1
22191,5
22192,5
22193,5
22194,1
22195,1
22196,5
22197,5
22198,5
22199,5
22200,5
22201,5
22202,5
22203,5
22204,5
22205,5
22206,5
22207,1
22208,1
22209,1
22210,1
22211,1
22212,1
22213,1
22214,1
22215,1
22216,5
22217,5
22218,5
22219,5
22220,1
22221,5
22222,5
22223,5
22224,1
22225,1
22226,1
22227,5
22228,5
22229,1
22230,5
22231,1
22232,5
22233,5
22234,1
22235,5
22236,5
22237,5
22238,5
22239,1
22240,5
22241,1
22242,5
22243,5
22244,5
22245,1
22246,5
22247,1
22248,1
22249,1
22250,1
22251,1
22252,1
22253,1
22254,1
22255,5
22256,1
22257,5
22258,5
22259,1
22260,5
22261,5
22262,1
22263,5
22264,5
22265,5
22266,1
22267,1
22268,1
22269,1
22270,5
22271,1
22272,1
22273,1
22274,5
22275,1
22276,1
22277,5
22278,5
22279,1
22280,5
22281,1
22282,5
22283,1
22284,5
22285,1
22286,5
22287,1
22288,1
22289,1
22290,1
22291,1
22292,1
22293,5
22294,5
22295,1
22296,1
22297,1
22298,1
22299,1
22300,5
22301,5
22302,1
22303,1
22304,1
22305,5
22306,5
22307,1
22308,1
22309,1
22310,1
22311,1
22312,5
22313,1
22314,1
22315,5
22316,5
22317,5
22318,5
22319,1
22320,1
22321,5
22322,1
22323,5
22324,1
22325,1
22326,1
22327,5
22328,1
22329,5
22330,1
22331,1
22332,5
22333,1
22334,5
22335,5
22336,1
22337,5
22338,5
22339,5
22340,1
22341,1
22342,5
22343,1
22344,5
22345,1
22346,1
22347,1
22348,1
22349,1
22350,5
22351,5
22352,1
22353,1
22354,5
22355,1
22356,1
22357,5
22358,1
22359,1
22360,5
22361,1
22362,1
22363,1
22364,1
22365,5
22366,5
22367,5
22368,1
22369,1
22370,1
22371,5
22372,1
22373,1
22374,5
22375,5
22376,1
22377,5
22378,1
22379,5
22380,1
22381,1
22382,5
22383,5
22384,5
22385,5
22386,1
22387,5
22388,5
22389,1
22390,5
22391,5
22392,5
22393,5
22394,5
22395,5
22396,1
22397,1
22398,1
22399,1
22400,5
22401,5
22402,5
22403,1
22404,1
22405,1
22406,1
22407,5
22408,1
22409,1
22410,1
22411,1
22412,5
22413,5
22414,1
22415,5
22416,1
22417,5
22418,5
22419,5
22420,5
22421,5
22422,1
22423,1
22424,5
22425,5
22426,5
22427,1
22428,1
22429,1
22430,1
22431,1
22432,5
22433,5
22434,1
22435,5
22436,5
22437,5
22438,5
22439,5
22440,5
22441,1
22442,5
22443,5
22444,1
22445,5
22446,5
22447,5
22448,5
22449,5
22450,1
22451,5
22452,1
22453,1
22454,1
22455,1
22456,1
22457,5
22458,1
22459,5
22460,1
22461,1
22462,5
22463,5
22464,1
22465,1
22466,5
22467,1
22468,5
22469,1
22470,5
22471,1
22472,1
22473,1
22474,5
22475,1
22476,1
22477,1
22478,5
22479,5
22480,5
22481,5
22482,1
22483,1
22484,1
22485,1
22486,5
22487,5
22488,5
22489,5
22490,1
22491,5
22492,5
22493,1
22494,5
22495,1
22496,1
22497,5
22498,5
22499,1
22500,1
22501,5
22502,1
22503,5
22504,1
22505,5
22506,1
22507,5
22508,1
22509,1
22510,5
22511,5
22512,5
22513,5
22514,5
22515,5
22516,5
22517,5
22518,5
22519,5
22520,5
22521,5
22522,1
22523,5
22524,5
22525,1
22526,1
22527,5
22528,5
22529,5
22530,1
22531,5
22532,1
22533,1
22534,1
22535,5
22536,5
22537,5
22538,5
22539,1
22540,5
22541,5
22542,1
22543,5
22544,1
22545,5
22546,1
22547,1
22548,1
22549,1
22550,1
22551,1
22552,1
22553,1
22554,5
22555,5
22556,5
22557,1
22558,1
22559,5
22560,1
22561,5
22562,5
22563,5
22564,5
22565,5
22566,5
22567,1
22568,1
22569,1
22570,5
22571,5
22572,1
22573,5
22574,5
22575,5
22576,5
22577,1
22578,5
22579,5
22580,5
22581,5
22582,1
22583,1
22584,1
22585,5
22586,1
22587,5
22588,1
22589,1
22590,5
22591,1
22592,5
22593,5
22594,5
22595,1
22596,1
22597,1
22598,5
22599,5
22600,5
22601,5
22602,1
22603,1
22604,5
22605,5
22606,1
22607,1
22608,5
22609,1
22610,1
22611,5
22612,1
22613,1
22614,5
22615,1
22616,5
22617,5
22618,1
22619,5
22620,5
22621,1
22622,1
22623,5
22624,5
22625,5
22626,5
22627,1
22628,5
22629,1
22630,1
22631,1
22632,5
22633,1
22634,5
22635,1
22636,1
22637,5
22638,5
22639,5
22640,1
22641,5
22642,1
22643,5
22644,1
22645,1
22646,5
22647,5
22648,1
22649,1
22650,1
22651,5
22652,1
22653,1
22654,5
22655,5
22656,5
22657,5
22658,5
22659,5
22660,1
22661,1
22662,5
22663,1
22664,5
22665,1
22666,1
22667,5
22668,5
22669,1
22670,1
22671,5
22672,5
22673,1
22674,1
22675,1
22676,1
22677,1
22678,5
22679,1
22680,1
22681,1
22682,5
22683,1
22684,5
22685,5
22686,5
22687,1
22688,1
22689,1
22690,5
22691,5
22692,1
22693,1
22694,5
22695,5
22696,1
22697,1
22698,1
22699,1
22700,5
22701,5
22702,1
22703,1
22704,1
22705,5
22706,5
22707,1
22708,1
22709,5
22710,1
22711,5
22712,1
22713,5
22714,1
22715,5
22716,1
22717,5
22718,1
22719,1
22720,1
22721,5
22722,5
22723,5
22724,5
22725,1
22726,5
22727,5
22728,5
22729,1
22730,1
22731,5
22732,1
22733,5
22734,5
22735,5
22736,5
22737,5
22738,5
22739,1
22740,5
22741,5
22742,1
22743,1
22744,5
22745,1
22746,1
22747,1
22748,5
22749,1
22750,5
22751,5
22752,5
22753,5
22754,5
22755,5
22756,1
22757,5
22758,5
22759,5
22760,5
22761,5
22762,5
22763,1
22764,1
22765,5
22766,1
22767,1
22768,5
22769,1
22770,5
22771,1
22772,1
22773,1
22774,1
22775,1
22776,5
22777,1
22778,1
22779,5
22780,1
22781,1
22782,1
22783,5
22784,1
22785,5
22786,1
22787,1
22788,5
22789,1
22790,1
22791,5
22792,1
22793,1
22794,5
22795,1
22796,5
22797,1
22798,5
22799,1
22800,5
22801,1
22802,1
22803,5
22804,1
22805,1
22806,1
22807,1
22808,5
22809,5
22810,5
22811,5
22812,5
22813,5
22814,1
22815,5
22816,5
22817,5
22818,1
22819,1
22820,1
22821,5
22822,5
22823,1
22824,5
22825,1
22826,1
22827,5
22828,1
22829,1
22830,1
22831,5
22832,5
22833,1
22834,1
22835,1
22836,5
22837,1
22838,5
22839,1
22840,1
22841,5
22842,5
22843,5
22844,5
22845,5
22846,1
22847,1
22848,5
22849,5
22850,5
22851,1
22852,1
22853,1
22854,1
22855,1
22856,1
22857,5
22858,1
22859,1
22860,1
22861,5
22862,5
22863,5
22864,5
22865,1
22866,5
22867,5
22868,1
22869,1
22870,5
22871,1
22872,5
22873,5
22874,1
22875,1
22876,5
22877,5
22878,1
22879,5
22880,1
22881,1
22882,1
22883,1
22884,1
22885,1
22886,1
22887,1
22888,1
22889,1
22890,5
22891,1
22892,1
22893,5
22894,5
22895,5
22896,1
22897,5
22898,5
22899,5
22900,5
22901,1
22902,5
22903,5
22904,5
22905,1
22906,1
22907,5
22908,5
22909,1
22910,5
22911,1
22912,5
22913,1
22914,1
22915,5
22916,1
22917,5
22918,5
22919,1
22920,1
22921,1
22922,1
22923,1
22924,1
22925,1
22926,1
22927,1
22928,5
22929,5
22930,5
22931,1
22932,5
22933,5
22934,5
22935,1
22936,5
22937,5
22938,5
22939,1
22940,5
22941,1
22942,5
22943,5
22944,5
22945,1
22946,1
22947,1
22948,5
22949,1
22950,5
22951,5
22952,1
22953,5
22954,5
22955,5
22956,5
22957,5
22958,1
22959,1
22960,5
22961,5
22962,5
22963,5
22964,1
22965,5
22966,5
22967,5
22968,5
22969,5
22970,5
22971,1
22972,1
22973,5
22974,1
22975,1
22976,5
22977,5
22978,1
22979,1
22980,1
22981,1
22982,1
22983,1
22984,1
22985,5
22986,5
22987,5
22988,5
22989,5
22990,1
22991,5
22992,5
22993,5
22994,5
22995,5
22996,5
22997,5
22998,1
22999,5
23000,1
23001,5
23002,5
23003,5
23004,5
23005,1
23006,5
23007,1
23008,1
23009,5
23010,1
23011,1
23012,1
23013,5
23014,5
23015,1
23016,1
23017,1
23018,5
23019,5
23020,5
23021,5
23022,5
23023,5
23024,5
23025,5
23026,1
23027,5
23028,5
23029,5
23030,1
23031,5
23032,1
23033,5
23034,5
23035,1
23036,1
23037,1
23038,5
23039,5
23040,5
23041,5
23042,1
23043,5
23044,5
23045,5
23046,1
23047,5
23048,5
23049,5
23050,5
23051,5
23052,5
23053,1
23054,1
23055,1
23056,1
23057,5
23058,1
23059,1
23060,1
23061,1
23062,1
23063,5
23064,5
23065,5
23066,1
23067,1
23068,1
23069,1
23070,5
23071,5
23072,5
23073,1
23074,5
23075,1
23076,5
23077,5
23078,1
23079,5
23080,1
23081,1
23082,1
23083,1
23084,1
23085,1
23086,1
23087,5
23088,5
23089,1
23090,5
23091,1
23092,5
23093,5
23094,5
23095,1
23096,5
23097,1
23098,1
23099,5
23100,5
23101,5
23102,1
23103,5
23104,5
23105,1
23106,5
23107,1
23108,1
23109,1
23110,5
23111,1
23112,1
23113,5
23114,1
23115,1
23116,5
23117,5
23118,5
23119,1
23120,1
23121,5
23122,1
23123,5
23124,1
23125,5
23126,5
23127,5
23128,1
23129,1
23130,1
23131,1
23132,1
23133,5
23134,5
23135,5
23136,5
23137,5
23138,1
23139,1
23140,5
23141,5
23142,1
23143,1
23144,5
23145,1
23146,5
23147,5
23148,5
23149,5
23150,1
23151,5
23152,5
23153,1
23154,1
23155,5
23156,1
23157,5
23158,1
23159,5
23160,5
23161,1
23162,5
23163,5
23164,5
23165,1
23166,5
23167,5
23168,5
23169,5
23170,5
23171,5
23172,1
23173,1
23174,5
23175,5
23176,5
23177,1
23178,1
23179,1
23180,1
23181,1
23182,1
23183,1
23184,5
23185,5
23186,5
23187,1
23188,1
23189,1
23190,5
23191,5
23192,5
23193,5
23194,1
23195,1
23196,1
23197,1
23198,1
23199,1
23200,1
23201,5
23202,1
23203,1
23204,5
23205,5
23206,5
23207,1
23208,5
23209,5
23210,5
23211,5
23212,1
23213,1
23214,5
23215,5
23216,1
23217,1
23218,5
23219,5
23220,5
23221,1
23222,5
23223,1
23224,1
23225,5
23226,5
23227,1
23228,1
23229,5
23230,5
23231,5
23232,5
23233,1
23234,5
23235,1
23236,1
23237,1
23238,5
23239,5
23240,5
23241,1
23242,5
23243,1
23244,5
23245,1
23246,5
23247,1
23248,1
23249,1
23250,5
23251,1
23252,1
23253,1
23254,5
23255,5
23256,5
23257,5
23258,5
23259,5
23260,5
23261,1
23262,5
23263,1
23264,5
23265,5
23266,1
23267,1
23268,1
23269,1
23270,1
23271,1
23272,1
23273,1
23274,1
23275,5
23276,5
23277,5
23278,1
23279,5
23280,5
23281,1
23282,1
23283,1
23284,1
23285,1
23286,1
23287,5
23288,5
23289,1
23290,1
23291,1
23292,1
23293,1
23294,1
23295,5
23296,5
23297,5
23298,1
23299,5
23300,1
23301,5
23302,5
23303,5
23304,1
23305,5
23306,5
23307,5
23308,5
23309,1
23310,1
23311,5
23312,1
23313,5
23314,5
23315,1
23316,1
23317,1
23318,1
23319,1
23320,5
23321,5
23322,5
23323,1
23324,5
23325,5
23326,5
23327,1
23328,5
23329,5
23330,1
23331,1
23332,5
23333,1
23334,1
23335,1
23336,1
23337,1
23338,5
23339,5
23340,5
23341,1
23342,1
23343,1
23344,5
23345,1
23346,5
23347,5
23348,5
23349,5
23350,5
23351,1
23352,1
23353,1
23354,5
23355,5
23356,1
23357,5
23358,5
23359,5
23360,1
23361,5
23362,5
23363,5
23364,1
23365,5
23366,1
23367,5
23368,5
23369,5
23370,1
23371,1
23372,1
23373,5
23374,1
23375,1
23376,1
23377,1
23378,5
23379,1
23380,1
23381,5
23382,5
23383,5
23384,1
23385,1
23386,5
23387,1
23388,5
23389,5
23390,1
23391,5
23392,5
23393,5
23394,1
23395,1
23396,1
23397,5
23398,5
23399,1
23400,1
23401,1
23402,1
23403,5
23404,1
23405,5
23406,1
23407,1
23408,5
23409,1
23410,1
23411,1
23412,5
23413,1
23414,1
23415,1
23416,5
23417,1
23418,5
23419,5
23420,5
23421,1
23422,5
23423,1
23424,1
23425,1
23426,1
23427,1
23428,1
23429,5
23430,5
23431,5
23432,1
23433,5
23434,5
23435,5
23436,5
23437,1
23438,5
23439,5
23440,1
23441,5
23442,1
23443,1
23444,1
23445,5
23446,1
23447,5
23448,1
23449,5
23450,1
23451,1
23452,5
23453,1
23454,5
23455,5
23456,5
23457,5
23458,5
23459,5
23460,1
23461,5
23462,1
23463,5
23464,1
23465,1
23466,5
23467,5
23468,5
23469,5
23470,5
23471,5
23472,1
23473,1
23474,1
23475,1
23476,5
23477,1
23478,5
23479,5
23480,1
23481,5
23482,5
23483,1
23484,1
23485,1
23486,5
23487,1
23488,5
23489,5
23490,5
23491,1
23492,5
23493,5
23494,1
23495,1
23496,5
23497,5
23498,5
23499,5
23500,5
23501,5
23502,1
23503,1
23504,5
23505,5
23506,5
23507,1
23508,5
23509,1
23510,1
23511,1
23512,1
23513,1
23514,5
23515,1
23516,1
23517,1
23518,1
23519,5
23520,5
23521,1
23522,5
23523,1
23524,1
23525,1
23526,5
23527,1
23528,1
23529,1
23530,1
23531,5
23532,1
23533,1
23534,1
23535,5
23536,1
23537,5
23538,5
23539,1
23540,5
23541,5
23542,5
23543,1
23544,1
23545,5
23546,1
23547,5
23548,5
23549,1
23550,1
23551,5
23552,1
23553,5
23554,5
23555,5
23556,5
23557,5
23558,1
23559,1
23560,5
23561,1
23562,5
23563,5
23564,5
23565,5
23566,5
23567,5
23568,5
23569,5
23570,5
23571,5
23572,1
23573,5
23574,5
23575,5
23576,5
23577,5
23578,5
23579,5
23580,5
23581,5
23582,5
23583,5
23584,5
23585,5
23586,5
23587,1
23588,5
23589,5
23590,5
23591,5
23592,5
23593,5
23594,5
23595,1
23596,5
23597,5
23598,5
23599,1
23600,5
23601,5
23602,5
23603,5
23604,5
23605,5
23606,5
23607,5
23608,5
23609,5
23610,5
23611,5
23612,1
23613,5
23614,5
23615,5
23616,5
23617,5
23618,5
23619,5
23620,5
23621,5
23622,5
23623,5
23624,5
23625,5
23626,5
23627,5
23628,1
23629,5
23630,1
23631,5
23632,5
23633,1
23634,1
23635,5
23636,5
23637,5
23638,5
23639,1
23640,5
23641,5
23642,5
23643,5
23644,5
23645,1
23646,5
23647,1
23648,5
23649,5
23650,1
23651,5
23652,5
23653,5
23654,5
23655,1
23656,5
23657,5
23658,5
23659,5
23660,1
23661,5
23662,1
23663,5
23664,1
23665,5
23666,1
23667,5
23668,1
23669,1
23670,5
23671,5
23672,5
23673,5
23674,5
23675,1
23676,1
23677,5
23678,5
23679,5
23680,5
23681,5
23682,1
23683,1
23684,1
23685,1
23686,5
23687,5
23688,5
23689,5
23690,1
23691,5
23692,1
23693,5
23694,5
23695,1
23696,5
23697,5
23698,5
23699,5
23700,1
23701,1
23702,1
23703,1
23704,1
23705,1
23706,1
23707,5
23708,1
23709,5
23710,1
23711,5
23712,1
23713,5
23714,5
23715,5
23716,1
23717,1
23718,5
23719,5
23720,1
23721,5
23722,5
23723,1
23724,5
23725,1
23726,1
23727,5
23728,5
23729,5
23730,1
23731,5
23732,5
23733,1
23734,5
23735,1
23736,1
23737,5
23738,1
23739,1
23740,5
23741,1
23742,5
23743,5
23744,5
23745,1
23746,1
23747,5
23748,5
23749,1
23750,1
23751,1
23752,1
23753,5
23754,5
23755,5
23756,5
23757,1
23758,1
23759,1
23760,5
23761,1
23762,5
23763,1
23764,5
23765,1
23766,5
23767,5
23768,5
23769,1
23770,5
23771,5
23772,5
23773,5
23774,1
23775,5
23776,1
23777,1
23778,5
23779,1
23780,1
23781,1
23782,1
23783,1
23784,1
23785,5
23786,1
23787,5
23788,1
23789,1
23790,1
23791,1
23792,1
23793,1
23794,1
23795,1
23796,1
23797,5
23798,1
23799,1
23800,1
23801,1
23802,5
23803,5
23804,5
23805,5
23806,1
23807,5
23808,5
23809,5
23810,5
23811,5
23812,5
23813,1
23814,5
23815,1
23816,1
23817,1
23818,5
23819,5
23820,1
23821,5
23822,5
23823,1
23824,5
23825,5
23826,1
23827,1
23828,5
23829,5
23830,5
23831,1
23832,1
23833,1
23834,1
23835,1
23836,1
23837,5
23838,5
23839,5
23840,5
23841,5
23842,1
23843,5
23844,1
23845,1
23846,5
23847,5
23848,1
23849,5
23850,1
23851,5
23852,1
23853,1
23854,5
23855,1
23856,5
23857,5
23858,1
23859,1
23860,1
23861,1
23862,1
23863,1
23864,1
23865,1
23866,5
23867,5
23868,5
23869,5
23870,5
23871,1
23872,1
23873,5
23874,1
23875,5
23876,5
23877,1
23878,1
23879,1
23880,1
23881,5
23882,5
23883,5
23884,5
23885,5
23886,5
23887,1
23888,5
23889,1
23890,5
23891,5
23892,1
23893,1
23894,5
23895,5
23896,5
23897,1
23898,5
23899,5
23900,1
23901,5
23902,1
23903,5
23904,5
23905,5
23906,5
23907,1
23908,1
23909,1
23910,5
23911,5
23912,1
23913,1
23914,1
23915,5
23916,1
23917,1
23918,1
23919,5
23920,5
23921,1
23922,5
23923,1
23924,5
23925,1
23926,1
23927,1
23928,1
23929,1
23930,5
23931,5
23932,5
23933,5
23934,1
23935,5
23936,5
23937,5
23938,1
23939,5
23940,1
23941,1
23942,1
23943,1
23944,1
23945,5
23946,5
23947,1
23948,5
23949,1
23950,5
23951,5
23952,1
23953,1
23954,1
23955,5
23956,1
23957,1
23958,5
23959,5
23960,5
23961,1
23962,1
23963,1
23964,5
23965,5
23966,1
23967,1
23968,1
23969,5
23970,1
23971,1
23972,1
23973,1
23974,1
23975,5
23976,5
23977,5
23978,5
23979,5
23980,5
23981,1
23982,5
23983,1
23984,1
23985,5
23986,5
23987,1
23988,1
23989,1
23990,1
23991,1
23992,5
23993,5
23994,5
23995,1
23996,5
23997,1
23998,1
23999,1
24000,1
24001,1
24002,1
24003,1
24004,1
24005,1
24006,1
24007,5
24008,1
24009,5
24010,1
24011,1
24012,1
24013,5
24014,1
24015,5
24016,1
24017,5
24018,5
24019,5
24020,5
24021,5
24022,5
24023,1
24024,1
24025,5
24026,1
24027,5
24028,5
24029,5
24030,5
24031,1
24032,5
24033,5
24034,5
24035,5
24036,1
24037,5
24038,5
24039,1
24040,5
24041,5
24042,5
24043,1
24044,1
24045,5
24046,1
24047,1
24048,1
24049,1
24050,1
24051,1
24052,1
24053,1
24054,1
24055,1
24056,5
24057,1
24058,1
24059,1
24060,1
24061,5
24062,5
24063,1
24064,1
24065,1
24066,5
24067,5
24068,5
24069,1
24070,1
24071,1
24072,5
24073,1
24074,1
24075,5
24076,5
24077,1
24078,5
24079,5
24080,5
24081,1
24082,5
24083,5
24084,1
24085,5
24086,1
24087,1
24088,5
24089,5
24090,5
24091,5
24092,1
24093,5
24094,1
24095,5
24096,5
24097,1
24098,5
24099,5
24100,1
24101,1
24102,1
24103,1
24104,5
24105,1
24106,1
24107,5
24108,1
24109,1
24110,1
24111,1
24112,5
24113,5
24114,1
24115,1
24116,5
24117,1
24118,5
24119,5
24120,5
24121,5
24122,5
24123,1
24124,1
24125,1
24126,5
24127,5
24128,5
24129,1
24130,1
24131,5
24132,5
24133,5
24134,1
24135,5
24136,1
24137,1
24138,1
24139,1
24140,5
24141,1
24142,5
24143,1
24144,5
24145,5
24146,5
24147,1
24148,5
24149,5
24150,1
24151,1
24152,1
24153,1
24154,5
24155,5
24156,1
24157,1
24158,5
24159,1
24160,5
24161,5
24162,5
24163,1
24164,5
24165,5
24166,1
24167,5
24168,5
24169,5
24170,1
24171,1
24172,1
24173,1
24174,5
24175,1
24176,1
24177,5
24178,5
24179,5
24180,1
24181,5
24182,1
24183,1
24184,5
24185,1
24186,1
24187,1
24188,1
24189,5
24190,1
24191,5
24192,5
24193,5
24194,5
24195,5
24196,1
24197,5
24198,5
24199,1
24200,1
24201,5
24202,1
24203,1
24204,1
24205,5
24206,5
24207,5
24208,1
24209,5
24210,5
24211,5
24212,5
24213,1
24214,5
24215,5
24216,5
24217,1
24218,5
24219,1
24220,5
24221,5
24222,5
24223,5
24224,5
24225,1
24226,5
24227,1
24228,1
24229,1
24230,1
24231,5
24232,5
24233,5
24234,5
24235,5
24236,1
24237,5
24238,5
24239,5
24240,5
24241,5
24242,1
24243,5
24244,5
24245,1
24246,5
24247,1
24248,1
24249,5
24250,5
24251,1
24252,5
24253,1
24254,5
24255,1
24256,5
24257,1
24258,1
24259,1
24260,1
24261,5
24262,5
24263,5
24264,5
24265,1
24266,1
24267,1
24268,5
24269,5
24270,1
24271,1
24272,1
24273,1
24274,5
24275,1
24276,5
24277,1
24278,1
24279,1
24280,1
24281,1
24282,5
24283,5
24284,1
24285,1
24286,1
24287,1
24288,1
24289,1
24290,1
24291,5
24292,5
24293,5
24294,1
24295,5
24296,5
24297,5
24298,5
24299,1
24300,5
24301,1
24302,1
24303,1
24304,1
24305,5
24306,5
24307,5
24308,5
24309,5
24310,5
24311,1
24312,1
24313,1
24314,5
24315,5
24316,5
24317,5
24318,5
24319,1
24320,1
24321,5
24322,5
24323,5
24324,5
24325,5
24326,5
24327,5
24328,5
24329,5
24330,5
24331,1
24332,1
24333,1
24334,1
24335,1
24336,5
24337,1
24338,1
24339,5
24340,1
24341,5
24342,5
24343,5
24344,5
24345,5
24346,1
24347,1
24348,5
24349,1
24350,5
24351,1
24352,1
24353,5
24354,5
24355,1
24356,1
24357,5
24358,1
24359,5
24360,1
24361,1
24362,1
24363,5
24364,5
24365,5
24366,1
24367,1
24368,1
24369,1
24370,1
24371,1
24372,1
24373,1
24374,1
24375,5
24376,5
24377,1
24378,5
24379,1
24380,5
24381,1
24382,1
24383,1
24384,1
24385,1
24386,1
24387,5
24388,1
24389,5
24390,1
24391,1
24392,1
24393,1
24394,1
24395,5
24396,1
24397,1
24398,1
24399,5
24400,1
24401,5
24402,5
24403,1
24404,5
24405,5
24406,1
24407,1
24408,1
24409,1
24410,1
24411,1
24412,1
24413,1
24414,1
24415,1
24416,1
24417,1
24418,1
24419,5
24420,5
24421,5
24422,1
24423,1
24424,5
24425,5
24426,5
24427,5
24428,5
24429,5
24430,1
24431,1
24432,5
24433,1
24434,1
24435,5
24436,1
24437,5
24438,1
24439,5
24440,1
24441,1
24442,5
24443,1
24444,5
24445,5
24446,5
24447,5
24448,5
24449,5
24450,5
24451,5
24452,1
24453,5
24454,1
24455,1
24456,5
24457,1
24458,5
24459,5
24460,1
24461,5
24462,5
24463,1
24464,5
24465,5
24466,1
24467,1
24468,1
24469,5
24470,5
24471,5
24472,5
24473,5
24474,5
24475,5
24476,1
24477,5
24478,5
24479,1
24480,5
24481,5
24482,5
24483,5
24484,5
24485,1
24486,1
24487,1
24488,5
24489,5
24490,1
24491,5
24492,5
24493,5
24494,1
24495,1
24496,1
24497,1
24498,5
24499,1
24500,1
24501,1
24502,1
24503,5
24504,5
24505,5
24506,1
24507,1
24508,5
24509,5
24510,5
24511,1
24512,1
24513,1
24514,1
24515,1
24516,1
24517,1
24518,1
24519,5
24520,5
24521,5
24522,5
24523,5
24524,1
24525,1
24526,5
24527,5
24528,1
24529,1
24530,1
24531,1
24532,5
24533,1
24534,1
24535,1
24536,1
24537,1
24538,1
24539,1
24540,1
24541,1
24542,1
24543,1
24544,1
24545,1
24546,5
24547,1
24548,5
24549,5
24550,1
24551,1
24552,1
24553,1
24554,5
24555,1
24556,1
24557,1
24558,1
24559,5
24560,1
24561,1
24562,1
24563,1
24564,5
24565,1
24566,1
24567,5
24568,1
24569,5
24570,1
24571,5
24572,5
24573,5
24574,5
24575,1
24576,5
24577,1
24578,1
24579,5
24580,5
24581,5
24582,5
24583,5
24584,5
24585,5
24586,1
24587,5
24588,1
24589,1
24590,5
24591,1
24592,1
24593,5
24594,5
24595,5
24596,1
24597,1
24598,1
24599,1
24600,5
24601,5
24602,5
24603,1
24604,1
24605,5
24606,5
24607,5
24608,5
24609,5
24610,1
24611,5
24612,1
24613,1
24614,5
24615,5
24616,1
24617,1
24618,5
24619,5
24620,5
24621,5
24622,5
24623,5
24624,1
24625,5
24626,5
24627,1
24628,5
24629,5
24630,5
24631,5
24632,5
24633,5
24634,5
24635,5
24636,1
24637,5
24638,5
24639,1
24640,5
24641,1
24642,1
24643,1
24644,1
24645,5
24646,5
24647,1
24648,1
24649,1
24650,5
24651,5
24652,1
24653,5
24654,5
24655,1
24656,1
24657,1
24658,5
24659,5
24660,5
24661,1
24662,1
24663,1
24664,1
24665,5
24666,1
24667,1
24668,5
24669,1
24670,1
24671,1
24672,5
24673,5
24674,1
24675,5
24676,1
24677,5
24678,5
24679,5
24680,1
24681,1
24682,5
24683,5
24684,1
24685,1
24686,5
24687,5
24688,5
24689,5
24690,5
24691,5
24692,5
24693,1
24694,1
24695,5
24696,1
24697,5
24698,5
24699,5
24700,5
24701,1
24702,1
24703,1
24704,1
24705,5
24706,1
24707,1
24708,1
24709,1
24710,1
24711,1
24712,5
24713,5
24714,5
24715,1
24716,5
24717,5
24718,1
24719,1
24720,5
24721,5
24722,1
24723,5
24724,5
24725,1
24726,1
24727,1
24728,5
24729,1
24730,5
24731,1
24732,5
24733,1
24734,5
24735,5
24736,1
24737,5
24738,5
24739,5
24740,5
24741,5
24742,5
24743,1
24744,5
24745,5
24746,1
24747,5
24748,5
24749,5
24750,1
24751,1
24752,5
24753,5
24754,1
24755,1
24756,5
24757,5
24758,1
24759,5
24760,5
24761,5
24762,1
24763,1
24764,5
24765,5
24766,1
24767,1
24768,1
24769,1
24770,5
24771,5
24772,5
24773,5
24774,1
24775,1
24776,1
24777,1
24778,1
24779,5
24780,1
24781,5
24782,1
24783,1
24784,5
24785,1
24786,1
24787,1
24788,5
24789,5
24790,1
24791,5
24792,5
24793,5
24794,1
24795,5
24796,1
24797,5
24798,1
24799,5
24800,1
24801,5
24802,1
24803,1
24804,5
24805,5
24806,5
24807,1
24808,5
24809,1
24810,1
24811,1
24812,1
24813,1
24814,5
24815,5
24816,5
24817,1
24818,1
24819,1
24820,1
24821,5
24822,1
24823,1
24824,1
24825,1
24826,1
24827,5
24828,5
24829,1
24830,1
24831,1
24832,1
24833,1
24834,1
24835,5
24836,5
24837,5
24838,1
24839,5
24840,1
24841,1
24842,1
24843,5
24844,5
24845,1
24846,5
24847,1
24848,5
24849,1
24850,1
24851,5
24852,1
24853,5
24854,5
24855,1
24856,5
24857,5
24858,5
24859,5
24860,1
24861,1
24862,1
24863,1
24864,5
24865,1
24866,5
24867,5
24868,5
24869,5
24870,1
24871,5
24872,1
24873,1
24874,1
24875,1
24876,1
24877,5
24878,1
24879,1
24880,1
24881,5
24882,1
24883,1
24884,1
24885,5
24886,5
24887,1
24888,1
24889,5
24890,5
24891,5
24892,5
24893,1
24894,5
24895,1
24896,1
24897,5
24898,1
24899,5
24900,5
24901,1
24902,5
24903,5
24904,1
24905,5
24906,1
24907,5
24908,1
24909,1
24910,5
24911,5
24912,5
24913,1
24914,5
24915,1
24916,1
24917,1
24918,1
24919,1
24920,5
24921,1
24922,1
24923,5
24924,1
24925,1
24926,5
24927,5
24928,5
24929,5
24930,1
24931,1
24932,5
24933,1
24934,5
24935,5
24936,5
24937,5
24938,5
24939,5
24940,5
24941,5
24942,5
24943,5
24944,5
24945,5
24946,5
24947,1
24948,5
24949,5
24950,5
24951,5
24952,5
24953,5
24954,5
24955,5
24956,5
24957,5
24958,1
24959,5
24960,5
24961,5
24962,5
24963,5
24964,5
24965,5
24966,5
24967,5
24968,5
24969,5
24970,5
24971,5
24972,5
24973,5
24974,5
24975,1
24976,5
24977,5
24978,5
24979,5
24980,5
24981,5
24982,5
24983,5
24984,1
24985,5
24986,5
24987,5
24988,5
24989,5
24990,5
24991,5
24992,5
24993,1
24994,5
24995,5
24996,5
24997,5
24998,5
24999,5
25000,5
25001,5
25002,5
25003,5
25004,5
25005,5
25006,5
25007,5
25008,1
25009,1
25010,1
25011,5
25012,5
25013,5
25014,5
25015,5
25016,5
25017,5
25018,5
25019,5
25020,1
25021,5
25022,1
25023,1
25024,1
25025,5
25026,1
25027,5
25028,1
25029,5
25030,5
25031,5
25032,1
25033,5
25034,1
25035,1
25036,1
25037,5
25038,5
25039,5
25040,1
25041,5
25042,1
25043,1
25044,5
25045,5
25046,5
25047,5
25048,5
25049,1
25050,1
25051,1
25052,5
25053,5
25054,1
25055,5
25056,1
25057,5
25058,1
25059,1
25060,5
25061,5
25062,5
25063,1
25064,5
25065,5
25066,1
25067,5
25068,1
25069,5
25070,5
25071,5
25072,5
25073,1
25074,1
25075,1
25076,5
25077,1
25078,1
25079,1
25080,1
25081,1
25082,1
25083,5
25084,5
25085,1
25086,1
25087,5
25088,1
25089,1
25090,5
25091,1
25092,5
25093,1
25094,1
25095,5
25096,1
25097,1
25098,1
25099,1
25100,1
25101,5
25102,5
25103,5
25104,5
25105,1
25106,1
25107,5
25108,5
25109,1
25110,1
25111,5
25112,5
25113,1
25114,1
25115,5
25116,5
25117,1
25118,1
25119,5
25120,5
25121,5
25122,5
25123,1
25124,5
25125,1
25126,5
25127,1
25128,5
25129,1
25130,1
25131,5
25132,5
25133,1
25134,1
25135,1
25136,1
25137,1
25138,1
25139,1
25140,1
25141,1
25142,1
25143,5
25144,1
25145,1
25146,1
25147,5
25148,5
25149,5
25150,1
25151,1
25152,5
25153,1
25154,5
25155,5
25156,5
25157,1
25158,1
25159,5
25160,5
25161,5
25162,5
25163,5
25164,5
25165,5
25166,5
25167,5
25168,1
25169,1
25170,1
25171,5
25172,1
25173,1
25174,5
25175,1
25176,1
25177,5
25178,1
25179,5
25180,5
25181,1
25182,1
25183,5
25184,1
25185,5
25186,5
25187,1
25188,5
25189,1
25190,1
25191,1
25192,1
25193,5
25194,5
25195,5
25196,1
25197,1
25198,5
25199,5
25200,5
25201,5
25202,5
25203,5
25204,1
25205,5
25206,1
25207,5
25208,1
25209,1
25210,1
25211,5
25212,1
25213,1
25214,1
25215,5
25216,1
25217,5
25218,5
25219,1
25220,1
25221,5
25222,5
25223,5
25224,5
25225,5
25226,5
25227,5
25228,1
25229,5
25230,5
25231,1
25232,1
25233,5
25234,5
25235,5
25236,5
25237,1
25238,5
25239,5
25240,5
25241,1
25242,5
25243,1
25244,1
25245,5
25246,1
25247,1
25248,5
25249,1
25250,1
25251,5
25252,1
25253,5
25254,5
25255,1
25256,5
25257,1
25258,1
25259,1
25260,5
25261,5
25262,1
25263,1
25264,1
25265,1
25266,1
25267,5
25268,5
25269,1
25270,5
25271,1
25272,1
25273,1
25274,5
25275,1
25276,5
25277,5
25278,5
25279,5
25280,1
25281,1
25282,1
25283,5
25284,1
25285,1
25286,1
25287,5
25288,5
25289,1
25290,5
25291,5
25292,5
25293,5
25294,1
25295,1
25296,5
25297,1
25298,5
25299,1
25300,1
25301,1
25302,5
25303,5
25304,5
25305,1
25306,1
25307,5
25308,1
25309,5
25310,5
25311,5
25312,1
25313,5
25314,1
25315,5
25316,1
25317,1
25318,1
25319,5
25320,5
25321,1
25322,1
25323,1
25324,5
25325,5
25326,1
25327,1
25328,1
25329,5
25330,1
25331,1
25332,5
25333,1
25334,5
25335,1
25336,1
25337,1
25338,5
25339,1
25340,1
25341,1
25342,5
25343,1
25344,1
25345,1
25346,1
25347,1
25348,1
25349,5
25350,1
25351,5
25352,1
25353,5
25354,1
25355,1
25356,1
25357,1
25358,1
25359,1
25360,1
25361,5
25362,1
25363,1
25364,1
25365,5
25366,1
25367,1
25368,5
25369,5
25370,5
25371,5
25372,5
25373,1
25374,1
25375,1
25376,5
25377,5
25378,5
25379,1
25380,5
25381,5
25382,1
25383,1
25384,1
25385,1
25386,1
25387,1
25388,5
25389,1
25390,1
25391,1
25392,5
25393,1
25394,5
25395,1
25396,1
25397,5
25398,5
25399,1
25400,5
25401,5
25402,1
25403,1
25404,5
25405,5
25406,1
25407,1
25408,5
25409,1
25410,1
25411,1
25412,5
25413,5
25414,5
25415,5
25416,1
25417,1
25418,1
25419,5
25420,1
25421,1
25422,5
25423,5
25424,5
25425,5
25426,1
25427,1
25428,1
25429,5
25430,5
25431,5
25432,1
25433,1
25434,5
25435,5
25436,1
25437,1
25438,5
25439,5
25440,1
25441,5
25442,5
25443,5
25444,5
25445,1
25446,1
25447,5
25448,5
25449,1
25450,1
25451,1
25452,5
25453,5
25454,1
25455,5
25456,1
25457,1
25458,1
25459,5
25460,5
25461,5
25462,5
25463,5
25464,1
25465,1
25466,5
25467,1
25468,1
25469,5
25470,5
25471,5
25472,1
25473,1
25474,1
25475,5
25476,1
25477,1
25478,5
25479,5
25480,5
25481,5
25482,1
25483,1
25484,1
25485,5
25486,5
25487,5
25488,1
25489,1
25490,1
25491,5
25492,1
25493,5
25494,1
25495,1
25496,5
25497,1
25498,1
25499,5
25500,1
25501,1
25502,1
25503,5
25504,1
25505,1
25506,5
25507,1
25508,5
25509,5
25510,1
25511,1
25512,5
25513,5
25514,5
25515,1
25516,1
25517,5
25518,5
25519,5
25520,5
25521,5
25522,5
25523,5
25524,1
25525,5
25526,5
25527,1
25528,5
25529,5
25530,5
25531,1
25532,1
25533,1
25534,5
25535,1
25536,5
25537,1
25538,5
25539,1
25540,5
25541,1
25542,5
25543,5
25544,1
25545,5
25546,1
25547,1
25548,5
25549,5
25550,5
25551,1
25552,1
25553,5
25554,1
25555,5
25556,1
25557,5
25558,5
25559,1
25560,1
25561,5
25562,5
25563,5
25564,1
25565,1
25566,5
25567,5
25568,5
25569,5
25570,5
25571,1
25572,5
25573,1
25574,5
25575,1
25576,5
25577,5
25578,5
25579,1
25580,5
25581,1
25582,5
25583,1
25584,1
25585,1
25586,1
25587,5
25588,5
25589,5
25590,5
25591,5
25592,5
25593,1
25594,5
25595,5
25596,1
25597,5
25598,1
25599,1
25600,5
25601,1
25602,1
25603,1
25604,5
25605,5
25606,5
25607,5
25608,5
25609,1
25610,1
25611,5
25612,5
25613,5
25614,5
25615,5
25616,1
25617,5
25618,5
25619,5
25620,5
25621,5
25622,5
25623,5
25624,1
25625,1
25626,5
25627,5
25628,1
25629,5
25630,1
25631,5
25632,1
25633,1
25634,5
25635,1
25636,1
25637,5
25638,5
25639,5
25640,5
25641,5
25642,5
25643,5
25644,5
25645,5
25646,5
25647,1
25648,5
25649,1
25650,5
25651,5
25652,1
25653,5
25654,5
25655,5
25656,5
25657,5
25658,5
25659,5
25660,1
25661,5
25662,5
25663,5
25664,1
25665,1
25666,1
25667,5
25668,5
25669,5
25670,5
25671,5
25672,5
25673,5
25674,1
25675,1
25676,1
25677,5
25678,5
25679,1
25680,5
25681,5
25682,1
25683,5
25684,5
25685,5
25686,1
25687,1
25688,1
25689,1
25690,1
25691,5
25692,5
25693,5
25694,1
25695,5
25696,1
25697,1
25698,5
25699,1
25700,5
25701,5
25702,1
25703,1
25704,5
25705,1
25706,1
25707,1
25708,5
25709,1
25710,5
25711,1
25712,1
25713,1
25714,1
25715,1
25716,5
25717,1
25718,1
25719,1
25720,5
25721,1
25722,1
25723,1
25724,1
25725,5
25726,1
25727,1
25728,5
25729,1
25730,5
25731,5
25732,1
25733,5
25734,1
25735,1
25736,5
25737,1
25738,5
25739,1
25740,5
25741,1
25742,5
25743,5
25744,5
25745,5
25746,5
25747,1
25748,5
25749,5
25750,5
25751,5
25752,5
25753,1
25754,1
25755,5
25756,5
25757,1
25758,5
25759,5
25760,1
25761,5
25762,5
25763,5
25764,5
25765,1
25766,1
25767,5
25768,1
25769,5
25770,5
25771,1
25772,5
25773,1
25774,5
25775,5
25776,1
25777,1
25778,5
25779,1
25780,1
25781,1
25782,1
25783,1
25784,1
25785,1
25786,1
25787,1
25788,1
25789,5
25790,1
25791,1
25792,1
25793,1
25794,5
25795,1
25796,1
25797,1
25798,1
25799,5
25800,1
25801,1
25802,5
25803,5
25804,5
25805,1
25806,1
25807,1
25808,1
25809,1
25810,5
25811,1
25812,1
25813,1
25814,5
25815,1
25816,5
25817,5
25818,1
25819,5
25820,5
25821,1
25822,1
25823,1
25824,5
25825,5
25826,5
25827,1
25828,5
25829,1
25830,1
25831,1
25832,1
25833,5
25834,5
25835,5
25836,5
25837,5
25838,1
25839,5
25840,5
25841,5
25842,1
25843,5
25844,5
25845,5
25846,5
25847,5
25848,1
25849,1
25850,1
25851,1
25852,1
25853,1
25854,5
25855,1
25856,5
25857,5
25858,5
25859,5
25860,5
25861,1
25862,1
25863,1
25864,1
25865,5
25866,5
25867,1
25868,1
25869,1
25870,1
25871,1
25872,5
25873,1
25874,1
25875,5
25876,1
25877,5
25878,5
25879,5
25880,1
25881,5
25882,5
25883,1
25884,5
25885,1
25886,1
25887,1
25888,1
25889,1
25890,1
25891,5
25892,1
25893,1
25894,1
25895,1
25896,1
25897,1
25898,5
25899,1
25900,1
25901,1
25902,5
25903,5
25904,1
25905,5
25906,1
25907,5
25908,5
25909,1
25910,1
25911,1
25912,1
25913,1
25914,1
25915,1
25916,1
25917,1
25918,1
25919,1
25920,5
25921,5
25922,1
25923,5
25924,1
25925,1
25926,5
25927,1
25928,1
25929,5
25930,1
25931,5
25932,5
25933,1
25934,5
25935,1
25936,1
25937,1
25938,5
25939,5
25940,5
25941,5
25942,1
25943,1
25944,1
25945,1
25946,5
25947,5
25948,5
25949,5
25950,5
25951,1
25952,1
25953,1
25954,1
25955,5
25956,5
25957,5
25958,5
25959,5
25960,5
25961,1
25962,1
25963,1
25964,5
25965,5
25966,1
25967,1
25968,5
25969,1
25970,1
25971,5
25972,5
25973,1
25974,5
25975,1
25976,1
25977,5
25978,1
25979,1
25980,1
25981,5
25982,1
25983,5
25984,5
25985,1
25986,1
25987,5
25988,5
25989,5
25990,1
25991,1
25992,5
25993,1
25994,1
25995,5
25996,5
25997,5
25998,1
25999,5
26000,1
26001,1
26002,1
26003,1
26004,1
26005,1
26006,5
26007,1
26008,1
26009,5
26010,5
26011,1
26012,1
26013,5
26014,1
26015,5
26016,5
26017,1
26018,1
26019,1
26020,5
26021,5
26022,1
26023,5
26024,1
26025,5
26026,5
26027,1
26028,5
26029,5
26030,5
26031,1
26032,5
26033,5
26034,1
26035,5
26036,1
26037,5
26038,1
26039,1
26040,5
26041,5
26042,5
26043,5
26044,5
26045,1
26046,5
26047,1
26048,5
26049,1
26050,1
26051,5
26052,1
26053,1
26054,1
26055,5
26056,5
26057,5
26058,1
26059,5
26060,5
26061,5
26062,5
26063,5
26064,5
26065,1
26066,1
26067,1
26068,1
26069,1
26070,5
26071,1
26072,1
26073,1
26074,1
26075,5
26076,1
26077,1
26078,1
26079,5
26080,1
26081,1
26082,5
26083,5
26084,1
26085,5
26086,1
26087,5
26088,5
26089,5
26090,1
26091,5
26092,5
26093,1
26094,5
26095,1
26096,1
26097,5
26098,1
26099,1
26100,1
26101,5
26102,1
26103,1
26104,1
26105,1
26106,5
26107,1
26108,5
26109,1
26110,5
26111,5
26112,5
26113,1
26114,1
26115,1
26116,1
26117,5
26118,5
26119,5
26120,5
26121,1
26122,1
26123,1
26124,5
26125,1
26126,5
26127,5
26128,5
26129,1
26130,5
26131,5
26132,5
26133,5
26134,1
26135,5
26136,5
26137,5
26138,1
26139,5
26140,5
26141,1
26142,1
26143,5
26144,5
26145,5
26146,5
26147,5
26148,5
26149,5
26150,1
26151,1
26152,1
26153,1
26154,1
26155,5
26156,1
26157,5
26158,1
26159,1
26160,5
26161,5
26162,1
26163,1
26164,5
26165,5
26166,1
26167,5
26168,1
26169,5
26170,5
26171,1
26172,5
26173,1
26174,5
26175,5
26176,1
26177,1
26178,1
26179,1
26180,1
26181,1
26182,1
26183,1
26184,5
26185,1
26186,1
26187,5
26188,1
26189,5
26190,5
26191,1
26192,1
26193,5
26194,5
26195,1
26196,1
26197,5
26198,5
26199,5
26200,5
26201,5
26202,1
26203,1
26204,1
26205,1
26206,5
26207,5
26208,1
26209,1
26210,1
26211,1
26212,5
26213,1
26214,1
26215,1
26216,1
26217,1
26218,1
26219,1
26220,1
26221,5
26222,5
26223,5
26224,1
26225,5
26226,5
26227,5
26228,5
26229,5
26230,5
26231,5
26232,1
26233,5
26234,1
26235,5
26236,5
26237,5
26238,5
26239,5
26240,5
26241,1
26242,1
26243,5
26244,1
26245,5
26246,5
26247,1
26248,5
26249,5
26250,5
26251,5
26252,1
26253,1
26254,5
26255,1
26256,1
26257,1
26258,5
26259,1
26260,5
26261,5
26262,5
26263,5
26264,5
26265,5
26266,5
26267,5
26268,1
26269,5
26270,5
26271,5
26272,1
26273,5
26274,5
26275,1
26276,1
26277,5
26278,5
26279,1
26280,1
26281,5
26282,1
26283,5
26284,5
26285,1
26286,5
26287,5
26288,5
26289,5
26290,1
26291,1
26292,1
26293,1
26294,5
26295,5
26296,5
26297,5
26298,1
26299,5
26300,1
26301,5
26302,5
26303,5
26304,1
26305,1
26306,1
26307,1
26308,1
26309,5
26310,5
26311,1
26312,1
26313,5
26314,5
26315,5
26316,1
26317,5
26318,5
26319,5
26320,1
26321,1
26322,1
26323,5
26324,1
26325,5
26326,5
26327,1
26328,1
26329,1
26330,5
26331,5
26332,1
26333,5
26334,1
26335,5
26336,5
26337,5
26338,1
26339,1
26340,1
26341,5
26342,5
26343,1
26344,5
26345,1
26346,1
26347,5
26348,1
26349,5
26350,5
26351,1
26352,5
26353,5
26354,1
26355,1
26356,5
26357,5
26358,1
26359,5
26360,5
26361,1
26362,5
26363,5
26364,5
26365,5
26366,5
26367,1
26368,5
26369,5
26370,5
26371,5
26372,1
26373,5
26374,5
26375,1
26376,1
26377,5
26378,1
26379,1
26380,5
26381,5
26382,5
26383,1
26384,5
26385,5
26386,1
26387,1
26388,1
26389,1
26390,1
26391,1
26392,1
26393,1
26394,5
26395,5
26396,5
26397,5
26398,5
26399,5
26400,5
26401,1
26402,1
26403,1
26404,5
26405,1
26406,1
26407,1
26408,1
26409,5
26410,5
26411,5
26412,5
26413,1
26414,1
26415,1
26416,1
26417,5
26418,5
26419,1
26420,1
26421,1
26422,5
26423,5
26424,1
26425,1
26426,1
26427,1
26428,1
26429,1
26430,1
26431,1
26432,5
26433,1
26434,1
26435,5
26436,1
26437,1
26438,1
26439,1
26440,1
26441,1
26442,1
26443,1
26444,1
26445,1
26446,1
26447,5
26448,5
26449,1
26450,1
26451,1
26452,5
26453,5
26454,5
26455,5
26456,5
26457,1
26458,5
26459,1
26460,1
26461,1
26462,5
26463,1
26464,5
26465,1
26466,1
26467,1
26468,1
26469,1
26470,1
26471,1
26472,1
26473,5
26474,5
26475,5
26476,1
26477,1
26478,1
26479,5
26480,5
26481,5
26482,5
26483,5
26484,5
26485,5
26486,5
26487,5
26488,1
26489,1
26490,5
26491,1
26492,1
26493,1
26494,5
26495,1
26496,5
26497,5
26498,5
26499,1
26500,5
26501,5
26502,1
26503,1
26504,5
26505,5
26506,5
26507,5
26508,1
26509,1
26510,1
26511,1
26512,5
26513,5
26514,1
26515,1
26516,5
26517,5
26518,1
26519,1
26520,1
26521,1
26522,1
26523,1
26524,1
26525,1
26526,1
26527,5
26528,5
26529,1
26530,1
26531,1
26532,1
26533,1
26534,1
26535,1
26536,1
26537,5
26538,5
26539,5
26540,5
26541,5
26542,5
26543,1
26544,1
26545,5
26546,5
26547,5
26548,1
26549,5
26550,1
26551,1
26552,5
26553,5
26554,5
26555,5
26556,1
26557,1
26558,1
26559,5
26560,5
26561,5
26562,5
26563,5
26564,5
26565,5
26566,5
26567,1
26568,5
26569,1
26570,1
26571,1
26572,1
26573,5
26574,5
26575,5
26576,5
26577,5
26578,5
26579,5
26580,5
26581,5
26582,5
26583,5
26584,5
26585,5
26586,5
26587,5
26588,1
26589,5
26590,1
26591,1
26592,5
26593,1
26594,5
26595,5
26596,5
26597,5
26598,1
26599,5
26600,5
26601,5
26602,5
26603,1
26604,5
26605,5
26606,5
26607,1
26608,5
26609,1
26610,5
26611,1
26612,5
26613,5
26614,5
26615,1
26616,5
26617,5
26618,1
26619,5
26620,5
26621,1
26622,1
26623,5
26624,1
26625,1
26626,5
26627,1
26628,1
26629,1
26630,5
26631,1
26632,5
26633,1
26634,1
26635,5
26636,1
26637,5
26638,5
26639,1
26640,1
26641,5
26642,5
26643,1
26644,1
26645,1
26646,1
26647,5
26648,1
26649,5
26650,5
26651,1
26652,5
26653,1
26654,1
26655,1
26656,1
26657,5
26658,5
26659,5
26660,1
26661,5
26662,1
26663,5
26664,5
26665,1
26666,1
26667,1
26668,5
26669,5
26670,5
26671,1
26672,1
26673,1
26674,5
26675,5
26676,5
26677,5
26678,1
26679,1
26680,5
26681,5
26682,1
26683,1
26684,1
26685,5
26686,1
26687,1
26688,1
26689,1
26690,1
26691,1
26692,1
26693,5
26694,1
26695,5
26696,1
26697,5
26698,1
26699,1
26700,5
26701,5
26702,1
26703,1
26704,5
26705,5
26706,5
26707,5
26708,1
26709,1
26710,1
26711,5
26712,5
26713,5
26714,5
26715,1
26716,5
26717,5
26718,5
26719,5
26720,5
26721,1
26722,5
26723,5
26724,5
26725,5
26726,5
26727,1
26728,1
26729,1
26730,5
26731,5
26732,5
26733,5
26734,1
26735,1
26736,1
26737,1
26738,1
26739,1
26740,1
26741,1
26742,5
26743,1
26744,5
26745,1
26746,5
26747,5
26748,5
26749,5
26750,5
26751,5
26752,1
26753,5
26754,1
26755,1
26756,1
26757,1
26758,5
26759,5
26760,1
26761,1
26762,5
26763,1
26764,1
26765,1
26766,5
26767,5
26768,1
26769,1
26770,5
26771,5
26772,5
26773,5
26774,1
26775,1
26776,5
26777,5
26778,1
26779,5
26780,5
26781,5
26782,5
26783,5
26784,5
26785,5
26786,5
26787,5
26788,1
26789,1
26790,5
26791,5
26792,5
26793,1
26794,1
26795,1
26796,1
26797,1
26798,5
26799,5
26800,5
26801,5
26802,1
26803,5
26804,5
26805,5
26806,1
26807,5
26808,5
26809,1
26810,1
26811,1
26812,5
26813,1
26814,5
26815,5
26816,5
26817,1
26818,1
26819,1
26820,5
26821,1
26822,5
26823,1
26824,1
26825,5
26826,5
26827,5
26828,1
26829,5
26830,5
26831,5
26832,1
26833,1
26834,1
26835,1
26836,5
26837,5
26838,5
26839,1
26840,1
26841,5
26842,1
26843,5
26844,5
26845,5
26846,5
26847,5
26848,5
26849,5
26850,1
26851,5
26852,5
26853,5
26854,1
26855,1
26856,1
26857,1
26858,1
26859,5
26860,1
26861,1
26862,5
26863,5
26864,5
26865,5
26866,5
26867,5
26868,5
26869,5
26870,5
26871,5
26872,1
26873,5
26874,1
26875,1
26876,1
26877,1
26878,5
26879,1
26880,5
26881,1
26882,5
26883,5
26884,1
26885,1
26886,5
26887,5
26888,5
26889,1
26890,5
26891,1
26892,1
26893,5
26894,5
26895,5
26896,5
26897,5
26898,5
26899,5
26900,1
26901,1
26902,1
26903,5
26904,1
26905,5
26906,1
26907,1
26908,5
26909,5
26910,5
26911,5
26912,1
26913,1
26914,1
26915,5
26916,1
26917,5
26918,1
26919,1
26920,1
26921,1
26922,5
26923,5
26924,1
26925,1
26926,5
26927,1
26928,5
26929,5
26930,5
26931,1
26932,1
26933,1
26934,5
26935,5
26936,1
26937,5
26938,5
26939,1
26940,1
26941,1
26942,1
26943,1
26944,1
26945,5
26946,5
26947,5
26948,1
26949,1
26950,1
26951,5
26952,1
26953,1
26954,1
26955,1
26956,5
26957,1
26958,5
26959,1
26960,1
26961,1
26962,5
26963,1
26964,1
26965,5
26966,5
26967,1
26968,5
26969,1
26970,1
26971,5
26972,5
26973,5
26974,1
26975,1
26976,5
26977,1
26978,5
26979,1
26980,5
26981,1
26982,1
26983,5
26984,1
26985,5
26986,1
26987,5
26988,5
26989,5
26990,5
26991,5
26992,1
26993,1
26994,1
26995,5
26996,5
26997,1
26998,1
26999,5
27000,5
27001,5
27002,1
27003,1
27004,5
27005,5
27006,5
27007,5
27008,5
27009,5
27010,5
27011,5
27012,5
27013,5
27014,5
27015,5
27016,5
27017,5
27018,5
27019,5
27020,5
27021,5
27022,1
27023,5
27024,1
27025,5
27026,5
27027,5
27028,5
27029,5
27030,1
27031,5
27032,5
27033,5
27034,1
27035,1
27036,1
27037,5
27038,5
27039,5
27040,5
27041,5
27042,1
27043,5
27044,1
27045,1
27046,1
27047,5
27048,1
27049,5
27050,5
27051,1
27052,5
27053,5
27054,5
27055,1
27056,5
27057,5
27058,5
27059,5
27060,5
27061,5
27062,5
27063,1
27064,1
27065,1
27066,1
27067,1
27068,5
27069,5
27070,1
27071,5
27072,5
27073,5
27074,1
27075,1
27076,1
27077,1
27078,5
27079,5
27080,1
27081,5
27082,5
27083,5
27084,5
27085,5
27086,5
27087,5
27088,5
27089,1
27090,1
27091,1
27092,5
27093,5
27094,1
27095,1
27096,1
27097,5
27098,5
27099,5
27100,1
27101,1
27102,5
27103,5
27104,1
27105,1
27106,1
27107,1
27108,1
27109,5
27110,5
27111,5
27112,5
27113,5
27114,1
27115,1
27116,1
27117,1
27118,5
27119,5
27120,5
27121,1
27122,5
27123,5
27124,5
27125,5
27126,1
27127,1
27128,1
27129,5
27130,1
27131,5
27132,1
27133,5
27134,5
27135,5
27136,5
27137,5
27138,1
27139,5
27140,1
27141,5
27142,5
27143,5
27144,5
27145,1
27146,5
27147,5
27148,1
27149,1
27150,1
27151,1
27152,1
27153,1
27154,1
27155,1
27156,1
27157,1
27158,5
27159,5
27160,1
27161,5
27162,1
27163,1
27164,5
27165,5
27166,1
27167,1
27168,1
27169,1
27170,1
27171,1
27172,1
27173,5
27174,5
27175,1
27176,1
27177,1
27178,1
27179,5
27180,1
27181,1
27182,1
27183,1
27184,1
27185,5
27186,1
27187,1
27188,5
27189,1
27190,5
27191,5
27192,5
27193,5
27194,1
27195,5
27196,5
27197,1
27198,5
27199,5
27200,5
27201,1
27202,1
27203,1
27204,1
27205,1
27206,5
27207,5
27208,1
27209,1
27210,5
27211,5
27212,5
27213,1
27214,5
27215,5
27216,1
27217,5
27218,5
27219,5
27220,1
27221,1
27222,1
27223,5
27224,5
27225,5
27226,5
27227,1
27228,5
27229,1
27230,1
27231,1
27232,5
27233,1
27234,1
27235,1
27236,1
27237,5
27238,1
27239,1
27240,5
27241,5
27242,1
27243,1
27244,1
27245,5
27246,1
27247,5
27248,5
27249,5
27250,5
27251,5
27252,5
27253,1
27254,1
27255,1
27256,1
27257,5
27258,5
27259,1
27260,1
27261,5
27262,1
27263,5
27264,5
27265,5
27266,1
27267,5
27268,1
27269,1
27270,5
27271,5
27272,5
27273,5
27274,5
27275,5
27276,5
27277,1
27278,1
27279,1
27280,5
27281,5
27282,1
27283,5
27284,5
27285,5
27286,5
27287,5
27288,5
27289,5
27290,1
27291,5
27292,1
27293,5
27294,5
27295,1
27296,5
27297,5
27298,1
27299,1
27300,1
27301,5
27302,1
27303,5
27304,1
27305,1
27306,1
27307,1
27308,5
27309,1
27310,5
27311,5
27312,1
27313,5
27314,5
27315,1
27316,1
27317,5
27318,5
27319,1
27320,1
27321,5
27322,1
27323,1
27324,5
27325,1
27326,1
27327,5
27328,5
27329,1
27330,5
27331,5
27332,5
27333,1
27334,1
27335,1
27336,1
27337,1
27338,5
27339,1
27340,1
27341,1
27342,5
27343,5
27344,5
27345,5
27346,1
27347,1
27348,1
27349,5
27350,1
27351,1
27352,5
27353,5
27354,5
27355,5
27356,1
27357,5
27358,1
27359,5
27360,5
27361,1
27362,5
27363,1
27364,1
27365,1
27366,5
27367,1
27368,5
27369,1
27370,5
27371,1
27372,5
27373,1
27374,1
27375,1
27376,1
27377,1
27378,5
27379,1
27380,5
27381,5
27382,1
27383,5
27384,5
27385,5
27386,5
27387,5
27388,5
27389,1
27390,1
27391,5
27392,5
27393,1
27394,5
27395,1
27396,1
27397,1
27398,5
27399,1
27400,5
27401,1
27402,1
27403,5
27404,1
27405,1
27406,5
27407,5
27408,1
27409,5
27410,1
27411,5
27412,1
27413,5
27414,1
27415,5
27416,1
27417,1
27418,1
27419,1
27420,5
27421,1
27422,5
27423,5
27424,5
27425,1
27426,5
27427,5
27428,1
27429,1
27430,1
27431,1
27432,1
27433,1
27434,1
27435,5
27436,5
27437,5
27438,5
27439,5
27440,5
27441,5
27442,5
27443,5
27444,5
27445,1
27446,1
27447,5
27448,1
27449,5
27450,5
27451,5
27452,5
27453,1
27454,5
27455,5
27456,5
27457,1
27458,1
27459,5
27460,1
27461,1
27462,1
27463,1
27464,5
27465,5
27466,5
27467,5
27468,1
27469,1
27470,1
27471,5
27472,5
27473,1
27474,1
27475,1
27476,1
27477,5
27478,5
27479,5
27480,5
27481,1
27482,1
27483,1
27484,1
27485,5
27486,1
27487,5
27488,5
27489,1
27490,5
27491,1
27492,5
27493,5
27494,5
27495,5
27496,1
27497,1
27498,1
27499,1
27500,5
27501,1
27502,5
27503,1
27504,5
27505,1
27506,5
27507,1
27508,1
27509,5
27510,1
27511,5
27512,1
27513,5
27514,1
27515,5
27516,1
27517,1
27518,1
27519,5
27520,1
27521,1
27522,5
27523,5
27524,1
27525,1
27526,1
27527,1
27528,1
27529,1
27530,5
27531,5
27532,5
27533,1
27534,5
27535,5
27536,1
27537,1
27538,5
27539,1
27540,5
27541,1
27542,1
27543,5
27544,5
27545,5
27546,1
27547,1
27548,1
27549,5
27550,1
27551,1
27552,1
27553,1
27554,5
27555,1
27556,5
27557,5
27558,5
27559,1
27560,1
27561,1
27562,1
27563,1
27564,5
27565,5
27566,1
27567,5
27568,1
27569,5
27570,1
27571,1
27572,5
27573,1
27574,1
27575,5
27576,1
27577,5
27578,5
27579,1
27580,1
27581,5
27582,1
27583,1
27584,5
27585,1
27586,5
27587,5
27588,5
27589,5
27590,5
27591,1
27592,1
27593,1
27594,5
27595,1
27596,1
27597,5
27598,5
27599,1
27600,1
27601,5
27602,5
27603,1
27604,1
27605,1
27606,1
27607,5
27608,1
27609,5
27610,5
27611,1
27612,1
27613,1
27614,1
27615,5
27616,1
27617,5
27618,5
27619,1
27620,5
27621,1
27622,1
27623,5
27624,5
27625,1
27626,1
27627,1
27628,5
27629,1
27630,1
27631,5
27632,5
27633,5
27634,1
27635,5
27636,1
27637,1
27638,1
27639,5
27640,1
27641,1
27642,5
27643,5
27644,1
27645,5
27646,1
27647,5
27648,1
27649,1
27650,1
27651,5
27652,5
27653,1
27654,1
27655,1
27656,5
27657,1
27658,1
27659,1
27660,5
27661,1
27662,5
27663,1
27664,5
27665,5
27666,1
27667,1
27668,1
27669,5
27670,1
27671,5
27672,1
27673,5
27674,1
27675,1
27676,1
27677,1
27678,1
27679,5
27680,5
27681,1
27682,1
27683,1
27684,1
27685,1
27686,5
27687,5
27688,1
27689,5
27690,1
27691,5
27692,1
27693,5
27694,5
27695,5
27696,1
27697,5
27698,1
27699,5
27700,1
27701,1
27702,1
27703,5
27704,5
27705,5
27706,1
27707,1
27708,5
27709,1
27710,5
27711,5
27712,5
27713,5
27714,5
27715,5
27716,5
27717,5
27718,5
27719,1
27720,1
27721,1
27722,1
27723,1
27724,5
27725,1
27726,5
27727,5
27728,5
27729,1
27730,1
27731,5
27732,1
27733,1
27734,1
27735,5
27736,1
27737,5
27738,1
27739,5
27740,5
27741,5
27742,5
27743,5
27744,5
27745,5
27746,1
27747,1
27748,5
27749,1
27750,5
27751,5
27752,5
27753,5
27754,5
27755,1
27756,5
27757,1
27758,5
27759,1
27760,5
27761,5
27762,5
27763,1
27764,1
27765,1
27766,5
27767,5
27768,1
27769,1
27770,5
27771,5
27772,5
27773,5
27774,5
27775,5
27776,5
27777,5
27778,5
27779,1
27780,1
27781,5
27782,5
27783,1
27784,1
27785,5
27786,1
27787,1
27788,1
27789,1
27790,5
27791,1
27792,5
27793,1
27794,1
27795,1
27796,1
27797,5
27798,1
27799,1
27800,1
27801,1
27802,5
27803,1
27804,1
27805,1
27806,1
27807,5
27808,1
27809,1
27810,5
27811,5
27812,1
27813,5
27814,5
27815,5
27816,1
27817,1
27818,5
27819,5
27820,5
27821,5
27822,5
27823,5
27824,1
27825,5
27826,1
27827,1
27828,1
27829,5
27830,5
27831,1
27832,1
27833,1
27834,1
27835,1
27836,1
27837,1
27838,5
27839,1
27840,1
27841,1
27842,1
27843,5
27844,1
27845,1
27846,5
27847,1
27848,5
27849,1
27850,5
27851,1
27852,1
27853,5
27854,5
27855,1
27856,1
27857,5
27858,1
27859,1
27860,1
27861,5
27862,5
27863,5
27864,5
27865,1
27866,1
27867,1
27868,5
27869,5
27870,1
27871,5
27872,5
27873,5
27874,5
27875,5
27876,5
27877,5
27878,5
27879,5
27880,5
27881,5
27882,5
27883,1
27884,5
27885,1
27886,5
27887,5
27888,1
27889,1
27890,5
27891,1
27892,1
27893,5
27894,5
27895,1
27896,5
27897,5
27898,1
27899,1
27900,1
27901,5
27902,1
27903,1
27904,5
27905,1
27906,5
27907,5
27908,5
27909,1
27910,1
27911,1
27912,1
27913,5
27914,5
27915,5
27916,1
27917,1
27918,1
27919,5
27920,1
27921,5
27922,1
27923,5
27924,5
27925,5
27926,1
27927,1
27928,5
27929,1
27930,5
27931,1
27932,1
27933,1
27934,5
27935,1
27936,1
27937,1
27938,5
27939,1
27940,1
27941,5
27942,5
27943,1
27944,5
27945,1
27946,1
27947,1
27948,1
27949,5
27950,1
27951,1
27952,5
27953,1
27954,5
27955,1
27956,5
27957,1
27958,1
27959,1
27960,5
27961,5
27962,5
27963,5
27964,1
27965,1
27966,1
27967,5
27968,5
27969,5
27970,1
27971,1
27972,1
27973,5
27974,5
27975,5
27976,1
27977,5
27978,1
27979,1
27980,1
27981,5
27982,1
27983,5
27984,5
27985,1
27986,5
27987,1
27988,5
27989,5
27990,5
27991,1
27992,1
27993,1
27994,1
27995,1
27996,1
27997,1
27998,1
27999,1
28000,1
28001,1
28002,1
28003,1
28004,5
28005,5
28006,1
28007,1
28008,5
28009,5
28010,5
28011,5
28012,5
28013,1
28014,1
28015,5
28016,1
28017,5
28018,5
28019,1
28020,5
28021,5
28022,1
28023,1
28024,1
28025,1
28026,1
28027,5
28028,5
28029,5
28030,5
28031,5
28032,1
28033,5
28034,5
28035,1
28036,1
28037,1
28038,5
28039,1
28040,5
28041,5
28042,5
28043,1
28044,1
28045,1
28046,5
28047,5
28048,1
28049,1
28050,1
28051,5
28052,1
28053,5
28054,1
28055,1
28056,5
28057,1
28058,5
28059,5
28060,1
28061,1
28062,1
28063,1
28064,5
28065,5
28066,1
28067,1
28068,5
28069,5
28070,5
28071,5
28072,1
28073,5
28074,1
28075,1
28076,5
28077,5
28078,1
28079,5
28080,1
28081,5
28082,1
28083,5
28084,1
28085,5
28086,1
28087,1
28088,1
28089,1
28090,1
28091,1
28092,5
28093,5
28094,5
28095,5
28096,5
28097,5
28098,1
28099,5
28100,1
28101,5
28102,5
28103,1
28104,1
28105,1
28106,1
28107,5
28108,5
28109,5
28110,1
28111,5
28112,1
28113,5
28114,5
28115,5
28116,5
28117,1
28118,1
28119,1
28120,1
28121,1
28122,1
28123,5
28124,5
28125,5
28126,1
28127,5
28128,5
28129,5
28130,1
28131,1
28132,1
28133,1
28134,1
28135,5
28136,5
28137,5
28138,5
28139,1
28140,1
28141,5
28142,5
28143,5
28144,5
28145,1
28146,5
28147,5
28148,5
28149,1
28150,1
28151,1
28152,1
28153,1
28154,5
28155,1
28156,5
28157,5
28158,5
28159,5
28160,5
28161,1
28162,1
28163,1
28164,5
28165,5
28166,1
28167,5
28168,1
28169,1
28170,1
28171,1
28172,5
28173,5
28174,5
28175,5
28176,5
28177,1
28178,5
28179,5
28180,1
28181,1
28182,1
28183,5
28184,5
28185,5
28186,1
28187,1
28188,5
28189,1
28190,5
28191,5
28192,5
28193,5
28194,5
28195,1
28196,5
28197,1
28198,1
28199,5
28200,5
28201,1
28202,5
28203,5
28204,5
28205,1
28206,5
28207,5
28208,5
28209,5
28210,5
28211,5
28212,5
28213,5
28214,1
28215,1
28216,1
28217,5
28218,1
28219,1
28220,5
28221,1
28222,1
28223,5
28224,1
28225,1
28226,5
28227,1
28228,1
28229,5
28230,1
28231,1
28232,1
28233,5
28234,1
28235,1
28236,1
28237,1
28238,1
28239,1
28240,1
28241,1
28242,5
28243,5
28244,1
28245,1
28246,1
28247,1
28248,5
28249,1
28250,1
28251,5
28252,5
28253,5
28254,5
28255,1
28256,5
28257,5
28258,5
28259,5
28260,5
28261,1
28262,5
28263,5
28264,5
28265,1
28266,1
28267,1
28268,1
28269,5
28270,1
28271,1
28272,5
28273,1
28274,1
28275,1
28276,1
28277,5
28278,1
28279,5
28280,5
28281,1
28282,5
28283,1
28284,5
28285,5
28286,5
28287,1
28288,5
28289,1
28290,5
28291,1
28292,5
28293,5
28294,1
28295,1
28296,5
28297,5
28298,1
28299,5
28300,5
28301,1
28302,5
28303,1
28304,5
28305,1
28306,1
28307,1
28308,1
28309,1
28310,1
28311,1
28312,1
28313,1
28314,1
28315,1
28316,5
28317,5
28318,1
28319,5
28320,1
28321,5
28322,1
28323,1
28324,5
28325,1
28326,5
28327,5
28328,5
28329,5
28330,1
28331,1
28332,1
28333,1
28334,1
28335,1
28336,1
28337,1
28338,5
28339,1
28340,1
28341,5
28342,5
28343,1
28344,1
28345,1
28346,5
28347,5
28348,5
28349,5
28350,5
28351,1
28352,1
28353,1
28354,1
28355,1
28356,5
28357,5
28358,1
28359,1
28360,5
28361,5
28362,1
28363,1
28364,1
28365,5
28366,5
28367,5
28368,5
28369,5
28370,1
28371,5
28372,1
28373,1
28374,5
28375,5
28376,5
28377,5
28378,5
28379,5
28380,5
28381,1
28382,1
28383,1
28384,1
28385,5
28386,5
28387,1
28388,1
28389,5
28390,5
28391,5
28392,1
28393,1
28394,5
28395,1
28396,1
28397,1
28398,1
28399,1
28400,1
28401,5
28402,5
28403,1
28404,1
28405,1
28406,1
28407,5
28408,5
28409,1
28410,1
28411,5
28412,5
28413,5
28414,1
28415,5
28416,1
28417,5
28418,5
28419,1
28420,5
28421,5
28422,5
28423,5
28424,1
28425,5
28426,5
28427,5
28428,1
28429,1
28430,1
28431,5
28432,1
28433,5
28434,5
28435,1
28436,1
28437,1
28438,5
28439,1
28440,5
28441,1
28442,5
28443,5
28444,1
28445,5
28446,5
28447,1
28448,1
28449,1
28450,1
28451,1
28452,5
28453,1
28454,5
28455,1
28456,1
28457,1
28458,5
28459,1
28460,1
28461,1
28462,5
28463,5
28464,1
28465,1
28466,5
28467,5
28468,1
28469,1
28470,5
28471,5
28472,1
28473,1
28474,5
28475,5
28476,5
28477,5
28478,1
28479,5
28480,1
28481,1
28482,1
28483,1
28484,1
28485,1
28486,1
28487,5
28488,1
28489,1
28490,5
28491,1
28492,1
28493,5
28494,1
28495,1
28496,5
28497,5
28498,1
28499,5
28500,5
28501,5
28502,5
28503,5
28504,5
28505,5
28506,1
28507,5
28508,1
28509,1
28510,1
28511,5
28512,5
28513,5
28514,5
28515,5
28516,5
28517,1
28518,1
28519,1
28520,5
28521,5
28522,1
28523,5
28524,5
28525,1
28526,1
28527,1
28528,5
28529,5
28530,1
28531,1
28532,1
28533,5
28534,5
28535,1
28536,1
28537,1
28538,1
28539,5
28540,1
28541,5
28542,5
28543,5
28544,5
28545,5
28546,5
28547,1
28548,1
28549,5
28550,1
28551,5
28552,5
28553,1
28554,1
28555,1
28556,1
28557,5
28558,1
28559,1
28560,1
28561,5
28562,1
28563,5
28564,5
28565,5
28566,1
28567,1
28568,5
28569,5
28570,5
28571,5
28572,5
28573,1
28574,1
28575,1
28576,5
28577,1
28578,1
28579,1
28580,1
28581,1
28582,1
28583,5
28584,1
28585,5
28586,5
28587,5
28588,1
28589,5
28590,1
28591,1
28592,1
28593,1
28594,1
28595,1
28596,5
28597,1
28598,1
28599,1
28600,5
28601,1
28602,5
28603,1
28604,1
28605,5
28606,5
28607,1
28608,5
28609,5
28610,1
28611,5
28612,5
28613,5
28614,5
28615,1
28616,5
28617,1
28618,5
28619,5
28620,5
28621,1
28622,5
28623,1
28624,5
28625,5
28626,5
28627,1
28628,1
28629,1
28630,1
28631,1
28632,5
28633,1
28634,1
28635,5
28636,5
28637,5
28638,5
28639,5
28640,1
28641,1
28642,5
28643,5
28644,1
28645,5
28646,5
28647,1
28648,5
28649,5
28650,1
28651,1
28652,1
28653,5
28654,1
28655,1
28656,1
28657,5
28658,1
28659,1
28660,5
28661,1
28662,1
28663,5
28664,1
28665,5
28666,5
28667,5
28668,5
28669,5
28670,5
28671,1
28672,1
28673,1
28674,1
28675,5
28676,1
28677,1
28678,1
28679,1
28680,1
28681,5
28682,5
28683,5
28684,5
28685,1
28686,5
28687,5
28688,5
28689,5
28690,5
28691,5
28692,5
28693,1
28694,1
28695,5
28696,5
28697,5
28698,1
28699,1
28700,1
28701,5
28702,1
28703,5
28704,5
28705,5
28706,5
28707,1
28708,1
28709,5
28710,1
28711,1
28712,1
28713,1
28714,1
28715,1
28716,1
28717,1
28718,5
28719,1
28720,1
28721,1
28722,5
28723,1
28724,1
28725,5
28726,5
28727,1
28728,1
28729,1
28730,1
28731,1
28732,5
28733,1
28734,1
28735,1
28736,1
28737,5
28738,1
28739,1
28740,1
28741,1
28742,1
28743,1
28744,5
28745,1
28746,1
28747,1
28748,1
28749,1
28750,1
28751,1
28752,1
28753,5
28754,5
28755,5
28756,1
28757,1
28758,1
28759,1
28760,5
28761,5
28762,1
28763,5
28764,1
28765,1
28766,1
28767,1
28768,5
28769,1
28770,1
28771,5
28772,5
28773,1
28774,1
28775,1
28776,1
28777,1
28778,5
28779,1
28780,5
28781,5
28782,1
28783,5
28784,5
28785,5
28786,1
28787,5
28788,1
28789,5
28790,5
28791,5
28792,1
28793,1
28794,1
28795,1
28796,1
28797,1
28798,1
28799,1
28800,5
28801,1
28802,1
28803,5
28804,1
28805,5
28806,1
28807,1
28808,1
28809,1
28810,5
28811,1
28812,1
28813,1
28814,5
28815,5
28816,5
28817,5
28818,1
28819,5
28820,5
28821,5
28822,1
28823,5
28824,5
28825,5
28826,5
28827,1
28828,1
28829,1
28830,1
28831,5
28832,5
28833,1
28834,5
28835,1
28836,5
28837,1
28838,5
28839,1
28840,5
28841,5
28842,5
28843,1
28844,1
28845,5
28846,1
28847,5
28848,5
28849,1
28850,1
28851,1
28852,1
28853,1
28854,1
28855,1
28856,1
28857,1
28858,1
28859,1
28860,1
28861,1
28862,1
28863,5
28864,1
28865,5
28866,5
28867,5
28868,1
28869,5
28870,1
28871,5
28872,1
28873,1
28874,5
28875,5
28876,5
28877,5
28878,5
28879,1
28880,1
28881,1
28882,5
28883,1
28884,1
28885,5
28886,1
28887,1
28888,1
28889,5
28890,1
28891,5
28892,1
28893,5
28894,5
28895,1
28896,1
28897,1
28898,1
28899,1
28900,1
28901,5
28902,5
28903,5
28904,5
28905,5
28906,1
28907,1
28908,1
28909,5
28910,5
28911,1
28912,5
28913,5
28914,1
28915,1
28916,1
28917,5
28918,1
28919,1
28920,5
28921,5
28922,5
28923,5
28924,1
28925,5
28926,5
28927,5
28928,1
28929,5
28930,5
28931,5
28932,5
28933,5
28934,5
28935,5
28936,5
28937,1
28938,5
28939,5
28940,1
28941,5
28942,5
28943,5
28944,1
28945,5
28946,5
28947,1
28948,5
28949,1
28950,5
28951,1
28952,5
28953,5
28954,1
28955,1
28956,5
28957,5
28958,1
28959,5
28960,1
28961,1
28962,5
28963,1
28964,1
28965,5
28966,1
28967,5
28968,1
28969,5
28970,1
28971,1
28972,1
28973,5
28974,1
28975,1
28976,5
28977,1
28978,1
28979,1
28980,5
28981,1
28982,1
28983,1
28984,5
28985,1
28986,1
28987,5
28988,1
28989,5
28990,5
28991,5
28992,5
28993,5
28994,1
28995,1
28996,5
28997,1
28998,5
28999,1
29000,1
29001,5
29002,5
29003,1
29004,1
29005,1
29006,5
29007,5
29008,1
29009,1
29010,5
29011,1
29012,1
29013,5
29014,1
29015,5
29016,1
29017,1
29018,1
29019,5
29020,1
29021,1
29022,5
29023,5
29024,1
29025,5
29026,1
29027,1
29028,5
29029,5
29030,5
29031,5
29032,5
29033,1
29034,1
29035,1
29036,1
29037,5
29038,5
29039,5
29040,1
29041,1
29042,5
29043,1
29044,5
29045,1
29046,1
29047,1
29048,5
29049,5
29050,1
29051,1
29052,1
29053,5
29054,1
29055,1
29056,1
29057,1
29058,5
29059,1
29060,1
29061,1
29062,1
29063,5
29064,5
29065,1
29066,5
29067,5
29068,5
29069,1
29070,1
29071,5
29072,5
29073,5
29074,1
29075,1
29076,1
29077,1
29078,1
29079,5
29080,1
29081,1
29082,5
29083,5
29084,5
29085,5
29086,5
29087,1
29088,1
29089,1
29090,5
29091,5
29092,5
29093,1
29094,1
29095,5
29096,1
29097,5
29098,1
29099,1
29100,5
29101,1
29102,5
29103,5
29104,5
29105,5
29106,1
29107,5
29108,5
29109,5
29110,1
29111,5
29112,1
29113,1
29114,1
29115,1
29116,1
29117,1
29118,5
29119,1
29120,5
29121,5
29122,5
29123,5
29124,5
29125,1
29126,1
29127,1
29128,5
29129,5
29130,1
29131,1
29132,1
29133,1
29134,5
29135,5
29136,1
29137,1
29138,5
29139,1
29140,1
29141,5
29142,1
29143,1
29144,5
29145,5
29146,5
29147,1
29148,5
29149,5
29150,5
29151,1
29152,5
29153,1
29154,1
29155,5
29156,5
29157,5
29158,1
29159,5
29160,1
29161,1
29162,1
29163,1
29164,1
29165,1
29166,1
29167,5
29168,5
29169,1
29170,1
29171,1
29172,5
29173,5
29174,1
29175,5
29176,1
29177,5
29178,5
29179,5
29180,1
29181,1
29182,5
29183,1
29184,5
29185,1
29186,1
29187,1
29188,1
29189,1
29190,5
29191,5
29192,1
29193,1
29194,1
29195,1
29196,1
29197,5
29198,5
29199,1
29200,5
29201,5
29202,5
29203,1
29204,1
29205,5
29206,1
29207,1
29208,5
29209,5
29210,5
29211,5
29212,5
29213,5
29214,5
29215,5
29216,5
29217,1
29218,5
29219,5
29220,1
29221,1
29222,1
29223,1
29224,5
29225,5
29226,5
29227,1
29228,1
29229,5
29230,5
29231,5
29232,5
29233,5
29234,5
29235,5
29236,5
29237,1
29238,5
29239,5
29240,1
29241,5
29242,5
29243,5
29244,5
29245,5
29246,1
29247,1
29248,1
29249,5
29250,1
29251,5
29252,5
29253,1
29254,5
29255,5
29256,1
29257,1
29258,1
29259,1
29260,1
29261,5
29262,1
29263,5
29264,1
29265,1
29266,5
29267,5
29268,5
29269,1
29270,1
29271,5
29272,1
29273,1
29274,5
29275,5
29276,1
29277,1
29278,5
29279,5
29280,5
29281,1
29282,5
29283,5
29284,1
29285,5
29286,5
29287,5
29288,1
29289,5
29290,1
29291,5
29292,1
29293,5
29294,1
29295,5
29296,5
29297,5
29298,1
29299,1
29300,1
29301,1
29302,5
29303,1
29304,1
29305,1
29306,5
29307,5
29308,5
29309,5
29310,5
29311,1
29312,5
29313,1
29314,1
29315,1
29316,5
29317,1
29318,1
29319,5
29320,5
29321,5
29322,1
29323,5
29324,1
29325,1
29326,5
29327,5
29328,5
29329,5
29330,5
29331,1
29332,1
29333,1
29334,1
29335,5
29336,1
29337,5
29338,5
29339,5
29340,5
29341,1
29342,5
29343,5
29344,5
29345,1
29346,1
29347,5
29348,5
29349,1
29350,1
29351,1
29352,5
29353,5
29354,5
29355,5
29356,5
29357,5
29358,5
29359,1
29360,5
29361,1
29362,1
29363,1
29364,1
29365,5
29366,1
29367,1
29368,1
29369,5
29370,5
29371,1
29372,1
29373,1
29374,5
29375,5
29376,5
29377,5
29378,1
29379,5
29380,5
29381,1
29382,5
29383,5
29384,5
29385,5
29386,5
29387,5
29388,5
29389,5
29390,5
29391,5
29392,5
29393,1
29394,5
29395,5
29396,1
29397,5
29398,5
29399,5
29400,5
29401,1
29402,1
29403,1
29404,5
29405,5
29406,5
29407,5
29408,5
29409,5
29410,1
29411,1
29412,1
29413,1
29414,5
29415,5
29416,1
29417,1
29418,1
29419,1
29420,1
29421,5
29422,5
29423,5
29424,1
29425,1
29426,5
29427,1
29428,5
29429,1
29430,1
29431,1
29432,5
29433,1
29434,1
29435,5
29436,1
29437,1
29438,1
29439,1
29440,1
29441,1
29442,1
29443,5
29444,5
29445,1
29446,1
29447,1
29448,5
29449,5
29450,5
29451,1
29452,1
29453,1
29454,5
29455,5
29456,1
29457,1
29458,5
29459,1
29460,1
29461,1
29462,1
29463,5
29464,1
29465,1
29466,5
29467,1
29468,5
29469,5
29470,5
29471,5
29472,1
29473,1
29474,5
29475,1
29476,5
29477,1
29478,5
29479,5
29480,5
29481,5
29482,5
29483,5
29484,5
29485,5
29486,5
29487,5
29488,1
29489,1
29490,5
29491,5
29492,1
29493,1
29494,1
29495,1
29496,1
29497,1
29498,5
29499,1
29500,5
29501,5
29502,1
29503,5
29504,1
29505,1
29506,1
29507,1
29508,1
29509,5
29510,1
29511,5
29512,5
29513,5
29514,1
29515,5
29516,1
29517,5
29518,5
29519,5
29520,5
29521,5
29522,5
29523,5
29524,1
29525,5
29526,1
29527,5
29528,5
29529,1
29530,1
29531,5
29532,5
29533,5
29534,1
29535,1
29536,5
29537,1
29538,5
29539,1
29540,1
29541,1
29542,1
29543,1
29544,1
29545,5
29546,1
29547,5
29548,1
29549,5
29550,1
29551,5
29552,5
29553,1
29554,5
29555,1
29556,5
29557,1
29558,1
29559,5
29560,1
29561,5
29562,1
29563,5
29564,1
29565,1
29566,1
29567,5
29568,5
29569,5
29570,5
29571,5
29572,1
29573,1
29574,1
29575,1
29576,5
29577,1
29578,5
29579,5
29580,1
29581,1
29582,1
29583,1
29584,1
29585,1
29586,1
29587,1
29588,1
29589,1
29590,5
29591,1
29592,1
29593,1
29594,1
29595,5
29596,5
29597,1
29598,5
29599,1
29600,5
29601,1
29602,5
29603,5
29604,1
29605,1
29606,1
29607,1
29608,5
29609,1
29610,1
29611,1
29612,1
29613,1
29614,1
29615,1
29616,5
29617,1
29618,5
29619,5
29620,5
29621,5
29622,5
29623,5
29624,5
29625,5
29626,5
29627,5
29628,1
29629,1
29630,1
29631,1
29632,1
29633,1
29634,1
29635,5
29636,5
29637,5
29638,5
29639,5
29640,5
29641,5
29642,1
29643,1
29644,1
29645,1
29646,1
29647,1
29648,5
29649,1
29650,5
29651,1
29652,5
29653,5
29654,1
29655,1
29656,1
29657,1
29658,1
29659,1
29660,1
29661,1
29662,1
29663,5
29664,1
29665,1
29666,5
29667,5
29668,1
29669,5
29670,5
29671,5
29672,5
29673,1
29674,5
29675,5
29676,5
29677,5
29678,5
29679,1
29680,5
29681,5
29682,1
29683,1
29684,1
29685,5
29686,5
29687,5
29688,5
29689,5
29690,1
29691,1
29692,1
29693,1
29694,1
29695,5
29696,1
29697,1
29698,1
29699,1
29700,1
29701,1
29702,1
29703,1
29704,5
29705,1
29706,5
29707,1
29708,5
29709,5
29710,5
29711,1
29712,5
29713,1
29714,5
29715,5
29716,5
29717,1
29718,1
29719,1
29720,5
29721,1
29722,5
29723,5
29724,5
29725,5
29726,1
29727,5
29728,5
29729,1
29730,5
29731,1
29732,1
29733,5
29734,5
29735,5
29736,5
29737,1
29738,5
29739,5
29740,1
29741,1
29742,5
29743,1
29744,1
29745,1
29746,1
29747,1
29748,1
29749,1
29750,5
29751,1
29752,1
29753,5
29754,1
29755,1
29756,5
29757,1
29758,1
29759,5
29760,1
29761,5
29762,1
29763,5
29764,5
29765,1
29766,1
29767,1
29768,1
29769,5
29770,1
29771,1
29772,5
29773,5
29774,1
29775,1
29776,1
29777,1
29778,5
29779,1
29780,1
29781,1
29782,1
29783,1
29784,1
29785,1
29786,5
29787,1
29788,5
29789,5
29790,1
29791,1
29792,1
29793,1
29794,1
29795,5
29796,5
29797,1
29798,5
29799,5
29800,1
29801,5
29802,5
29803,5
29804,1
29805,1
29806,5
29807,1
29808,5
29809,5
29810,1
29811,5
29812,5
29813,5
29814,1
29815,5
29816,1
29817,1
29818,5
29819,5
29820,1
29821,5
29822,1
29823,5
29824,5
29825,5
29826,1
29827,1
29828,5
29829,5
29830,5
29831,5
29832,1
29833,5
29834,5
29835,5
29836,1
29837,1
29838,1
29839,5
29840,5
29841,1
29842,1
29843,1
29844,1
29845,1
29846,1
29847,1
29848,5
29849,5
29850,5
29851,5
29852,1
29853,1
29854,5
29855,5
29856,1
29857,5
29858,5
29859,1
29860,1
29861,5
29862,5
29863,1
29864,5
29865,5
29866,1
29867,1
29868,5
29869,5
29870,1
29871,1
29872,1
29873,5
29874,1
29875,1
29876,1
29877,5
29878,1
29879,1
29880,1
29881,1
29882,5
29883,5
29884,5
29885,5
29886,5
29887,1
29888,5
29889,5
29890,5
29891,1
29892,5
29893,5
29894,5
29895,5
29896,1
29897,5
29898,5
29899,1
29900,1
29901,1
29902,5
29903,5
29904,5
29905,5
29906,5
29907,5
29908,5
29909,1
29910,5
29911,5
29912,5
29913,5
29914,5
29915,5
29916,1
29917,1
29918,1
29919,5
29920,1
29921,5
29922,1
29923,5
29924,5
29925,1
29926,1
29927,1
29928,5
29929,1
29930,5
29931,5
29932,5
29933,5
29934,1
29935,1
29936,1
29937,1
29938,1
29939,5
29940,1
29941,1
29942,1
29943,5
29944,5
29945,1
29946,1
29947,5
29948,5
29949,5
29950,1
29951,5
29952,5
29953,1
29954,1
29955,5
29956,5
29957,1
29958,5
29959,1
29960,5
29961,5
29962,5
29963,5
29964,1
29965,5
29966,1
29967,1
29968,5
29969,1
29970,5
29971,5
29972,5
29973,1
29974,1
29975,1
29976,5
29977,1
29978,5
29979,5
29980,1
29981,1
29982,5
29983,5
29984,5
29985,5
29986,1
29987,1
29988,5
29989,1
29990,5
29991,1
29992,5
29993,1
29994,5
29995,1
29996,5
29997,5
29998,5
29999,5
30000,1
30001,5
30002,1
30003,1
30004,1
30005,1
30006,1
30007,1
30008,5
30009,1
30010,5
30011,5
30012,5
30013,1
30014,1
30015,5
30016,1
30017,1
30018,1
30019,5
30020,5
30021,1
30022,1
30023,5
30024,1
30025,1
30026,5
30027,1
30028,5
30029,1
30030,5
30031,1
30032,5
30033,1
30034,5
30035,5
30036,5
30037,1
30038,5
30039,1
30040,1
30041,1
30042,5
30043,5
30044,5
30045,5
30046,5
30047,1
30048,1
30049,5
30050,5
30051,1
30052,1
30053,1
30054,1
30055,1
30056,1
30057,5
30058,1
30059,1
30060,5
30061,5
30062,5
30063,1
30064,1
30065,1
30066,5
30067,1
30068,5
30069,1
30070,1
30071,5
30072,1
30073,5
30074,1
30075,5
30076,1
30077,1
30078,1
30079,1
30080,1
30081,1
30082,1
30083,5
30084,5
30085,1
30086,1
30087,1
30088,5
30089,1
30090,1
30091,5
30092,1
30093,5
30094,1
30095,1
30096,5
30097,5
30098,5
30099,1
30100,1
30101,5
30102,5
30103,5
30104,5
30105,5
30106,5
30107,1
30108,1
30109,5
30110,1
30111,1
30112,1
30113,1
30114,1
30115,1
30116,1
30117,5
30118,5
30119,1
30120,5
30121,1
30122,5
30123,5
30124,5
30125,5
30126,1
30127,1
30128,5
30129,5
30130,1
30131,1
30132,1
30133,5
30134,5
30135,1
30136,1
30137,1
30138,1
30139,1
30140,5
30141,5
30142,1
30143,5
30144,1
30145,1
30146,1
30147,1
30148,5
30149,5
30150,5
30151,5
30152,5
30153,5
30154,1
30155,5
30156,5
30157,1
30158,5
30159,5
30160,5
30161,5
30162,1
30163,5
30164,1
30165,1
30166,1
30167,1
30168,1
30169,5
30170,5
30171,1
30172,1
30173,5
30174,1
30175,1
30176,1
30177,5
30178,1
30179,1
30180,1
30181,5
30182,5
30183,1
30184,5
30185,5
30186,5
30187,1
30188,1
30189,5
30190,5
30191,5
30192,1
30193,1
30194,1
30195,1
30196,5
30197,1
30198,5
30199,1
30200,1
30201,1
30202,5
30203,1
30204,1
30205,1
30206,1
30207,5
30208,5
30209,5
30210,1
30211,5
30212,5
30213,5
30214,1
30215,1
30216,5
30217,1
30218,5
30219,5
30220,5
30221,5
30222,1
30223,1
30224,1
30225,1
30226,5
30227,5
30228,5
30229,5
30230,1
30231,5
30232,5
30233,5
30234,1
30235,1
30236,5
30237,1
30238,5
30239,1
30240,5
30241,5
30242,5
30243,5
30244,1
30245,1
30246,1
30247,1
30248,1
30249,1
30250,1
30251,5
30252,1
30253,1
30254,1
30255,1
30256,1
30257,5
30258,1
30259,1
30260,1
30261,1
30262,5
30263,5
30264,5
30265,5
30266,5
30267,5
30268,1
30269,1
30270,1
30271,1
30272,1
30273,1
30274,1
30275,1
30276,1
30277,1
30278,5
30279,5
30280,1
30281,1
30282,5
30283,1
30284,5
30285,1
30286,1
30287,1
30288,5
30289,5
30290,1
30291,1
30292,1
30293,5
30294,5
30295,1
30296,1
30297,1
30298,1
30299,1
30300,1
30301,1
30302,5
30303,1
30304,5
30305,5
30306,1
30307,1
30308,1
30309,1
30310,5
30311,1
30312,5
30313,1
30314,5
30315,1
30316,1
30317,5
30318,5
30319,1
30320,1
30321,1
30322,1
30323,5
30324,1
30325,1
30326,5
30327,1
30328,5
30329,1
30330,5
30331,1
30332,5
30333,1
30334,1
30335,5
30336,1
30337,5
30338,5
30339,5
30340,1
30341,5
30342,5
30343,5
30344,5
30345,5
30346,5
30347,5
30348,5
30349,1
30350,1
30351,1
30352,5
30353,5
30354,5
30355,5
30356,1
30357,1
30358,1
30359,1
30360,1
30361,5
30362,5
30363,1
30364,1
30365,1
30366,1
30367,1
30368,1
30369,5
30370,5
30371,1
30372,1
30373,5
30374,1
30375,5
30376,1
30377,1
30378,5
30379,1
30380,1
30381,5
30382,1
30383,5
30384,1
30385,5
30386,1
30387,1
30388,5
30389,1
30390,1
30391,5
30392,1
30393,1
30394,1
30395,1
30396,1
30397,1
30398,5
30399,1
30400,1
30401,1
30402,1
30403,5
30404,1
30405,5
30406,1
30407,5
30408,1
30409,1
30410,5
30411,1
30412,5
30413,1
30414,1
30415,5
30416,1
30417,1
30418,1
30419,1
30420,5
30421,5
30422,1
30423,5
30424,5
30425,5
30426,5
30427,1
30428,1
30429,1
30430,5
30431,1
30432,1
30433,1
30434,1
30435,1
30436,5
30437,1
30438,1
30439,5
30440,5
30441,1
30442,5
30443,1
30444,5
30445,5
30446,5
30447,5
30448,1
30449,1
30450,1
30451,1
30452,1
30453,1
30454,5
30455,5
30456,1
30457,5
30458,1
30459,1
30460,1
30461,1
30462,1
30463,5
30464,1
30465,1
30466,1
30467,1
30468,5
30469,5
30470,1
30471,1
30472,5
30473,1
30474,5
30475,5
30476,5
30477,1
30478,1
30479,1
30480,1
30481,1
30482,1
30483,1
30484,5
30485,1
30486,1
30487,5
30488,5
30489,1
30490,5
30491,1
30492,1
30493,1
30494,5
30495,5
30496,1
30497,1
30498,1
30499,1
30500,1
30501,5
30502,5
30503,5
30504,1
30505,5
30506,1
30507,5
30508,5
30509,5
30510,5
30511,1
30512,1
30513,5
30514,1
30515,1
30516,1
30517,1
30518,5
30519,1
30520,5
30521,5
30522,1
30523,1
30524,5
30525,5
30526,1
30527,1
30528,1
30529,5
30530,1
30531,1
30532,5
30533,1
30534,5
30535,5
30536,5
30537,5
30538,5
30539,1
30540,1
30541,5
30542,5
30543,1
30544,5
30545,1
30546,5
30547,1
30548,1
30549,1
30550,1
30551,1
30552,1
30553,1
30554,1
30555,1
30556,5
30557,5
30558,5
30559,5
30560,1
30561,1
30562,1
30563,1
30564,5
30565,5
30566,1
30567,1
30568,1
30569,1
30570,1
30571,1
30572,1
30573,1
30574,5
30575,5
30576,5
30577,5
30578,5
30579,5
30580,5
30581,1
30582,5
30583,1
30584,5
30585,1
30586,1
30587,1
30588,5
30589,5
30590,1
30591,1
30592,1
30593,1
30594,1
30595,1
30596,5
30597,1
30598,5
30599,1
30600,5
30601,1
30602,1
30603,5
30604,5
30605,5
30606,5
30607,5
30608,5
30609,5
30610,5
30611,5
30612,5
30613,5
30614,5
30615,5
30616,1
30617,5
30618,5
30619,5
30620,5
30621,1
30622,5
30623,1
30624,1
30625,5
30626,1
30627,1
30628,1
30629,1
30630,5
30631,1
30632,1
30633,5
30634,5
30635,5
30636,5
30637,1
30638,5
30639,1
30640,5
30641,5
30642,5
30643,5
30644,1
30645,1
30646,1
30647,1
30648,5
30649,5
30650,5
30651,1
30652,5
30653,5
30654,1
30655,1
30656,5
30657,1
30658,1
30659,1
30660,5
30661,1
30662,5
30663,5
30664,5
30665,5
30666,5
30667,5
30668,5
30669,5
30670,5
30671,5
30672,1
30673,1
30674,1
30675,1
30676,1
30677,5
30678,1
30679,1
30680,5
30681,1
30682,5
30683,5
30684,5
30685,5
30686,5
30687,5
30688,5
30689,1
30690,5
30691,5
30692,5
30693,5
30694,5
30695,5
30696,1
30697,5
30698,5
30699,5
30700,1
30701,5
30702,1
30703,5
30704,1
30705,1
30706,5
30707,1
30708,1
30709,5
30710,5
30711,5
30712,1
30713,5
30714,1
30715,1
30716,5
30717,5
30718,5
30719,1
30720,1
30721,5
30722,5
30723,1
30724,1
30725,1
30726,5
30727,1
30728,5
30729,5
30730,1
30731,5
30732,5
30733,5
30734,1
30735,5
30736,5
30737,5
30738,1
30739,1
30740,1
30741,5
30742,1
30743,5
30744,5
30745,5
30746,5
30747,5
30748,1
30749,5
30750,5
30751,5
30752,1
30753,5
30754,1
30755,5
30756,1
30757,1
30758,1
30759,5
30760,5
30761,1
30762,5
30763,1
30764,1
30765,5
30766,1
30767,5
30768,5
30769,5
30770,5
30771,5
30772,5
30773,5
30774,5
30775,5
30776,5
30777,5
30778,5
30779,5
30780,5
30781,5
30782,5
30783,5
30784,1
30785,5
30786,1
30787,5
30788,1
30789,5
30790,5
30791,1
30792,5
30793,5
30794,5
30795,5
30796,5
30797,1
30798,5
30799,5
30800,5
30801,1
30802,5
30803,5
30804,1
30805,1
30806,1
30807,5
30808,1
30809,1
30810,5
30811,5
30812,5
30813,5
30814,5
30815,5
30816,5
30817,5
30818,5
30819,1
30820,1
30821,5
30822,1
30823,5
30824,5
30825,1
30826,1
30827,5
30828,5
30829,5
30830,5
30831,5
30832,5
30833,5
30834,5
30835,1
30836,1
30837,1
30838,1
30839,1
30840,1
30841,5
30842,1
30843,5
30844,5
30845,5
30846,1
30847,5
30848,5
30849,5
30850,5
30851,5
30852,5
30853,5
30854,5
30855,5
30856,5
30857,5
30858,1
30859,1
30860,1
30861,1
30862,1
30863,5
30864,1
30865,5
30866,5
30867,5
30868,5
30869,5
30870,1
30871,5
30872,1
30873,1
30874,5
30875,5
30876,1
30877,5
30878,5
30879,1
30880,5
30881,5
30882,5
30883,5
30884,5
30885,5
30886,5
30887,5
30888,1
30889,1
30890,5
30891,5
30892,5
30893,1
30894,1
30895,1
30896,5
30897,1
30898,1
30899,1
30900,1
30901,5
30902,5
30903,1
30904,1
30905,1
30906,1
30907,5
30908,5
30909,5
30910,5
30911,5
30912,1
30913,1
30914,1
30915,1
30916,1
30917,5
30918,1
30919,5
30920,5
30921,1
30922,5
30923,5
30924,5
30925,5
30926,5
30927,5
30928,1
30929,5
30930,1
30931,1
30932,5
30933,5
30934,1
30935,1
30936,5
30937,1
30938,5
30939,5
30940,5
30941,1
30942,1
30943,1
30944,1
30945,5
30946,5
30947,5
30948,5
30949,1
30950,1
30951,1
30952,1
30953,1
30954,1
30955,5
30956,5
30957,1
30958,1
30959,1
30960,5
30961,5
30962,1
30963,5
30964,1
30965,1
30966,5
30967,5
30968,5
30969,1
30970,5
30971,5
30972,5
30973,5
30974,1
30975,5
30976,5
30977,1
30978,1
30979,5
30980,5
30981,5
30982,5
30983,1
30984,5
30985,5
30986,1
30987,5
30988,5
30989,5
30990,5
30991,1
30992,5
30993,5
30994,5
30995,5
30996,1
30997,5
30998,5
30999,1
31000,5
31001,5
31002,5
31003,5
31004,5
31005,1
31006,5
31007,1
31008,1
31009,5
31010,5
31011,5
31012,5
31013,5
31014,5
31015,1
31016,1
31017,5
31018,1
31019,5
31020,5
31021,1
31022,5
31023,5
31024,1
31025,5
31026,5
31027,5
31028,1
31029,1
31030,1
31031,1
31032,5
31033,5
31034,1
31035,5
31036,1
31037,1
31038,1
31039,1
31040,5
31041,5
31042,1
31043,1
31044,5
31045,1
31046,1
31047,5
31048,1
31049,5
31050,1
31051,1
31052,5
31053,5
31054,1
31055,5
31056,5
31057,1
31058,1
31059,5
31060,5
31061,1
31062,5
31063,5
31064,5
31065,5
31066,1
31067,1
31068,1
31069,5
31070,5
31071,1
31072,5
31073,1
31074,1
31075,5
31076,1
31077,1
31078,5
31079,5
31080,1
31081,1
31082,5
31083,1
31084,1
31085,5
31086,1
31087,1
31088,1
31089,5
31090,5
31091,1
31092,1
31093,1
31094,1
31095,1
31096,5
31097,1
31098,5
31099,5
31100,5
31101,1
31102,5
31103,5
31104,5
31105,5
31106,1
31107,1
31108,5
31109,1
31110,1
31111,1
31112,5
31113,1
31114,1
31115,5
31116,5
31117,5
31118,5
31119,5
31120,5
31121,5
31122,5
31123,1
31124,1
31125,1
31126,5
31127,1
31128,1
31129,1
31130,5
31131,5
31132,1
31133,1
31134,5
31135,5
31136,1
31137,5
31138,1
31139,5
31140,1
31141,1
31142,5
31143,1
31144,1
31145,5
31146,5
31147,1
31148,5
31149,5
31150,1
31151,5
31152,5
31153,1
31154,1
31155,1
31156,5
31157,5
31158,5
31159,5
31160,1
31161,5
31162,5
31163,1
31164,1
31165,5
31166,1
31167,5
31168,1
31169,5
31170,1
31171,5
31172,5
31173,5
31174,1
31175,5
31176,5
31177,5
31178,1
31179,5
31180,1
31181,1
31182,1
31183,5
31184,1
31185,1
31186,1
31187,5
31188,1
31189,1
31190,1
31191,1
31192,1
31193,5
31194,1
31195,1
31196,1
31197,1
31198,1
31199,5
31200,1
31201,5
31202,1
31203,5
31204,5
31205,5
31206,1
31207,1
31208,5
31209,5
31210,1
31211,1
31212,1
31213,5
31214,5
31215,1
31216,1
31217,1
31218,5
31219,5
31220,1
31221,1
31222,1
31223,5
31224,5
31225,5
31226,5
31227,5
31228,5
31229,5
31230,1
31231,5
31232,5
31233,5
31234,1
31235,5
31236,1
31237,1
31238,5
31239,1
31240,5
31241,1
31242,5
31243,5
31244,1
31245,1
31246,1
31247,5
31248,1
31249,1
31250,5
31251,1
31252,1
31253,5
31254,5
31255,1
31256,1
31257,1
31258,1
31259,5
31260,5
31261,5
31262,5
31263,1
31264,5
31265,5
31266,5
31267,5
31268,5
31269,1
31270,1
31271,1
31272,5
31273,1
31274,1
31275,1
31276,1
31277,5
31278,1
31279,5
31280,5
31281,1
31282,5
31283,5
31284,5
31285,5
31286,5
31287,5
31288,5
31289,5
31290,1
31291,1
31292,5
31293,5
31294,5
31295,5
31296,1
31297,5
31298,5
31299,5
31300,1
31301,1
31302,5
31303,5
31304,5
31305,5
31306,5
31307,1
31308,1
31309,5
31310,5
31311,1
31312,5
31313,5
31314,1
31315,5
31316,5
31317,5
31318,1
31319,5
31320,5
31321,5
31322,1
31323,1
31324,1
31325,5
31326,5
31327,5
31328,5
31329,5
31330,5
31331,1
31332,1
31333,1
31334,5
31335,5
31336,1
31337,1
31338,1
31339,1
31340,5
31341,5
31342,5
31343,5
31344,1
31345,1
31346,5
31347,5
31348,5
31349,5
31350,1
31351,1
31352,5
31353,5
31354,5
31355,1
31356,1
31357,1
31358,5
31359,1
31360,5
31361,5
31362,5
31363,5
31364,1
31365,5
31366,1
31367,1
31368,5
31369,5
31370,5
31371,1
31372,5
31373,5
31374,5
31375,1
31376,5
31377,5
31378,5
31379,5
31380,5
31381,5
31382,5
31383,5
31384,5
31385,1
31386,1
31387,5
31388,1
31389,1
31390,5
31391,5
31392,5
31393,5
31394,1
31395,1
31396,1
31397,1
31398,5
31399,5
31400,5
31401,5
31402,1
31403,1
31404,1
31405,5
31406,1
31407,1
31408,1
31409,1
31410,1
31411,1
31412,1
31413,5
31414,5
31415,1
31416,5
31417,5
31418,1
31419,1
31420,1
31421,1
31422,1
31423,1
31424,1
31425,5
31426,5
31427,5
31428,1
31429,5
31430,5
31431,1
31432,5
31433,1
31434,5
31435,5
31436,5
31437,1
31438,1
31439,5
31440,5
31441,1
31442,1
31443,1
31444,5
31445,5
31446,1
31447,1
31448,1
31449,1
31450,1
31451,1
31452,1
31453,1
31454,1
31455,1
31456,1
31457,1
31458,1
31459,1
31460,5
31461,1
31462,5
31463,5
31464,1
31465,5
31466,5
31467,1
31468,1
31469,1
31470,1
31471,1
31472,1
31473,1
31474,5
31475,5
31476,5
31477,5
31478,1
31479,5
31480,5
31481,1
31482,5
31483,1
31484,5
31485,5
31486,5
31487,5
31488,1
31489,1
31490,5
31491,5
31492,1
31493,5
31494,1
31495,1
31496,1
31497,5
31498,1
31499,1
31500,1
31501,1
31502,1
31503,1
31504,1
31505,1
31506,1
31507,5
31508,1
31509,1
31510,5
31511,5
31512,1
31513,5
31514,1
31515,1
31516,5
31517,1
31518,1
31519,5
31520,1
31521,1
31522,1
31523,1
31524,1
31525,1
31526,5
31527,1
31528,1
31529,1
31530,1
31531,5
31532,5
31533,5
31534,1
31535,5
31536,5
31537,5
31538,5
31539,1
31540,5
31541,1
31542,5
31543,5
31544,5
31545,1
31546,5
31547,5
31548,1
31549,5
31550,5
31551,5
31552,1
31553,5
31554,1
31555,5
31556,5
31557,1
31558,5
31559,5
31560,5
31561,5
31562,5
31563,5
31564,5
31565,1
31566,5
31567,1
31568,1
31569,1
31570,1
31571,1
31572,1
31573,1
31574,1
31575,1
31576,5
31577,1
31578,1
31579,5
31580,5
31581,5
31582,5
31583,5
31584,5
31585,5
31586,5
31587,5
31588,1
31589,5
31590,5
31591,1
31592,5
31593,5
31594,1
31595,1
31596,1
31597,1
31598,1
31599,1
31600,5
31601,1
31602,5
31603,1
31604,1
31605,5
31606,5
31607,1
31608,1
31609,1
31610,1
31611,5
31612,5
31613,5
31614,1
31615,5
31616,5
31617,5
31618,5
31619,5
31620,1
31621,1
31622,1
31623,1
31624,1
31625,5
31626,5
31627,1
31628,5
31629,5
31630,5
31631,5
31632,5
31633,5
31634,1
31635,1
31636,1
31637,1
31638,5
31639,1
31640,5
31641,5
31642,1
31643,5
31644,1
31645,5
31646,1
31647,5
31648,1
31649,1
31650,5
31651,5
31652,5
31653,5
31654,1
31655,1
31656,5
31657,1
31658,1
31659,5
31660,5
31661,1
31662,5
31663,1
31664,1
31665,5
31666,5
31667,1
31668,1
31669,1
31670,1
31671,1
31672,1
31673,1
31674,5
31675,5
31676,1
31677,1
31678,1
31679,1
31680,1
31681,1
31682,5
31683,5
31684,5
31685,5
31686,1
31687,1
31688,1
31689,5
31690,5
31691,5
31692,5
31693,1
31694,5
31695,1
31696,5
31697,1
31698,1
31699,5
31700,5
31701,5
31702,1
31703,5
31704,5
31705,5
31706,1
31707,1
31708,1
31709,1
31710,5
31711,5
31712,1
31713,1
31714,5
31715,1
31716,5
31717,1
31718,1
31719,1
31720,5
31721,5
31722,1
31723,5
31724,1
31725,1
31726,1
31727,1
31728,1
31729,5
31730,5
31731,1
31732,1
31733,5
31734,1
31735,1
31736,5
31737,5
31738,5
31739,1
31740,1
31741,5
31742,1
31743,5
31744,5
31745,1
31746,1
31747,1
31748,1
31749,1
31750,5
31751,5
31752,5
31753,5
31754,5
31755,5
31756,5
31757,1
31758,1
31759,1
31760,1
31761,5
31762,5
31763,1
31764,5
31765,5
31766,1
31767,5
31768,1
31769,1
31770,5
31771,1
31772,1
31773,1
31774,1
31775,5
31776,1
31777,5
31778,5
31779,5
31780,5
31781,5
31782,5
31783,1
31784,5
31785,1
31786,5
31787,1
31788,5
31789,1
31790,5
31791,1
31792,1
31793,5
31794,5
31795,5
31796,1
31797,1
31798,5
31799,5
31800,1
31801,5
31802,5
31803,1
31804,1
31805,5
31806,1
31807,1
31808,1
31809,1
31810,1
31811,1
31812,5
31813,5
31814,5
31815,5
31816,1
31817,5
31818,1
31819,1
31820,1
31821,1
31822,5
31823,5
31824,1
31825,1
31826,1
31827,5
31828,5
31829,1
31830,1
31831,5
31832,1
31833,1
31834,1
31835,1
31836,1
31837,1
31838,1
31839,1
31840,5
31841,1
31842,5
31843,5
31844,5
31845,1
31846,1
31847,5
31848,5
31849,5
31850,1
31851,1
31852,5
31853,1
31854,1
31855,1
31856,1
31857,1
31858,1
31859,5
31860,1
31861,1
31862,5
31863,1
31864,1
31865,1
31866,5
31867,5
31868,5
31869,1
31870,1
31871,1
31872,1
31873,1
31874,5
31875,5
31876,5
31877,5
31878,1
31879,1
31880,1
31881,5
31882,5
31883,5
31884,5
31885,1
31886,5
31887,5
31888,1
31889,5
31890,1
31891,1
31892,1
31893,1
31894,5
31895,1
31896,1
31897,1
31898,1
31899,1
31900,1
31901,5
31902,1
31903,5
31904,1
31905,5
31906,1
31907,1
31908,1
31909,5
31910,5
31911,1
31912,1
31913,5
31914,5
31915,1
31916,5
31917,1
31918,5
31919,5
31920,5
31921,5
31922,1
31923,5
31924,1
31925,5
31926,5
31927,5
31928,5
31929,5
31930,5
31931,1
31932,5
31933,1
31934,1
31935,1
31936,5
31937,5
31938,1
31939,1
31940,5
31941,1
31942,5
31943,5
31944,1
31945,5
31946,1
31947,1
31948,5
31949,5
31950,1
31951,1
31952,5
31953,5
31954,5
31955,1
31956,5
31957,1
31958,1
31959,5
31960,5
31961,1
31962,1
31963,1
31964,1
31965,1
31966,1
31967,1
31968,5
31969,1
31970,1
31971,1
31972,5
31973,1
31974,1
31975,1
31976,5
31977,5
31978,1
31979,1
31980,5
31981,5
31982,1
31983,1
31984,1
31985,1
31986,1
31987,1
31988,1
31989,1
31990,1
31991,1
31992,1
31993,5
31994,5
31995,1
31996,5
31997,5
31998,1
31999,5
32000,1
32001,5
32002,1
32003,1
32004,5
32005,5
32006,1
32007,1
32008,1
32009,1
32010,1
32011,5
32012,1
32013,1
32014,5
32015,1
32016,1
32017,1
32018,1
32019,1
32020,1
32021,1
32022,1
32023,5
32024,1
32025,5
32026,5
32027,5
32028,5
32029,1
32030,5
32031,5
32032,1
32033,1
32034,5
32035,5
32036,5
32037,5
32038,1
32039,5
32040,1
32041,1
32042,5
32043,5
32044,1
32045,5
32046,1
32047,1
32048,1
32049,1
32050,1
32051,5
32052,1
32053,1
32054,5
32055,1
32056,1
32057,1
32058,5
32059,5
32060,1
32061,1
32062,1
32063,1
32064,1
32065,1
32066,5
32067,5
32068,5
32069,1
32070,1
32071,1
32072,5
32073,1
32074,1
32075,1
32076,5
32077,1
32078,5
32079,1
32080,5
32081,1
32082,5
32083,1
32084,1
32085,1
32086,1
32087,1
32088,1
32089,1
32090,1
32091,5
32092,1
32093,5
32094,5
32095,1
32096,5
32097,1
32098,1
32099,1
32100,5
32101,1
32102,1
32103,5
32104,1
32105,5
32106,5
32107,1
32108,5
32109,1
32110,1
32111,1
32112,1
32113,5
32114,1
32115,5
32116,1
32117,1
32118,5
32119,5
32120,1
32121,1
32122,5
32123,1
32124,1
32125,1
32126,1
32127,1
32128,5
32129,5
32130,1
32131,1
32132,5
32133,1
32134,1
32135,1
32136,5
32137,1
32138,5
32139,1
32140,1
32141,1
32142,1
32143,1
32144,1
32145,5
32146,5
32147,5
32148,5
32149,1
32150,5
32151,1
32152,5
32153,5
32154,5
32155,5
32156,5
32157,5
32158,1
32159,5
32160,1
32161,1
32162,5
32163,5
32164,1
32165,5
32166,5
32167,5
32168,5
32169,5
32170,5
32171,5
32172,1
32173,5
32174,1
32175,5
32176,5
32177,1
32178,5
32179,5
32180,5
32181,5
32182,5
32183,1
32184,5
32185,1
32186,5
32187,1
32188,5
32189,1
32190,5
32191,1
32192,5
32193,1
32194,5
32195,1
32196,1
32197,5
32198,5
32199,5
32200,5
32201,1
32202,5
32203,5
32204,5
32205,1
32206,5
32207,1
32208,5
32209,1
32210,5
32211,5
32212,5
32213,5
32214,5
32215,5
32216,5
32217,1
32218,5
32219,5
32220,1
32221,1
32222,5
32223,5
32224,5
32225,5
32226,1
32227,1
32228,1
32229,1
32230,1
32231,1
32232,1
32233,5
32234,1
32235,5
32236,5
32237,1
32238,5
32239,5
32240,1
32241,5
32242,1
32243,5
32244,1
32245,1
32246,1
32247,1
32248,1
32249,5
32250,5
32251,5
32252,5
32253,5
32254,1
32255,5
32256,5
32257,5
32258,5
32259,5
32260,5
32261,5
32262,1
32263,5
32264,1
32265,5
32266,1
32267,1
32268,5
32269,1
32270,5
32271,5
32272,1
32273,1
32274,5
32275,5
32276,1
32277,5
32278,1
32279,5
32280,5
32281,1
32282,1
32283,5
32284,5
32285,1
32286,1
32287,1
32288,1
32289,5
32290,5
32291,5
32292,1
32293,1
32294,1
32295,5
32296,5
32297,1
32298,1
32299,1
32300,1
32301,1
32302,1
32303,1
32304,1
32305,1
32306,5
32307,1
32308,1
32309,1
32310,1
32311,1
32312,5
32313,5
32314,1
32315,5
32316,1
32317,1
32318,1
32319,1
32320,5
32321,1
32322,1
32323,5
32324,1
32325,1
32326,5
32327,1
32328,1
32329,1
32330,5
32331,5
32332,5
32333,5
32334,5
32335,1
32336,1
32337,5
32338,5
32339,5
32340,1
32341,1
32342,5
32343,5
32344,1
32345,1
32346,1
32347,5
32348,5
32349,5
32350,5
32351,1
32352,5
32353,5
32354,1
32355,1
32356,5
32357,1
32358,1
32359,5
32360,1
32361,1
32362,1
32363,5
32364,1
32365,5
32366,5
32367,1
32368,5
32369,5
32370,5
32371,5
32372,5
32373,5
32374,5
32375,1
32376,5
32377,1
32378,5
32379,5
32380,5
32381,1
32382,1
32383,5
32384,5
32385,5
32386,1
32387,5
32388,5
32389,5
32390,1
32391,5
32392,1
32393,5
32394,1
32395,5
32396,1
32397,5
32398,5
32399,1
32400,5
32401,1
32402,1
32403,1
32404,1
32405,1
32406,1
32407,1
32408,1
32409,5
32410,5
32411,1
32412,1
32413,1
32414,1
32415,1
32416,5
32417,1
32418,1
32419,5
32420,5
32421,1
32422,5
32423,1
32424,1
32425,1
32426,1
32427,5
32428,1
32429,1
32430,1
32431,1
32432,1
32433,5
32434,1
32435,5
32436,5
32437,1
32438,5
32439,5
32440,1
32441,1
32442,1
32443,5
32444,5
32445,5
32446,5
32447,5
32448,1
32449,1
32450,1
32451,5
32452,5
32453,5
32454,1
32455,5
32456,5
32457,1
32458,5
32459,5
32460,5
32461,1
32462,5
32463,5
32464,1
32465,1
32466,5
32467,1
32468,1
32469,5
32470,5
32471,5
32472,1
32473,5
32474,1
32475,5
32476,1
32477,1
32478,5
32479,5
32480,1
32481,1
32482,1
32483,5
32484,1
32485,1
32486,1
32487,5
32488,5
32489,5
32490,5
32491,1
32492,1
32493,1
32494,1
32495,1
32496,5
32497,1
32498,1
32499,5
32500,1
32501,1
32502,1
32503,1
32504,5
32505,1
32506,1
32507,5
32508,5
32509,1
32510,1
32511,5
32512,5
32513,5
32514,5
32515,1
32516,5
32517,1
32518,1
32519,5
32520,5
32521,5
32522,5
32523,5
32524,5
32525,5
32526,5
32527,5
32528,5
32529,5
32530,1
32531,1
32532,5
32533,1
32534,1
32535,5
32536,5
32537,1
32538,5
32539,1
32540,1
32541,1
32542,5
32543,5
32544,1
32545,1
32546,1
32547,5
32548,5
32549,1
32550,1
32551,1
32552,5
32553,1
32554,5
32555,5
32556,1
32557,1
32558,1
32559,5
32560,5
32561,5
32562,5
32563,1
32564,1
32565,5
32566,1
32567,1
32568,1
32569,1
32570,5
32571,1
32572,1
32573,1
32574,1
32575,1
32576,5
32577,5
32578,1
32579,5
32580,5
32581,1
32582,1
32583,1
32584,5
32585,1
32586,1
32587,1
32588,1
32589,1
32590,5
32591,5
32592,5
32593,1
32594,1
32595,1
32596,1
32597,1
32598,1
32599,1
32600,5
32601,5
32602,1
32603,1
32604,1
32605,5
32606,5
32607,1
32608,5
32609,5
32610,5
32611,1
32612,1
32613,5
32614,1
32615,1
32616,1
32617,5
32618,1
32619,1
32620,1
32621,5
32622,5
32623,5
32624,5
32625,5
32626,1
32627,1
32628,1
32629,5
32630,1
32631,1
32632,1
32633,1
32634,1
32635,5
32636,5
32637,5
32638,1
32639,1
32640,1
32641,1
32642,1
32643,5
32644,5
32645,5
32646,1
32647,5
32648,5
32649,5
32650,5
32651,5
32652,5
32653,5
32654,5
32655,1
32656,1
32657,1
32658,1
32659,1
32660,5
32661,1
32662,5
32663,5
32664,1
32665,5
32666,5
32667,5
32668,5
32669,1
32670,1
32671,1
32672,1
32673,5
32674,1
32675,1
32676,1
32677,1
32678,1
32679,1
32680,1
32681,1
32682,5
32683,1
32684,5
32685,5
32686,1
32687,5
32688,5
32689,1
32690,5
32691,5
32692,1
32693,5
32694,1
32695,5
32696,1
32697,5
32698,1
32699,1
32700,5
32701,1
32702,1
32703,5
32704,5
32705,1
32706,5
32707,5
32708,5
32709,1
32710,5
32711,5
32712,1
32713,5
32714,5
32715,5
32716,1
32717,5
32718,5
32719,5
32720,5
32721,5
32722,5
32723,1
32724,1
32725,1
32726,5
32727,5
32728,1
32729,1
32730,1
32731,1
32732,1
32733,1
32734,1
32735,1
32736,5
32737,5
32738,5
32739,1
32740,5
32741,1
32742,5
32743,1
32744,1
32745,5
32746,1
32747,1
32748,1
32749,5
32750,1
32751,5
32752,5
32753,1
32754,5
32755,5
32756,1
32757,1
32758,5
32759,5
32760,1
32761,1
32762,1
32763,5
32764,1
32765,5
32766,1
32767,5
32768,1
32769,5
32770,1
32771,1
32772,5
32773,1
32774,5
32775,1
32776,1
32777,1
32778,5
32779,1
32780,5
32781,1
32782,1
32783,5
32784,1
32785,5
32786,5
32787,1
32788,1
32789,5
32790,5
32791,5
32792,5
32793,1
32794,5
32795,1
32796,5
32797,5
32798,1
32799,1
32800,5
32801,5
32802,5
32803,1
32804,5
32805,5
32806,1
32807,1
32808,5
32809,1
32810,1
32811,5
32812,5
32813,1
32814,5
32815,1
32816,5
32817,5
32818,1
32819,1
32820,1
32821,1
32822,5
32823,1
32824,1
32825,5
32826,1
32827,5
32828,5
32829,1
32830,5
32831,5
32832,5
32833,5
32834,5
32835,1
32836,5
32837,1
32838,5
32839,5
32840,5
32841,1
32842,1
32843,1
32844,1
32845,1
32846,5
32847,1
32848,5
32849,5
32850,1
32851,5
32852,1
32853,1
32854,1
32855,5
32856,5
32857,5
32858,1
32859,1
32860,5
32861,5
32862,5
32863,1
32864,1
32865,1
32866,5
32867,5
32868,5
32869,5
32870,1
32871,1
32872,5
32873,5
32874,5
32875,5
32876,1
32877,1
32878,5
32879,1
32880,5
32881,5
32882,5
32883,1
32884,5
32885,5
32886,1
32887,1
32888,5
32889,1
32890,5
32891,1
32892,1
32893,5
32894,5
32895,5
32896,5
32897,1
32898,1
32899,5
32900,1
32901,5
32902,5
32903,5
32904,5
32905,5
32906,5
32907,1
32908,1
32909,1
32910,1
32911,1
32912,1
32913,1
32914,1
32915,1
32916,1
32917,1
32918,1
32919,1
32920,1
32921,1
32922,5
32923,5
32924,5
32925,5
32926,1
32927,1
32928,5
32929,1
32930,5
32931,5
32932,5
32933,5
32934,1
32935,1
32936,1
32937,5
32938,5
32939,5
32940,5
32941,1
32942,1
32943,1
32944,1
32945,5
32946,5
32947,5
32948,1
32949,5
32950,1
32951,5
32952,1
32953,5
32954,5
32955,5
32956,1
32957,1
32958,1
32959,1
32960,5
32961,5
32962,5
32963,5
32964,1
32965,1
32966,5
32967,5
32968,1
32969,1
32970,1
32971,1
32972,5
32973,1
32974,1
32975,5
32976,5
32977,5
32978,1
32979,1
32980,1
32981,5
32982,5
32983,5
32984,5
32985,1
32986,1
32987,5
32988,5
32989,1
32990,1
32991,5
32992,1
32993,1
32994,1
32995,1
32996,5
32997,5
32998,1
32999,5
33000,5
33001,1
33002,5
33003,5
33004,1
33005,5
33006,5
33007,5
33008,1
33009,5
33010,1
33011,5
33012,1
33013,1
33014,5
33015,5
33016,5
33017,5
33018,5
33019,5
33020,1
33021,1
33022,5
33023,5
33024,1
33025,5
33026,5
33027,5
33028,1
33029,5
33030,1
33031,5
33032,5
33033,1
33034,5
33035,5
33036,1
33037,5
33038,5
33039,1
33040,5
33041,5
33042,5
33043,5
33044,1
33045,5
33046,5
33047,5
33048,1
33049,5
33050,5
33051,5
33052,1
33053,1
33054,5
33055,5
33056,1
33057,5
33058,5
33059,5
33060,1
33061,1
33062,1
33063,1
33064,5
33065,5
33066,5
33067,5
33068,5
33069,5
33070,1
33071,1
33072,1
33073,5
33074,5
33075,5
33076,1
33077,1
33078,5
33079,5
33080,1
33081,1
33082,1
33083,1
33084,1
33085,5
33086,1
33087,1
33088,1
33089,1
33090,1
33091,1
33092,5
33093,1
33094,5
33095,5
33096,1
33097,1
33098,1
33099,5
33100,1
33101,5
33102,5
33103,5
33104,5
33105,5
33106,5
33107,1
33108,5
33109,1
33110,5
33111,5
33112,5
33113,5
33114,1
33115,5
33116,5
33117,5
33118,1
33119,5
33120,1
33121,1
33122,1
33123,1
33124,1
33125,1
33126,5
33127,5
33128,1
33129,5
33130,5
33131,5
33132,5
33133,5
33134,5
33135,1
33136,1
33137,5
33138,5
33139,5
33140,5
33141,1
33142,5
33143,5
33144,1
33145,1
33146,5
33147,1
33148,5
33149,1
33150,5
33151,5
33152,1
33153,5
33154,5
33155,5
33156,5
33157,5
33158,5
33159,1
33160,5
33161,1
33162,1
33163,1
33164,1
33165,5
33166,5
33167,5
33168,5
33169,5
33170,1
33171,1
33172,5
33173,5
33174,5
33175,1
33176,5
33177,1
33178,1
33179,1
33180,5
33181,1
33182,1
33183,5
33184,1
33185,1
33186,1
33187,5
33188,5
33189,1
33190,1
33191,5
33192,5
33193,5
33194,1
33195,1
33196,5
33197,5
33198,5
33199,1
33200,1
33201,1
33202,1
33203,1
33204,5
33205,1
33206,5
33207,1
33208,5
33209,1
33210,1
33211,5
33212,1
33213,5
33214,1
33215,1
33216,1
33217,5
33218,5
33219,5
33220,1
33221,1
33222,5
33223,5
33224,1
33225,5
33226,1
33227,5
33228,1
33229,1
33230,5
33231,5
33232,5
33233,1
33234,1
33235,1
33236,5
33237,1
33238,5
33239,1
33240,5
33241,5
33242,1
33243,1
33244,5
33245,5
33246,5
33247,5
33248,5
33249,1
33250,1
33251,1
33252,1
33253,1
33254,1
33255,1
33256,1
33257,5
33258,5
33259,1
33260,5
33261,5
33262,5
33263,1
33264,5
33265,5
33266,5
33267,1
33268,5
33269,1
33270,1
33271,5
33272,5
33273,1
33274,1
33275,5
33276,1
33277,1
33278,5
33279,5
33280,1
33281,5
33282,1
33283,1
33284,5
33285,1
33286,1
33287,1
33288,5
33289,5
33290,5
33291,5
33292,1
33293,1
33294,5
33295,5
33296,5
33297,1
33298,5
33299,1
33300,5
33301,1
33302,1
33303,5
33304,1
33305,5
33306,1
33307,5
33308,1
33309,5
33310,5
33311,5
33312,1
33313,1
33314,1
33315,5
33316,5
33317,5
33318,1
33319,1
33320,1
33321,1
33322,1
33323,5
33324,5
33325,5
33326,5
33327,1
33328,5
33329,5
33330,1
33331,5
33332,1
33333,1
33334,1
33335,1
33336,1
33337,1
33338,1
33339,5
33340,5
33341,5
33342,1
33343,1
33344,1
33345,5
33346,1
33347,1
33348,1
33349,5
33350,1
33351,1
33352,1
33353,1
33354,5
33355,1
33356,5
33357,1
33358,5
33359,5
33360,1
33361,5
33362,1
33363,1
33364,5
33365,5
33366,5
33367,5
33368,5
33369,1
33370,5
33371,5
33372,1
33373,1
33374,1
33375,1
33376,5
33377,1
33378,1
33379,5
33380,5
33381,5
33382,1
33383,1
33384,5
33385,5
33386,1
33387,5
33388,5
33389,5
33390,1
33391,5
33392,5
33393,5
33394,5
33395,5
33396,1
33397,1
33398,5
33399,5
33400,5
33401,1
33402,5
33403,1
33404,1
33405,1
33406,1
33407,5
33408,1
33409,5
33410,5
33411,1
33412,5
33413,5
33414,5
33415,1
33416,5
33417,1
33418,5
33419,5
33420,1
33421,5
33422,1
33423,1
33424,5
33425,1
33426,1
33427,1
33428,1
33429,5
33430,5
33431,5
33432,1
33433,5
33434,5
33435,5
33436,5
33437,1
33438,1
33439,1
33440,5
33441,5
33442,5
33443,5
33444,5
33445,1
33446,1
33447,5
33448,1
33449,1
33450,5
33451,5
33452,5
33453,5
33454,5
33455,5
33456,1
33457,5
33458,1
33459,5
33460,1
33461,1
33462,5
33463,1
33464,5
33465,5
33466,1
33467,1
33468,5
33469,1
33470,5
33471,5
33472,1
33473,1
33474,1
33475,5
33476,5
33477,5
33478,5
33479,5
33480,5
33481,1
33482,5
33483,1
33484,5
33485,1
33486,1
33487,5
33488,5
33489,1
33490,1
33491,5
33492,1
33493,1
33494,1
33495,1
33496,1
33497,5
33498,5
33499,1
33500,1
33501,5
33502,1
33503,5
33504,1
33505,5
33506,1
33507,5
33508,1
33509,1
33510,5
33511,5
33512,1
33513,1
33514,5
33515,5
33516,5
33517,1
33518,5
33519,1
33520,5
33521,1
33522,5
33523,1
33524,5
33525,5
33526,1
33527,1
33528,1
33529,5
33530,1
33531,5
33532,5
33533,5
33534,5
33535,1
33536,5
33537,5
33538,1
33539,5
33540,1
33541,1
33542,1
33543,5
33544,1
33545,1
33546,1
33547,5
33548,5
33549,5
33550,1
33551,5
33552,5
33553,5
33554,1
33555,5
33556,5
33557,5
33558,1
33559,1
33560,5
33561,5
33562,5
33563,5
33564,1
33565,1
33566,1
33567,1
33568,5
33569,1
33570,5
33571,1
33572,1
33573,1
33574,1
33575,1
33576,5
33577,1
33578,5
33579,5
33580,1
33581,5
33582,1
33583,1
33584,1
33585,5
33586,1
33587,5
33588,1
33589,5
33590,1
33591,1
33592,1
33593,1
33594,5
33595,5
33596,5
33597,1
33598,1
33599,1
33600,5
33601,5
33602,5
33603,5
33604,5
33605,5
33606,1
33607,5
33608,5
33609,5
33610,5
33611,1
33612,5
33613,1
33614,5
33615,1
33616,5
33617,5
33618,5
33619,5
33620,5
33621,5
33622,5
33623,5
33624,1
33625,5
33626,5
33627,5
33628,5
33629,5
33630,5
33631,5
33632,5
33633,5
33634,5
33635,5
33636,1
33637,1
33638,1
33639,5
33640,5
33641,5
33642,5
33643,5
33644,1
33645,1
33646,5
33647,1
33648,1
33649,1
33650,5
33651,1
33652,5
33653,1
33654,1
33655,1
33656,1
33657,5
33658,1
33659,1
33660,1
33661,5
33662,1
33663,1
33664,5
33665,1
33666,1
33667,1
33668,1
33669,5
33670,1
33671,1
33672,5
33673,1
33674,1
33675,1
33676,1
33677,5
33678,5
33679,1
33680,1
33681,5
33682,1
33683,5
33684,1
33685,5
33686,5
33687,1
33688,5
33689,5
33690,5
33691,5
33692,1
33693,5
33694,5
33695,5
33696,1
33697,1
33698,1
33699,1
33700,1
33701,1
33702,1
33703,5
33704,5
33705,5
33706,1
33707,1
33708,1
33709,5
33710,5
33711,1
33712,1
33713,5
33714,1
33715,5
33716,5
33717,1
33718,5
33719,1
33720,5
33721,5
33722,1
33723,5
33724,1
33725,1
33726,1
33727,1
33728,1
33729,1
33730,1
33731,5
33732,5
33733,1
33734,1
33735,5
33736,5
33737,5
33738,1
33739,1
33740,5
33741,5
33742,5
33743,1
33744,5
33745,1
33746,1
33747,5
33748,5
33749,1
33750,5
33751,5
33752,1
33753,1
33754,5
33755,5
33756,5
33757,1
33758,5
33759,1
33760,5
33761,1
33762,1
33763,1
33764,5
33765,1
33766,1
33767,1
33768,5
33769,1
33770,5
33771,5
33772,5
33773,5
33774,1
33775,5
33776,5
33777,5
33778,5
33779,1
33780,5
33781,5
33782,5
33783,1
33784,1
33785,5
33786,1
33787,5
33788,5
33789,5
33790,1
33791,1
33792,1
33793,5
33794,5
33795,5
33796,1
33797,1
33798,1
33799,1
33800,5
33801,1
33802,5
33803,5
33804,5
33805,1
33806,1
33807,5
33808,1
33809,5
33810,5
33811,1
33812,1
33813,5
33814,1
33815,1
33816,1
33817,1
33818,5
33819,5
33820,5
33821,5
33822,5
33823,5
33824,1
33825,5
33826,1
33827,1
33828,1
33829,1
33830,5
33831,5
33832,1
33833,5
33834,5
33835,1
33836,1
33837,5
33838,5
33839,1
33840,5
33841,5
33842,5
33843,5
33844,1
33845,5
33846,1
33847,1
33848,1
33849,5
33850,1
33851,1
33852,1
33853,1
33854,1
33855,5
33856,1
33857,1
33858,1
33859,1
33860,5
33861,5
33862,5
33863,1
33864,1
33865,5
33866,1
33867,5
33868,1
33869,1
33870,5
33871,1
33872,5
33873,1
33874,5
33875,5
33876,5
33877,1
33878,5
33879,1
33880,5
33881,5
33882,5
33883,5
33884,5
33885,1
33886,5
33887,5
33888,1
33889,5
33890,1
33891,1
33892,5
33893,1
33894,1
33895,5
33896,1
33897,5
33898,1
33899,1
33900,1
33901,5
33902,5
33903,5
33904,1
33905,1
33906,1
33907,1
33908,1
33909,1
33910,5
33911,1
33912,1
33913,1
33914,1
33915,5
33916,1
33917,5
33918,1
33919,1
33920,5
33921,5
33922,5
33923,5
33924,5
33925,5
33926,1
33927,5
33928,5
33929,1
33930,1
33931,1
33932,5
33933,1
33934,1
33935,1
33936,1
33937,5
33938,5
33939,5
33940,5
33941,1
33942,5
33943,5
33944,5
33945,1
33946,5
33947,5
33948,5
33949,5
33950,1
33951,5
33952,1
33953,5
33954,1
33955,1
33956,1
33957,5
33958,5
33959,5
33960,5
33961,1
33962,1
33963,1
33964,1
33965,1
33966,5
33967,1
33968,5
33969,5
33970,1
33971,5
33972,1
33973,1
33974,5
33975,5
33976,1
33977,1
33978,1
33979,1
33980,1
33981,1
33982,5
33983,1
33984,1
33985,1
33986,1
33987,1
33988,1
33989,1
33990,1
33991,5
33992,5
33993,5
33994,5
33995,5
33996,1
33997,5
33998,5
33999,1
34000,5
34001,5
34002,5
34003,5
34004,1
34005,5
34006,5
34007,5
34008,5
34009,1
34010,1
34011,5
34012,5
34013,1
34014,1
34015,5
34016,1
34017,5
34018,5
34019,1
34020,1
34021,1
34022,5
34023,5
34024,5
34025,5
34026,5
34027,1
34028,1
34029,5
34030,1
34031,5
34032,1
34033,1
34034,5
34035,1
34036,1
34037,1
34038,1
34039,5
34040,1
34041,5
34042,5
34043,5
34044,5
34045,1
34046,1
34047,1
34048,1
34049,1
34050,1
34051,1
34052,5
34053,1
34054,1
34055,1
34056,5
34057,5
34058,5
34059,1
34060,1
34061,1
34062,1
34063,1
34064,5
34065,1
34066,5
34067,5
34068,1
34069,5
34070,5
34071,5
34072,5
34073,5
34074,5
34075,5
34076,5
34077,5
34078,5
34079,5
34080,1
34081,5
34082,5
34083,1
34084,1
34085,5
34086,5
34087,5
34088,1
34089,5
34090,5
34091,1
34092,5
34093,5
34094,5
34095,1
34096,5
34097,1
34098,5
34099,5
34100,5
34101,1
34102,5
34103,5
34104,5
34105,5
34106,5
34107,1
34108,5
34109,1
34110,1
34111,1
34112,1
34113,1
34114,5
34115,5
34116,1
34117,5
34118,5
34119,1
34120,5
34121,5
34122,5
34123,5
34124,1
34125,5
34126,1
34127,1
34128,1
34129,5
34130,1
34131,5
34132,5
34133,1
34134,1
34135,5
34136,5
34137,5
34138,1
34139,1
34140,1
34141,1
34142,1
34143,5
34144,5
34145,5
34146,5
34147,5
34148,1
34149,5
34150,5
34151,1
34152,5
34153,5
34154,1
34155,5
34156,1
34157,1
34158,5
34159,1
34160,5
34161,5
34162,5
34163,1
34164,1
34165,5
34166,1
34167,1
34168,1
34169,1
34170,1
34171,1
34172,5
34173,1
34174,5
34175,5
34176,5
34177,1
34178,1
34179,5
34180,5
34181,5
34182,5
34183,5
34184,1
34185,5
34186,5
34187,5
34188,5
34189,5
34190,1
34191,1
34192,1
34193,1
34194,5
34195,5
34196,5
34197,5
34198,1
34199,5
34200,5
34201,1
34202,5
34203,1
34204,5
34205,1
34206,1
34207,1
34208,1
34209,5
34210,1
34211,5
34212,1
34213,1
34214,5
34215,5
34216,5
34217,1
34218,5
34219,5
34220,1
34221,1
34222,5
34223,5
34224,5
34225,1
34226,1
34227,5
34228,1
34229,5
34230,5
34231,5
34232,5
34233,5
34234,1
34235,5
34236,5
34237,5
34238,5
34239,5
34240,1
34241,1
34242,1
34243,5
34244,5
34245,5
34246,1
34247,1
34248,5
34249,1
34250,1
34251,1
34252,1
34253,1
34254,5
34255,1
34256,1
34257,1
34258,5
34259,1
34260,1
34261,1
34262,5
34263,1
34264,5
34265,1
34266,5
34267,5
34268,1
34269,1
34270,5
34271,1
34272,5
34273,1
34274,1
34275,5
34276,5
34277,1
34278,1
34279,5
34280,1
34281,1
34282,1
34283,1
34284,1
34285,5
34286,1
34287,1
34288,1
34289,1
34290,1
34291,1
34292,1
34293,1
34294,5
34295,5
34296,5
34297,1
34298,5
34299,5
34300,5
34301,1
34302,1
34303,5
34304,1
34305,1
34306,5
34307,1
34308,5
34309,5
34310,1
34311,1
34312,5
34313,5
34314,5
34315,1
34316,5
34317,1
34318,5
34319,1
34320,1
34321,5
34322,5
34323,1
34324,1
34325,5
34326,5
34327,1
34328,1
34329,1
34330,1
34331,5
34332,5
34333,1
34334,5
34335,1
34336,1
34337,5
34338,5
34339,1
34340,5
34341,5
34342,5
34343,5
34344,1
34345,1
34346,1
34347,1
34348,5
34349,5
34350,1
34351,5
34352,5
34353,1
34354,5
34355,5
34356,5
34357,5
34358,1
34359,1
34360,1
34361,1
34362,1
34363,5
34364,5
34365,1
34366,5
34367,5
34368,5
34369,1
34370,1
34371,1
34372,1
34373,1
34374,5
34375,1
34376,5
34377,1
34378,1
34379,1
34380,5
34381,1
34382,5
34383,1
34384,5
34385,5
34386,5
34387,5
34388,5
34389,1
34390,1
34391,5
34392,5
34393,1
34394,1
34395,1
34396,1
34397,1
34398,5
34399,5
34400,5
34401,1
34402,1
34403,5
34404,5
34405,1
34406,1
34407,1
34408,5
34409,5
34410,5
34411,1
34412,5
34413,1
34414,1
34415,1
34416,5
34417,5
34418,5
34419,5
34420,5
34421,5
34422,1
34423,1
34424,1
34425,1
34426,1
34427,1
34428,1
34429,5
34430,5
34431,1
34432,5
34433,5
34434,1
34435,1
34436,5
34437,5
34438,5
34439,5
34440,1
34441,1
34442,1
34443,1
34444,5
34445,5
34446,5
34447,5
34448,5
34449,5
34450,5
34451,1
34452,1
34453,5
34454,1
34455,5
34456,1
34457,1
34458,5
34459,1
34460,1
34461,1
34462,1
34463,1
34464,5
34465,1
34466,1
34467,5
34468,1
34469,1
34470,5
34471,1
34472,5
34473,5
34474,1
34475,1
34476,1
34477,5
34478,1
34479,5
34480,1
34481,1
34482,1
34483,5
34484,1
34485,1
34486,5
34487,1
34488,5
34489,5
34490,5
34491,5
34492,5
34493,1
34494,5
34495,5
34496,1
34497,5
34498,1
34499,1
34500,5
34501,1
34502,1
34503,5
34504,1
34505,1
34506,1
34507,5
34508,5
34509,1
34510,1
34511,1
34512,1
34513,5
34514,1
34515,1
34516,1
34517,5
34518,5
34519,1
34520,1
34521,5
34522,5
34523,5
34524,1
34525,5
34526,5
34527,5
34528,5
34529,5
34530,5
34531,1
34532,5
34533,5
34534,1
34535,5
34536,5
34537,5
34538,5
34539,1
34540,1
34541,1
34542,1
34543,5
34544,5
34545,1
34546,5
34547,5
34548,1
34549,1
34550,5
34551,5
34552,5
34553,5
34554,1
34555,1
34556,5
34557,5
34558,5
34559,1
34560,1
34561,1
34562,5
34563,5
34564,5
34565,1
34566,5
34567,5
34568,1
34569,1
34570,1
34571,5
34572,5
34573,1
34574,5
34575,5
34576,5
34577,1
34578,5
34579,5
34580,5
34581,5
34582,5
34583,5
34584,1
34585,5
34586,5
34587,1
34588,5
34589,1
34590,1
34591,1
34592,5
34593,1
34594,1
34595,1
34596,1
34597,5
34598,1
34599,1
34600,5
34601,1
34602,1
34603,1
34604,5
34605,5
34606,5
34607,1
34608,5
34609,1
34610,5
34611,1
34612,5
34613,1
34614,5
34615,5
34616,1
34617,1
34618,1
34619,1
34620,1
34621,5
34622,1
34623,1
34624,1
34625,5
34626,1
34627,1
34628,1
34629,1
34630,1
34631,5
34632,5
34633,1
34634,5
34635,5
34636,1
34637,1
34638,5
34639,1
34640,1
34641,1
34642,1
34643,1
34644,1
34645,5
34646,1
34647,5
34648,5
34649,1
34650,5
34651,5
34652,5
34653,5
34654,5
34655,5
34656,5
34657,1
34658,1
34659,5
34660,1
34661,5
34662,1
34663,5
34664,1
34665,1
34666,1
34667,1
34668,5
34669,1
34670,5
34671,1
34672,1
34673,5
34674,1
34675,5
34676,5
34677,5
34678,1
34679,1
34680,1
34681,5
34682,5
34683,1
34684,1
34685,5
34686,1
34687,5
34688,1
34689,1
34690,1
34691,5
34692,1
34693,5
34694,5
34695,1
34696,1
34697,1
34698,5
34699,1
34700,1
34701,5
34702,5
34703,5
34704,1
34705,5
34706,1
34707,1
34708,5
34709,5
34710,1
34711,1
34712,5
34713,1
34714,5
34715,5
34716,1
34717,5
34718,5
34719,1
34720,5
34721,5
34722,5
34723,5
34724,5
34725,5
34726,1
34727,1
34728,1
34729,5
34730,5
34731,5
34732,5
34733,1
34734,5
34735,5
34736,5
34737,1
34738,5
34739,5
34740,5
34741,1
34742,5
34743,5
34744,1
34745,1
34746,5
34747,1
34748,1
34749,1
34750,1
34751,1
34752,5
34753,5
34754,5
34755,5
34756,1
34757,5
34758,5
34759,1
34760,5
34761,1
34762,1
34763,5
34764,1
34765,1
34766,5
34767,5
34768,5
34769,5
34770,5
34771,5
34772,1
34773,1
34774,1
34775,5
34776,1
34777,1
34778,5
34779,5
34780,1
34781,5
34782,5
34783,5
34784,1
34785,1
34786,1
34787,5
34788,1
34789,1
34790,1
34791,1
34792,1
34793,1
34794,5
34795,1
34796,1
34797,1
34798,5
34799,5
34800,5
34801,5
34802,5
34803,5
34804,5
34805,1
34806,5
34807,5
34808,1
34809,5
34810,1
34811,1
34812,5
34813,1
34814,5
34815,1
34816,1
34817,1
34818,1
34819,1
34820,1
34821,5
34822,5
34823,1
34824,1
34825,1
34826,5
34827,5
34828,5
34829,5
34830,1
34831,1
34832,5
34833,1
34834,5
34835,5
34836,5
34837,5
34838,1
34839,1
34840,5
34841,1
34842,1
34843,5
34844,5
34845,5
34846,5
34847,1
34848,5
34849,5
34850,5
34851,1
34852,1
34853,1
34854,5
34855,5
34856,1
34857,1
34858,5
34859,1
34860,1
34861,1
34862,5
34863,5
34864,5
34865,1
34866,5
34867,5
34868,1
34869,5
34870,1
34871,1
34872,5
34873,1
34874,5
34875,5
34876,5
34877,1
34878,5
34879,1
34880,5
34881,1
34882,5
34883,1
34884,1
34885,5
34886,1
34887,1
34888,1
34889,1
34890,1
34891,1
34892,1
34893,1
34894,5
34895,5
34896,5
34897,1
34898,1
34899,1
34900,5
34901,1
34902,5
34903,5
34904,1
34905,1
34906,1
34907,1
34908,5
34909,5
34910,5
34911,1
34912,5
34913,1
34914,1
34915,1
34916,1
34917,1
34918,5
34919,5
34920,1
34921,5
34922,5
34923,1
34924,5
34925,1
34926,5
34927,5
34928,1
34929,1
34930,1
34931,5
34932,1
34933,5
34934,1
34935,5
34936,1
34937,1
34938,5
34939,5
34940,5
34941,5
34942,1
34943,5
34944,5
34945,1
34946,5
34947,1
34948,1
34949,1
34950,1
34951,1
34952,1
34953,1
34954,5
34955,1
34956,1
34957,1
34958,1
34959,1
34960,5
34961,5
34962,5
34963,5
34964,1
34965,1
34966,1
34967,5
34968,1
34969,1
34970,1
34971,1
34972,5
34973,5
34974,5
34975,5
34976,1
34977,1
34978,5
34979,1
34980,1
34981,5
34982,1
34983,1
34984,1
34985,5
34986,1
34987,1
34988,1
34989,1
34990,5
34991,1
34992,5
34993,1
34994,1
34995,5
34996,5
34997,5
34998,5
34999,1
35000,1
35001,5
35002,1
35003,1
35004,5
35005,1
35006,1
35007,1
35008,5
35009,1
35010,1
35011,5
35012,1
35013,5
35014,1
35015,1
35016,1
35017,5
35018,1
35019,5
35020,5
35021,5
35022,5
35023,1
35024,1
35025,5
35026,5
35027,1
35028,5
35029,1
35030,5
35031,1
35032,1
35033,1
35034,1
35035,5
35036,1
35037,5
35038,1
35039,1
35040,1
35041,5
35042,5
35043,5
35044,5
35045,1
35046,1
35047,5
35048,5
35049,5
35050,1
35051,1
35052,1
35053,5
35054,1
35055,5
35056,1
35057,1
35058,5
35059,1
35060,1
35061,5
35062,5
35063,5
35064,1
35065,5
35066,1
35067,5
35068,5
35069,5
35070,5
35071,5
35072,5
35073,1
35074,1
35075,1
35076,1
35077,1
35078,5
35079,5
35080,5
35081,5
35082,1
35083,1
35084,5
35085,1
35086,5
35087,1
35088,1
35089,1
35090,1
35091,1
35092,1
35093,1
35094,1
35095,1
35096,1
35097,1
35098,1
35099,1
35100,5
35101,5
35102,5
35103,1
35104,5
35105,1
35106,5
35107,1
35108,5
35109,1
35110,1
35111,1
35112,1
35113,5
35114,5
35115,5
35116,1
35117,5
35118,5
35119,5
35120,1
35121,5
35122,5
35123,1
35124,1
35125,5
35126,1
35127,1
35128,5
35129,5
35130,5
35131,1
35132,1
35133,1
35134,1
35135,5
35136,5
35137,1
35138,5
35139,1
35140,1
35141,5
35142,5
35143,5
35144,1
35145,5
35146,1
35147,1
35148,1
35149,5
35150,5
35151,1
35152,1
35153,5
35154,5
35155,1
35156,1
35157,5
35158,5
35159,1
35160,1
35161,1
35162,5
35163,5
35164,1
35165,5
35166,5
35167,1
35168,5
35169,1
35170,1
35171,5
35172,1
35173,5
35174,5
35175,5
35176,1
35177,5
35178,5
35179,1
35180,5
35181,1
35182,1
35183,5
35184,1
35185,5
35186,1
35187,5
35188,5
35189,1
35190,5
35191,5
35192,1
35193,5
35194,5
35195,5
35196,5
35197,1
35198,5
35199,1
35200,5
35201,1
35202,5
35203,1
35204,5
35205,1
35206,5
35207,5
35208,5
35209,5
35210,5
35211,5
35212,5
35213,1
35214,5
35215,1
35216,5
35217,1
35218,5
35219,1
35220,5
35221,5
35222,1
35223,1
35224,1
35225,1
35226,5
35227,1
35228,1
35229,1
35230,5
35231,5
35232,5
35233,5
35234,1
35235,5
35236,5
35237,5
35238,1
35239,1
35240,5
35241,5
35242,5
35243,1
35244,1
35245,1
35246,1
35247,5
35248,5
35249,5
35250,5
35251,5
35252,5
35253,1
35254,1
35255,5
35256,5
35257,1
35258,1
35259,1
35260,5
35261,5
35262,1
35263,5
35264,5
35265,1
35266,5
35267,1
35268,1
35269,1
35270,1
35271,5
35272,1
35273,1
35274,5
35275,5
35276,1
35277,5
35278,1
35279,1
35280,5
35281,5
35282,5
35283,5
35284,5
35285,5
35286,5
35287,5
35288,1
35289,1
35290,5
35291,1
35292,5
35293,5
35294,1
35295,5
35296,5
35297,5
35298,5
35299,5
35300,1
35301,5
35302,1
35303,5
35304,1
35305,5
35306,1
35307,1
35308,1
35309,5
35310,1
35311,5
35312,1
35313,1
35314,5
35315,1
35316,5
35317,5
35318,5
35319,5
35320,5
35321,1
35322,1
35323,5
35324,5
35325,5
35326,1
35327,1
35328,1
35329,1
35330,5
35331,5
35332,5
35333,5
35334,1
35335,5
35336,1
35337,1
35338,5
35339,5
35340,5
35341,1
35342,5
35343,5
35344,1
35345,5
35346,5
35347,5
35348,1
35349,1
35350,1
35351,1
35352,1
35353,1
35354,1
35355,1
35356,5
35357,5
35358,1
35359,1
35360,1
35361,5
35362,5
35363,5
35364,5
35365,5
35366,1
35367,5
35368,5
35369,1
35370,1
35371,5
35372,1
35373,5
35374,1
35375,1
35376,1
35377,5
35378,5
35379,5
35380,5
35381,5
35382,1
35383,1
35384,1
35385,5
35386,5
35387,5
35388,1
35389,5
35390,1
35391,1
35392,1
35393,1
35394,1
35395,5
35396,5
35397,5
35398,5
35399,5
35400,1
35401,1
35402,5
35403,5
35404,5
35405,1
35406,5
35407,5
35408,5
35409,1
35410,5
35411,1
35412,1
35413,5
35414,1
35415,5
35416,5
35417,1
35418,1
35419,5
35420,1
35421,5
35422,5
35423,1
35424,5
35425,5
35426,1
35427,1
35428,5
35429,1
35430,5
35431,1
35432,1
35433,5
35434,1
35435,1
35436,5
35437,5
35438,1
35439,5
35440,1
35441,5
35442,5
35443,5
35444,5
35445,5
35446,1
35447,1
35448,1
35449,5
35450,5
35451,1
35452,5
35453,1
35454,1
35455,5
35456,5
35457,5
35458,5
35459,5
35460,1
35461,1
35462,1
35463,5
35464,1
35465,1
35466,5
35467,5
35468,5
35469,5
35470,5
35471,5
35472,5
35473,5
35474,5
35475,5
35476,1
35477,5
35478,1
35479,1
35480,1
35481,1
35482,5
35483,1
35484,1
35485,1
35486,1
35487,1
35488,5
35489,5
35490,1
35491,1
35492,5
35493,5
35494,1
35495,1
35496,1
35497,5
35498,1
35499,1
35500,1
35501,1
35502,5
35503,5
35504,5
35505,1
35506,1
35507,1
35508,5
35509,1
35510,1
35511,5
35512,5
35513,5
35514,1
35515,5
35516,5
35517,5
35518,5
35519,5
35520,5
35521,5
35522,5
35523,5
35524,5
35525,5
35526,1
35527,5
35528,1
35529,5
35530,5
35531,5
35532,5
35533,5
35534,1
35535,5
35536,1
35537,5
35538,5
35539,1
35540,1
35541,1
35542,1
35543,1
35544,1
35545,5
35546,5
35547,1
35548,1
35549,1
35550,5
35551,5
35552,1
35553,5
35554,5
35555,5
35556,1
35557,1
35558,5
35559,1
35560,5
35561,5
35562,1
35563,1
35564,5
35565,5
35566,5
35567,5
35568,1
35569,1
35570,5
35571,5
35572,1
35573,1
35574,1
35575,1
35576,1
35577,5
35578,1
35579,5
35580,5
35581,5
35582,5
35583,5
35584,1
35585,5
35586,5
35587,1
35588,1
35589,1
35590,5
35591,5
35592,1
35593,1
35594,5
35595,1
35596,1
35597,1
35598,5
35599,5
35600,5
35601,1
35602,1
35603,1
35604,5
35605,5
35606,5
35607,1
35608,5
35609,1
35610,5
35611,1
35612,5
35613,5
35614,5
35615,1
35616,5
35617,1
35618,5
35619,5
35620,1
35621,1
35622,1
35623,1
35624,5
35625,5
35626,1
35627,1
35628,1
35629,5
35630,1
35631,1
35632,5
35633,1
35634,5
35635,5
35636,1
35637,5
35638,1
35639,5
35640,5
35641,1
35642,1
35643,5
35644,1
35645,1
35646,1
35647,5
35648,1
35649,1
35650,5
35651,1
35652,1
35653,1
35654,1
35655,1
35656,1
35657,1
35658,1
35659,1
35660,1
35661,1
35662,1
35663,1
35664,5
35665,5
35666,5
35667,5
35668,1
35669,5
35670,5
35671,5
35672,1
35673,5
35674,1
35675,5
35676,1
35677,5
35678,1
35679,5
35680,5
35681,1
35682,5
35683,5
35684,5
35685,1
35686,1
35687,5
35688,5
35689,5
35690,1
35691,1
35692,5
35693,5
35694,5
35695,5
35696,5
35697,5
35698,5
35699,5
35700,5
35701,5
35702,5
35703,5
35704,1
35705,1
35706,1
35707,5
35708,1
35709,5
35710,5
35711,5
35712,1
35713,5
35714,1
35715,1
35716,1
35717,1
35718,1
35719,5
35720,5
35721,5
35722,5
35723,5
35724,1
35725,5
35726,1
35727,5
35728,1
35729,5
35730,1
35731,5
35732,5
35733,5
35734,1
35735,5
35736,1
35737,1
35738,1
35739,1
35740,1
35741,1
35742,5
35743,1
35744,5
35745,5
35746,5
35747,5
35748,5
35749,1
35750,1
35751,5
35752,1
35753,5
35754,1
35755,1
35756,5
35757,1
35758,5
35759,1
35760,1
35761,5
35762,5
35763,5
35764,1
35765,5
35766,5
35767,1
35768,5
35769,5
35770,1
35771,5
35772,5
35773,1
35774,1
35775,1
35776,1
35777,1
35778,1
35779,1
35780,5
35781,1
35782,5
35783,5
35784,1
35785,1
35786,5
35787,5
35788,5
35789,1
35790,5
35791,5
35792,1
35793,5
35794,1
35795,1
35796,1
35797,5
35798,5
35799,5
35800,1
35801,1
35802,5
35803,1
35804,5
35805,5
35806,1
35807,1
35808,1
35809,5
35810,1
35811,1
35812,1
35813,5
35814,5
35815,1
35816,5
35817,1
35818,1
35819,1
35820,1
35821,1
35822,5
35823,5
35824,5
35825,5
35826,1
35827,5
35828,5
35829,5
35830,5
35831,5
35832,5
35833,5
35834,1
35835,1
35836,5
35837,1
35838,1
35839,5
35840,1
35841,5
35842,1
35843,1
35844,1
35845,1
35846,5
35847,5
35848,5
35849,1
35850,5
35851,5
35852,5
35853,1
35854,1
35855,5
35856,1
35857,1
35858,1
35859,5
35860,1
35861,1
35862,1
35863,5
35864,1
35865,1
35866,5
35867,5
35868,1
35869,5
35870,5
35871,1
35872,5
35873,1
35874,1
35875,5
35876,1
35877,5
35878,5
35879,5
35880,5
35881,1
35882,1
35883,5
35884,1
35885,1
35886,1
35887,1
35888,1
35889,1
35890,1
35891,1
35892,1
35893,1
35894,5
35895,1
35896,5
35897,1
35898,1
35899,5
35900,5
35901,5
35902,1
35903,1
35904,1
35905,1
35906,1
35907,1
35908,1
35909,1
35910,1
35911,5
35912,1
35913,5
35914,5
35915,5
35916,1
35917,1
35918,1
35919,1
35920,1
35921,5
35922,1
35923,1
35924,1
35925,5
35926,1
35927,5
35928,1
35929,1
35930,5
35931,5
35932,5
35933,1
35934,5
35935,5
35936,1
35937,1
35938,5
35939,5
35940,1
35941,5
35942,5
35943,5
35944,5
35945,5
35946,5
35947,1
35948,1
35949,1
35950,5
35951,1
35952,1
35953,1
35954,1
35955,5
35956,1
35957,1
35958,1
35959,1
35960,1
35961,1
35962,5
35963,1
35964,1
35965,1
35966,1
35967,1
35968,1
35969,5
35970,1
35971,1
35972,1
35973,1
35974,1
35975,1
35976,1
35977,1
35978,5
35979,1
35980,5
35981,5
35982,5
35983,5
35984,5
35985,1
35986,1
35987,1
35988,5
35989,1
35990,1
35991,1
35992,1
35993,5
35994,1
35995,5
35996,5
35997,5
35998,1
35999,1
36000,5
36001,5
36002,5
36003,5
36004,1
36005,1
36006,1
36007,5
36008,1
36009,1
36010,5
36011,5
36012,5
36013,5
36014,5
36015,5
36016,1
36017,5
36018,1
36019,5
36020,5
36021,5
36022,1
36023,5
36024,5
36025,5
36026,5
36027,1
36028,5
36029,5
36030,1
36031,5
36032,1
36033,1
36034,5
36035,1
36036,5
36037,1
36038,5
36039,1
36040,1
36041,1
36042,5
36043,1
36044,5
36045,5
36046,1
36047,1
36048,5
36049,5
36050,5
36051,1
36052,5
36053,5
36054,5
36055,1
36056,5
36057,1
36058,5
36059,5
36060,1
36061,1
36062,5
36063,1
36064,1
36065,5
36066,1
36067,5
36068,1
36069,1
36070,1
36071,5
36072,1
36073,1
36074,5
36075,1
36076,1
36077,5
36078,5
36079,5
36080,5
36081,5
36082,5
36083,5
36084,5
36085,5
36086,5
36087,1
36088,5
36089,5
36090,5
36091,5
36092,5
36093,5
36094,5
36095,1
36096,1
36097,1
36098,5
36099,5
36100,1
36101,5
36102,1
36103,1
36104,1
36105,1
36106,1
36107,1
36108,5
36109,1
36110,5
36111,5
36112,1
36113,5
36114,5
36115,1
36116,5
36117,1
36118,5
36119,1
36120,1
36121,1
36122,5
36123,5
36124,1
36125,5
36126,5
36127,1
36128,1
36129,1
36130,5
36131,1
36132,5
36133,5
36134,1
36135,5
36136,5
36137,5
36138,1
36139,5
36140,5
36141,5
36142,5
36143,5
36144,5
36145,1
36146,1
36147,1
36148,5
36149,5
36150,5
36151,5
36152,5
36153,5
36154,5
36155,5
36156,1
36157,5
36158,5
36159,1
36160,1
36161,5
36162,5
36163,5
36164,5
36165,5
36166,1
36167,5
36168,1
36169,1
36170,1
36171,5
36172,1
36173,1
36174,1
36175,1
36176,5
36177,5
36178,1
36179,5
36180,1
36181,1
36182,5
36183,1
36184,5
36185,5
36186,5
36187,5
36188,1
36189,5
36190,5
36191,1
36192,1
36193,1
36194,5
36195,5
36196,5
36197,1
36198,1
36199,5
36200,5
36201,1
36202,1
36203,1
36204,1
36205,5
36206,5
36207,5
36208,5
36209,1
36210,5
36211,5
36212,5
36213,5
36214,1
36215,5
36216,1
36217,5
36218,1
36219,5
36220,1
36221,1
36222,1
36223,1
36224,5
36225,5
36226,5
36227,1
36228,5
36229,5
36230,1
36231,5
36232,5
36233,5
36234,1
36235,5
36236,5
36237,1
36238,5
36239,1
36240,1
36241,5
36242,5
36243,5
36244,1
36245,5
36246,1
36247,5
36248,5
36249,1
36250,5
36251,5
36252,1
36253,5
36254,1
36255,5
36256,5
36257,1
36258,5
36259,1
36260,1
36261,5
36262,5
36263,1
36264,1
36265,1
36266,1
36267,1
36268,5
36269,5
36270,5
36271,1
36272,1
36273,5
36274,1
36275,5
36276,1
36277,1
36278,1
36279,5
36280,5
36281,1
36282,1
36283,1
36284,1
36285,5
36286,1
36287,1
36288,5
36289,5
36290,5
36291,5
36292,1
36293,1
36294,1
36295,1
36296,1
36297,1
36298,1
36299,1
36300,1
36301,5
36302,1
36303,1
36304,5
36305,5
36306,5
36307,1
36308,5
36309,1
36310,5
36311,5
36312,1
36313,5
36314,1
36315,1
36316,1
36317,1
36318,5
36319,1
36320,1
36321,1
36322,1
36323,1
36324,1
36325,1
36326,1
36327,1
36328,1
36329,1
36330,1
36331,1
36332,1
36333,1
36334,1
36335,1
36336,1
36337,1
36338,5
36339,1
36340,1
36341,5
36342,1
36343,1
36344,1
36345,1
36346,1
36347,1
36348,1
36349,1
36350,5
36351,1
36352,5
36353,1
36354,1
36355,1
36356,1
36357,1
36358,1
36359,5
36360,1
36361,1
36362,1
36363,1
36364,1
36365,5
36366,1
36367,1
36368,1
36369,1
36370,1
36371,1
36372,5
36373,1
36374,5
36375,5
36376,1
36377,5
36378,5
36379,5
36380,5
36381,5
36382,1
36383,1
36384,1
36385,1
36386,1
36387,1
36388,1
36389,1
36390,1
36391,1
36392,1
36393,1
36394,1
36395,5
36396,1
36397,1
36398,5
36399,5
36400,5
36401,1
36402,1
36403,5
36404,1
36405,1
36406,5
36407,5
36408,1
36409,1
36410,1
36411,1
36412,5
36413,1
36414,1
36415,5
36416,5
36417,5
36418,5
36419,1
36420,5
36421,1
36422,1
36423,1
36424,1
36425,5
36426,5
36427,5
36428,5
36429,5
36430,5
36431,5
36432,5
36433,5
36434,1
36435,5
36436,5
36437,5
36438,5
36439,5
36440,5
36441,1
36442,1
36443,1
36444,1
36445,1
36446,1
36447,5
36448,1
36449,1
36450,5
36451,5
36452,5
36453,5
36454,5
36455,1
36456,5
36457,1
36458,1
36459,5
36460,1
36461,5
36462,5
36463,5
36464,5
36465,5
36466,1
36467,5
36468,5
36469,1
36470,1
36471,1
36472,1
36473,5
36474,1
36475,1
36476,1
36477,5
36478,5
36479,1
36480,1
36481,5
36482,1
36483,5
36484,5
36485,1
36486,1
36487,5
36488,5
36489,5
36490,5
36491,5
36492,5
36493,5
36494,1
36495,1
36496,5
36497,5
36498,1
36499,1
36500,1
36501,5
36502,1
36503,1
36504,1
36505,5
36506,5
36507,5
36508,1
36509,1
36510,1
36511,1
36512,1
36513,1
36514,5
36515,5
36516,5
36517,5
36518,1
36519,5
36520,1
36521,1
36522,1
36523,1
36524,5
36525,1
36526,5
36527,5
36528,5
36529,1
36530,5
36531,1
36532,1
36533,1
36534,1
36535,5
36536,5
36537,1
36538,5
36539,1
36540,1
36541,5
36542,1
36543,1
36544,1
36545,1
36546,1
36547,1
36548,5
36549,1
36550,5
36551,5
36552,5
36553,5
36554,5
36555,5
36556,5
36557,5
36558,1
36559,5
36560,5
36561,1
36562,1
36563,5
36564,1
36565,1
36566,1
36567,5
36568,5
36569,5
36570,1
36571,1
36572,5
36573,5
36574,1
36575,1
36576,5
36577,1
36578,1
36579,5
36580,1
36581,1
36582,1
36583,1
36584,5
36585,1
36586,1
36587,1
36588,5
36589,5
36590,1
36591,1
36592,1
36593,1
36594,5
36595,5
36596,5
36597,5
36598,1
36599,1
36600,1
36601,1
36602,1
36603,1
36604,1
36605,5
36606,1
36607,1
36608,1
36609,5
36610,1
36611,1
36612,1
36613,1
36614,5
36615,1
36616,1
36617,5
36618,5
36619,5
36620,5
36621,5
36622,1
36623,5
36624,1
36625,5
36626,1
36627,5
36628,1
36629,5
36630,5
36631,5
36632,5
36633,1
36634,1
36635,5
36636,5
36637,1
36638,5
36639,5
36640,5
36641,5
36642,5
36643,1
36644,5
36645,1
36646,5
36647,1
36648,5
36649,1
36650,1
36651,5
36652,5
36653,5
36654,1
36655,1
36656,5
36657,1
36658,5
36659,5
36660,5
36661,1
36662,1
36663,1
36664,5
36665,5
36666,1
36667,1
36668,5
36669,1
36670,5
36671,1
36672,1
36673,1
36674,1
36675,1
36676,1
36677,5
36678,1
36679,1
36680,1
36681,1
36682,5
36683,1
36684,1
36685,1
36686,1
36687,1
36688,5
36689,1
36690,5
36691,1
36692,1
36693,1
36694,5
36695,1
36696,1
36697,1
36698,5
36699,1
36700,1
36701,5
36702,5
36703,1
36704,5
36705,5
36706,1
36707,5
36708,1
36709,5
36710,1
36711,1
36712,1
36713,1
36714,1
36715,1
36716,1
36717,5
36718,1
36719,5
36720,1
36721,1
36722,1
36723,1
36724,1
36725,5
36726,1
36727,5
36728,5
36729,5
36730,5
36731,5
36732,5
36733,1
36734,5
36735,5
36736,5
36737,1
36738,1
36739,5
36740,5
36741,1
36742,1
36743,1
36744,1
36745,5
36746,1
36747,1
36748,5
36749,5
36750,1
36751,5
36752,1
36753,1
36754,5
36755,1
36756,1
36757,1
36758,1
36759,1
36760,5
36761,1
36762,1
36763,5
36764,1
36765,1
36766,5
36767,1
36768,5
36769,5
36770,5
36771,5
36772,5
36773,1
36774,1
36775,1
36776,5
36777,5
36778,5
36779,5
36780,5
36781,1
36782,1
36783,1
36784,1
36785,1
36786,1
36787,5
36788,1
36789,1
36790,1
36791,1
36792,1
36793,5
36794,5
36795,1
36796,5
36797,1
36798,5
36799,5
36800,5
36801,5
36802,1
36803,1
36804,5
36805,5
36806,1
36807,1
36808,5
36809,5
36810,5
36811,5
36812,5
36813,5
36814,5
36815,1
36816,1
36817,1
36818,5
36819,5
36820,1
36821,1
36822,1
36823,1
36824,5
36825,5
36826,5
36827,5
36828,1
36829,1
36830,1
36831,5
36832,5
36833,5
36834,1
36835,5
36836,5
36837,5
36838,5
36839,5
36840,5
36841,1
36842,5
36843,5
36844,5
36845,1
36846,1
36847,5
36848,5
36849,1
36850,5
36851,5
36852,1
36853,1
36854,5
36855,5
36856,1
36857,5
36858,1
36859,5
36860,5
36861,1
36862,5
36863,5
36864,5
36865,5
36866,1
36867,1
36868,5
36869,1
36870,1
36871,1
36872,1
36873,1
36874,1
36875,5
36876,5
36877,5
36878,5
36879,1
36880,1
36881,5
36882,5
36883,1
36884,1
36885,1
36886,5
36887,5
36888,5
36889,5
36890,1
36891,1
36892,1
36893,5
36894,5
36895,5
36896,5
36897,5
36898,5
36899,1
36900,5
36901,5
36902,5
36903,5
36904,5
36905,5
36906,1
36907,5
36908,5
36909,1
36910,1
36911,5
36912,5
36913,5
36914,5
36915,5
36916,1
36917,5
36918,1
36919,5
36920,5
36921,5
36922,1
36923,1
36924,5
36925,1
36926,5
36927,5
36928,5
36929,5
36930,1
36931,1
36932,1
36933,5
36934,1
36935,1
36936,5
36937,5
36938,5
36939,5
36940,1
36941,5
36942,5
36943,1
36944,5
36945,1
36946,5
36947,5
36948,5
36949,5
36950,5
36951,1
36952,1
36953,1
36954,1
36955,5
36956,5
36957,1
36958,5
36959,5
36960,1
36961,1
36962,5
36963,5
36964,5
36965,5
36966,1
36967,1
36968,1
36969,1
36970,1
36971,5
36972,1
36973,1
36974,5
36975,5
36976,1
36977,1
36978,5
36979,5
36980,5
36981,1
36982,1
36983,1
36984,5
36985,1
36986,1
36987,1
36988,5
36989,5
36990,5
36991,5
36992,1
36993,1
36994,5
36995,1
36996,5
36997,5
36998,1
36999,5
37000,1
37001,1
37002,1
37003,5
37004,5
37005,1
37006,1
37007,1
37008,5
37009,5
37010,5
37011,1
37012,1
37013,5
37014,5
37015,5
37016,1
37017,1
37018,1
37019,1
37020,5
37021,1
37022,5
37023,5
37024,5
37025,5
37026,1
37027,1
37028,5
37029,5
37030,1
37031,1
37032,5
37033,1
37034,5
37035,1
37036,1
37037,5
37038,1
37039,5
37040,5
37041,1
37042,5
37043,5
37044,1
37045,5
37046,5
37047,5
37048,5
37049,5
37050,5
37051,1
37052,1
37053,1
37054,5
37055,5
37056,5
37057,1
37058,1
37059,1
37060,1
37061,1
37062,5
37063,5
37064,1
37065,1
37066,1
37067,1
37068,1
37069,1
37070,1
37071,1
37072,5
37073,5
37074,1
37075,1
37076,5
37077,5
37078,1
37079,1
37080,1
37081,5
37082,5
37083,1
37084,1
37085,1
37086,5
37087,1
37088,5
37089,1
37090,5
37091,1
37092,1
37093,5
37094,5
37095,5
37096,1
37097,1
37098,5
37099,1
37100,1
37101,5
37102,5
37103,1
37104,5
37105,5
37106,5
37107,1
37108,5
37109,1
37110,5
37111,1
37112,1
37113,1
37114,5
37115,1
37116,1
37117,1
37118,1
37119,5
37120,5
37121,5
37122,5
37123,5
37124,5
37125,1
37126,5
37127,5
37128,5
37129,1
37130,5
37131,1
37132,1
37133,1
37134,1
37135,1
37136,1
37137,5
37138,5
37139,1
37140,5
37141,1
37142,1
37143,1
37144,5
37145,1
37146,1
37147,5
37148,1
37149,1
37150,5
37151,5
37152,5
37153,1
37154,1
37155,5
37156,5
37157,1
37158,5
37159,5
37160,1
37161,5
37162,1
37163,1
37164,1
37165,1
37166,5
37167,1
37168,1
37169,1
37170,1
37171,1
37172,1
37173,1
37174,5
37175,5
37176,5
37177,5
37178,5
37179,5
37180,1
37181,5
37182,5
37183,5
37184,5
37185,1
37186,1
37187,1
37188,1
37189,1
37190,1
37191,5
37192,1
37193,5
37194,5
37195,5
37196,5
37197,5
37198,5
37199,5
37200,5
37201,5
37202,1
37203,5
37204,1
37205,1
37206,5
37207,5
37208,5
37209,5
37210,5
37211,1
37212,1
37213,1
37214,5
37215,5
37216,1
37217,5
37218,5
37219,5
37220,5
37221,5
37222,5
37223,5
37224,5
37225,1
37226,1
37227,5
37228,1
37229,5
37230,5
37231,5
37232,5
37233,5
37234,1
37235,5
37236,5
37237,5
37238,5
37239,1
37240,1
37241,5
37242,1
37243,5
37244,1
37245,1
37246,5
37247,5
37248,5
37249,5
37250,5
37251,1
37252,1
37253,1
37254,5
37255,1
37256,1
37257,1
37258,5
37259,1
37260,5
37261,5
37262,5
37263,5
37264,1
37265,5
37266,1
37267,1
37268,5
37269,1
37270,1
37271,5
37272,5
37273,5
37274,1
37275,1
37276,1
37277,5
37278,1
37279,5
37280,1
37281,5
37282,1
37283,1
37284,1
37285,5
37286,1
37287,1
37288,5
37289,5
37290,1
37291,1
37292,1
37293,1
37294,1
37295,5
37296,1
37297,5
37298,5
37299,1
37300,5
37301,5
37302,1
37303,1
37304,5
37305,1
37306,1
37307,5
37308,5
37309,1
37310,5
37311,5
37312,1
37313,5
37314,1
37315,1
37316,5
37317,1
37318,5
37319,1
37320,1
37321,5
37322,1
37323,5
37324,5
37325,5
37326,1
37327,1
37328,1
37329,1
37330,1
37331,5
37332,5
37333,1
37334,1
37335,5
37336,5
37337,1
37338,1
37339,5
37340,1
37341,5
37342,1
37343,5
37344,5
37345,5
37346,1
37347,5
37348,1
37349,1
37350,5
37351,5
37352,1
37353,5
37354,1
37355,1
37356,1
37357,1
37358,1
37359,5
37360,1
37361,5
37362,5
37363,5
37364,5
37365,5
37366,1
37367,1
37368,1
37369,1
37370,1
37371,5
37372,1
37373,1
37374,5
37375,1
37376,5
37377,5
37378,5
37379,5
37380,5
37381,1
37382,1
37383,1
37384,5
37385,1
37386,1
37387,5
37388,1
37389,5
37390,5
37391,1
37392,1
37393,5
37394,1
37395,1
37396,5
37397,5
37398,5
37399,1
37400,5
37401,1
37402,5
37403,5
37404,1
37405,1
37406,1
37407,5
37408,5
37409,1
37410,5
37411,1
37412,5
37413,1
37414,1
37415,5
37416,1
37417,5
37418,1
37419,1
37420,1
37421,1
37422,1
37423,1
37424,1
37425,5
37426,1
37427,5
37428,5
37429,5
37430,5
37431,5
37432,1
37433,1
37434,5
37435,5
37436,5
37437,5
37438,5
37439,5
37440,1
37441,5
37442,1
37443,1
37444,5
37445,5
37446,1
37447,5
37448,5
37449,5
37450,5
37451,1
37452,5
37453,1
37454,5
37455,1
37456,1
37457,1
37458,1
37459,1
37460,1
37461,1
37462,5
37463,5
37464,5
37465,5
37466,1
37467,5
37468,5
37469,5
37470,5
37471,5
37472,1
37473,1
37474,5
37475,1
37476,5
37477,1
37478,1
37479,1
37480,5
37481,5
37482,5
37483,1
37484,1
37485,1
37486,1
37487,5
37488,5
37489,5
37490,5
37491,5
37492,5
37493,5
37494,1
37495,1
37496,1
37497,5
37498,5
37499,5
37500,1
37501,1
37502,5
37503,5
37504,5
37505,1
37506,5
37507,1
37508,1
37509,5
37510,5
37511,5
37512,5
37513,1
37514,5
37515,1
37516,1
37517,1
37518,5
37519,5
37520,5
37521,5
37522,5
37523,5
37524,1
37525,5
37526,1
37527,1
37528,1
37529,5
37530,5
37531,1
37532,5
37533,1
37534,5
37535,1
37536,5
37537,1
37538,1
37539,5
37540,5
37541,5
37542,5
37543,1
37544,1
37545,5
37546,5
37547,1
37548,1
37549,5
37550,5
37551,5
37552,5
37553,5
37554,1
37555,1
37556,5
37557,5
37558,5
37559,5
37560,5
37561,1
37562,1
37563,1
37564,5
37565,5
37566,1
37567,1
37568,1
37569,1
37570,5
37571,1
37572,1
37573,5
37574,5
37575,1
37576,5
37577,5
37578,1
37579,5
37580,1
37581,5
37582,5
37583,1
37584,1
37585,5
37586,1
37587,1
37588,5
37589,1
37590,1
37591,1
37592,5
37593,1
37594,1
37595,1
37596,1
37597,5
37598,1
37599,1
37600,1
37601,1
37602,1
37603,1
37604,5
37605,5
37606,5
37607,1
37608,5
37609,1
37610,5
37611,5
37612,5
37613,1
37614,1
37615,1
37616,1
37617,1
37618,1
37619,5
37620,1
37621,1
37622,5
37623,1
37624,5
37625,1
37626,1
37627,1
37628,5
37629,5
37630,5
37631,5
37632,1
37633,1
37634,5
37635,1
37636,5
37637,1
37638,5
37639,1
37640,1
37641,1
37642,5
37643,5
37644,5
37645,5
37646,5
37647,5
37648,5
37649,5
37650,5
37651,1
37652,1
37653,1
37654,1
37655,1
37656,1
37657,5
37658,5
37659,5
37660,5
37661,5
37662,5
37663,5
37664,5
37665,5
37666,5
37667,5
37668,1
37669,1
37670,5
37671,1
37672,5
37673,1
37674,5
37675,5
37676,1
37677,5
37678,5
37679,5
37680,1
37681,5
37682,1
37683,1
37684,1
37685,5
37686,1
37687,5
37688,5
37689,1
37690,1
37691,1
37692,1
37693,1
37694,1
37695,1
37696,5
37697,5
37698,1
37699,5
37700,1
37701,5
37702,5
37703,1
37704,1
37705,1
37706,5
37707,1
37708,5
37709,5
37710,5
37711,5
37712,5
37713,5
37714,1
37715,1
37716,1
37717,5
37718,5
37719,5
37720,5
37721,5
37722,5
37723,5
37724,5
37725,1
37726,5
37727,5
37728,5
37729,5
37730,5
37731,1
37732,1
37733,5
37734,5
37735,1
37736,5
37737,1
37738,5
37739,1
37740,1
37741,1
37742,5
37743,5
37744,1
37745,5
37746,5
37747,5
37748,5
37749,5
37750,5
37751,5
37752,5
37753,5
37754,5
37755,1
37756,5
37757,5
37758,1
37759,5
37760,5
37761,5
37762,1
37763,1
37764,5
37765,1
37766,5
37767,5
37768,5
37769,1
37770,1
37771,1
37772,1
37773,5
37774,1
37775,1
37776,1
37777,5
37778,1
37779,1
37780,5
37781,5
37782,5
37783,5
37784,1
37785,5
37786,5
37787,1
37788,5
37789,1
37790,5
37791,5
37792,1
37793,5
37794,5
37795,5
37796,1
37797,1
37798,5
37799,1
37800,1
37801,5
37802,1
37803,5
37804,5
37805,5
37806,5
37807,1
37808,1
37809,5
37810,1
37811,1
37812,1
37813,5
37814,5
37815,1
37816,1
37817,5
37818,5
37819,5
37820,5
37821,5
37822,5
37823,5
37824,1
37825,1
37826,5
37827,5
37828,5
37829,5
37830,1
37831,5
37832,1
37833,1
37834,5
37835,1
37836,5
37837,5
37838,5
37839,5
37840,5
37841,1
37842,5
37843,1
37844,1
37845,5
37846,5
37847,5
37848,5
37849,5
37850,5
37851,1
37852,1
37853,1
37854,5
37855,5
37856,5
37857,5
37858,1
37859,5
37860,1
37861,5
37862,1
37863,5
37864,1
37865,1
37866,5
37867,5
37868,5
37869,1
37870,1
37871,1
37872,5
37873,5
37874,1
37875,5
37876,5
37877,5
37878,1
37879,1
37880,5
37881,5
37882,5
37883,5
37884,5
37885,5
37886,5
37887,1
37888,5
37889,1
37890,1
37891,1
37892,5
37893,1
37894,5
37895,5
37896,5
37897,1
37898,5
37899,5
37900,5
37901,1
37902,5
37903,1
37904,1
37905,5
37906,1
37907,1
37908,1
37909,5
37910,1
37911,5
37912,1
37913,1
37914,5
37915,5
37916,5
37917,5
37918,1
37919,5
37920,5
37921,1
37922,5
37923,5
37924,5
37925,5
37926,5
37927,5
37928,5
37929,5
37930,5
37931,5
37932,1
37933,1
37934,5
37935,1
37936,5
37937,5
37938,5
37939,5
37940,5
37941,1
37942,1
37943,1
37944,5
37945,1
37946,5
37947,5
37948,1
37949,1
37950,1
37951,1
37952,5
37953,5
37954,1
37955,5
37956,5
37957,5
37958,5
37959,5
37960,1
37961,5
37962,5
37963,5
37964,5
37965,5
37966,1
37967,1
37968,5
37969,1
37970,1
37971,5
37972,5
37973,5
37974,5
37975,5
37976,5
37977,1
37978,1
37979,5
37980,1
37981,1
37982,5
37983,5
37984,5
37985,1
37986,1
37987,5
37988,5
37989,1
37990,1
37991,1
37992,1
37993,5
37994,1
37995,1
37996,5
37997,1
37998,5
37999,1
38000,5
38001,5
38002,1
38003,5
38004,1
38005,5
38006,1
38007,5
38008,5
38009,5
38010,1
38011,1
38012,1
38013,5
38014,5
38015,5
38016,5
38017,5
38018,5
38019,5
38020,5
38021,5
38022,1
38023,1
38024,1
38025,1
38026,5
38027,5
38028,5
38029,5
38030,1
38031,5
38032,5
38033,5
38034,1
38035,1
38036,5
38037,5
38038,1
38039,5
38040,1
38041,1
38042,5
38043,5
38044,1
38045,5
38046,1
38047,5
38048,1
38049,1
38050,5
38051,5
38052,5
38053,1
38054,1
38055,1
38056,5
38057,1
38058,1
38059,5
38060,5
38061,5
38062,5
38063,5
38064,5
38065,1
38066,5
38067,5
38068,1
38069,5
38070,5
38071,5
38072,5
38073,5
38074,5
38075,1
38076,1
38077,1
38078,5
38079,1
38080,5
38081,1
38082,5
38083,1
38084,5
38085,5
38086,5
38087,5
38088,1
38089,5
38090,5
38091,5
38092,1
38093,1
38094,5
38095,5
38096,5
38097,5
38098,1
38099,5
38100,1
38101,5
38102,5
38103,5
38104,1
38105,5
38106,5
38107,1
38108,5
38109,1
38110,5
38111,1
38112,1
38113,5
38114,5
38115,5
38116,5
38117,1
38118,1
38119,5
38120,5
38121,5
38122,1
38123,5
38124,5
38125,5
38126,1
38127,1
38128,5
38129,1
38130,1
38131,5
38132,5
38133,1
38134,5
38135,1
38136,1
38137,1
38138,5
38139,5
38140,1
38141,5
38142,5
38143,1
38144,1
38145,1
38146,1
38147,1
38148,1
38149,1
38150,1
38151,1
38152,5
38153,5
38154,1
38155,5
38156,1
38157,5
38158,1
38159,1
38160,5
38161,1
38162,5
38163,5
38164,1
38165,1
38166,1
38167,1
38168,1
38169,1
38170,5
38171,5
38172,1
38173,1
38174,1
38175,5
38176,5
38177,1
38178,5
38179,1
38180,1
38181,1
38182,1
38183,1
38184,5
38185,1
38186,5
38187,5
38188,5
38189,1
38190,1
38191,5
38192,5
38193,1
38194,1
38195,1
38196,1
38197,1
38198,5
38199,1
38200,1
38201,1
38202,5
38203,5
38204,5
38205,5
38206,5
38207,5
38208,5
38209,1
38210,1
38211,5
38212,5
38213,5
38214,5
38215,1
38216,5
38217,1
38218,5
38219,1
38220,5
38221,5
38222,1
38223,1
38224,1
38225,5
38226,1
38227,1
38228,1
38229,1
38230,1
38231,1
38232,1
38233,1
38234,1
38235,1
38236,1
38237,5
38238,1
38239,1
38240,1
38241,1
38242,1
38243,1
38244,1
38245,5
38246,1
38247,1
38248,1
38249,5
38250,5
38251,5
38252,1
38253,5
38254,5
38255,5
38256,5
38257,5
38258,5
38259,5
38260,1
38261,5
38262,5
38263,1
38264,5
38265,5
38266,1
38267,1
38268,5
38269,1
38270,5
38271,1
38272,5
38273,1
38274,5
38275,1
38276,1
38277,1
38278,5
38279,1
38280,5
38281,5
38282,1
38283,5
38284,1
38285,1
38286,5
38287,5
38288,1
38289,5
38290,5
38291,5
38292,5
38293,5
38294,1
38295,5
38296,1
38297,5
38298,1
38299,1
38300,1
38301,5
38302,5
38303,1
38304,5
38305,5
38306,5
38307,5
38308,5
38309,1
38310,5
38311,5
38312,1
38313,1
38314,5
38315,5
38316,1
38317,5
38318,1
38319,1
38320,5
38321,5
38322,5
38323,5
38324,5
38325,5
38326,1
38327,1
38328,1
38329,1
38330,5
38331,1
38332,1
38333,1
38334,1
38335,1
38336,1
38337,1
38338,1
38339,1
38340,1
38341,5
38342,1
38343,5
38344,1
38345,1
38346,1
38347,1
38348,1
38349,1
38350,1
38351,1
38352,1
38353,1
38354,5
38355,5
38356,5
38357,1
38358,5
38359,1
38360,1
38361,1
38362,1
38363,1
38364,5
38365,1
38366,1
38367,1
38368,1
38369,1
38370,1
38371,1
38372,1
38373,1
38374,1
38375,1
38376,1
38377,1
38378,1
38379,1
38380,1
38381,1
38382,5
38383,5
38384,1
38385,1
38386,5
38387,1
38388,5
38389,5
38390,5
38391,5
38392,5
38393,1
38394,5
38395,1
38396,1
38397,1
38398,5
38399,5
38400,5
38401,1
38402,1
38403,5
38404,5
38405,5
38406,5
38407,1
38408,5
38409,1
38410,1
38411,1
38412,1
38413,1
38414,5
38415,5
38416,1
38417,1
38418,1
38419,5
38420,5
38421,1
38422,5
38423,5
38424,5
38425,5
38426,1
38427,5
38428,1
38429,5
38430,1
38431,1
38432,1
38433,5
38434,5
38435,5
38436,1
38437,1
38438,5
38439,5
38440,1
38441,1
38442,1
38443,5
38444,1
38445,1
38446,5
38447,1
38448,1
38449,1
38450,5
38451,1
38452,5
38453,5
38454,1
38455,1
38456,1
38457,1
38458,5
38459,1
38460,1
38461,1
38462,1
38463,5
38464,1
38465,1
38466,5
38467,5
38468,1
38469,1
38470,1
38471,1
38472,1
38473,5
38474,1
38475,5
38476,5
38477,5
38478,5
38479,1
38480,5
38481,5
38482,5
38483,5
38484,5
38485,5
38486,5
38487,5
38488,5
38489,1
38490,5
38491,5
38492,1
38493,1
38494,1
38495,1
38496,5
38497,1
38498,1
38499,5
38500,5
38501,1
38502,1
38503,1
38504,5
38505,5
38506,5
38507,5
38508,1
38509,1
38510,1
38511,1
38512,5
38513,5
38514,5
38515,5
38516,1
38517,5
38518,5
38519,5
38520,5
38521,5
38522,1
38523,1
38524,1
38525,5
38526,5
38527,5
38528,5
38529,5
38530,1
38531,1
38532,5
38533,5
38534,1
38535,5
38536,1
38537,1
38538,5
38539,1
38540,5
38541,5
38542,5
38543,1
38544,5
38545,5
38546,5
38547,1
38548,1
38549,5
38550,1
38551,5
38552,1
38553,5
38554,5
38555,1
38556,1
38557,1
38558,5
38559,5
38560,1
38561,5
38562,1
38563,1
38564,1
38565,1
38566,5
38567,5
38568,5
38569,1
38570,1
38571,1
38572,1
38573,1
38574,1
38575,1
38576,5
38577,5
38578,1
38579,1
38580,1
38581,1
38582,5
38583,1
38584,5
38585,5
38586,1
38587,1
38588,5
38589,1
38590,5
38591,1
38592,1
38593,1
38594,5
38595,5
38596,5
38597,5
38598,5
38599,1
38600,1
38601,1
38602,1
38603,5
38604,5
38605,5
38606,5
38607,5
38608,1
38609,1
38610,1
38611,1
38612,5
38613,1
38614,1
38615,5
38616,5
38617,5
38618,1
38619,5
38620,1
38621,1
38622,5
38623,1
38624,1
38625,1
38626,1
38627,1
38628,1
38629,1
38630,5
38631,5
38632,5
38633,1
38634,1
38635,5
38636,1
38637,5
38638,5
38639,1
38640,5
38641,5
38642,1
38643,1
38644,5
38645,5
38646,1
38647,1
38648,5
38649,1
38650,1
38651,1
38652,1
38653,1
38654,1
38655,1
38656,5
38657,5
38658,5
38659,5
38660,1
38661,5
38662,5
38663,5
38664,1
38665,5
38666,5
38667,5
38668,5
38669,5
38670,1
38671,5
38672,5
38673,1
38674,5
38675,5
38676,1
38677,5
38678,5
38679,5
38680,5
38681,1
38682,5
38683,5
38684,1
38685,1
38686,5
38687,1
38688,1
38689,5
38690,1
38691,1
38692,1
38693,5
38694,1
38695,5
38696,1
38697,5
38698,5
38699,5
38700,5
38701,5
38702,5
38703,5
38704,1
38705,1
38706,1
38707,1
38708,1
38709,5
38710,5
38711,5
38712,1
38713,5
38714,5
38715,1
38716,5
38717,5
38718,5
38719,1
38720,5
38721,1
38722,1
38723,5
38724,5
38725,5
38726,1
38727,1
38728,5
38729,1
38730,5
38731,1
38732,5
38733,5
38734,1
38735,1
38736,1
38737,5
38738,5
38739,1
38740,1
38741,1
38742,1
38743,1
38744,5
38745,5
38746,5
38747,5
38748,5
38749,5
38750,1
38751,1
38752,1
38753,5
38754,1
38755,5
38756,5
38757,5
38758,5
38759,5
38760,1
38761,5
38762,5
38763,1
38764,1
38765,1
38766,5
38767,5
38768,5
38769,5
38770,5
38771,5
38772,1
38773,5
38774,1
38775,5
38776,1
38777,5
38778,5
38779,1
38780,1
38781,5
38782,1
38783,5
38784,1
38785,1
38786,1
38787,1
38788,1
38789,5
38790,1
38791,1
38792,5
38793,1
38794,1
38795,1
38796,1
38797,5
38798,5
38799,5
38800,5
38801,1
38802,1
38803,1
38804,1
38805,1
38806,1
38807,1
38808,5
38809,5
38810,5
38811,1
38812,1
38813,5
38814,1
38815,5
38816,5
38817,5
38818,1
38819,1
38820,1
38821,5
38822,1
38823,5
38824,1
38825,1
38826,1
38827,5
38828,5
38829,1
38830,5
38831,1
38832,5
38833,1
38834,1
38835,5
38836,1
38837,5
38838,5
38839,1
38840,1
38841,5
38842,1
38843,1
38844,1
38845,5
38846,5
38847,5
38848,1
38849,5
38850,1
38851,5
38852,5
38853,1
38854,5
38855,5
38856,5
38857,5
38858,1
38859,5
38860,5
38861,5
38862,5
38863,1
38864,1
38865,5
38866,1
38867,1
38868,1
38869,5
38870,5
38871,1
38872,1
38873,5
38874,1
38875,5
38876,1
38877,5
38878,1
38879,5
38880,5
38881,5
38882,5
38883,5
38884,1
38885,1
38886,1
38887,5
38888,1
38889,5
38890,1
38891,5
38892,1
38893,1
38894,1
38895,1
38896,1
38897,1
38898,1
38899,5
38900,5
38901,5
38902,5
38903,1
38904,5
38905,5
38906,5
38907,1
38908,5
38909,5
38910,5
38911,1
38912,5
38913,1
38914,5
38915,5
38916,5
38917,1
38918,1
38919,5
38920,1
38921,5
38922,5
38923,1
38924,1
38925,1
38926,5
38927,5
38928,5
38929,1
38930,5
38931,1
38932,1
38933,1
38934,5
38935,1
38936,1
38937,1
38938,5
38939,5
38940,5
38941,1
38942,5
38943,5
38944,1
38945,5
38946,5
38947,1
38948,1
38949,1
38950,1
38951,1
38952,5
38953,1
38954,5
38955,5
38956,5
38957,5
38958,5
38959,1
38960,5
38961,5
38962,5
38963,5
38964,5
38965,5
38966,5
38967,5
38968,5
38969,5
38970,1
38971,5
38972,5
38973,5
38974,1
38975,1
38976,1
38977,1
38978,5
38979,1
38980,1
38981,1
38982,1
38983,1
38984,1
38985,1
38986,5
38987,1
38988,1
38989,5
38990,1
38991,1
38992,1
38993,1
38994,1
38995,1
38996,1
38997,1
38998,1
38999,1
39000,5
39001,1
39002,5
39003,5
39004,1
39005,5
39006,1
39007,5
39008,5
39009,1
39010,5
39011,1
39012,1
39013,5
39014,1
39015,1
39016,5
39017,5
39018,5
39019,1
39020,1
39021,1
39022,1
39023,5
39024,1
39025,5
39026,5
39027,5
39028,1
39029,1
39030,5
39031,5
39032,5
39033,5
39034,5
39035,5
39036,5
39037,1
39038,5
39039,5
39040,1
39041,5
39042,5
39043,5
39044,1
39045,1
39046,5
39047,5
39048,5
39049,1
39050,1
39051,1
39052,5
39053,1
39054,1
39055,1
39056,1
39057,1
39058,5
39059,1
39060,1
39061,1
39062,1
39063,1
39064,5
39065,5
39066,1
39067,1
39068,1
39069,1
39070,1
39071,1
39072,1
39073,1
39074,1
39075,1
39076,1
39077,5
39078,1
39079,5
39080,1
39081,5
39082,1
39083,1
39084,1
39085,1
39086,5
39087,1
39088,1
39089,1
39090,5
39091,5
39092,5
39093,5
39094,5
39095,5
39096,1
39097,5
39098,1
39099,1
39100,1
39101,5
39102,5
39103,1
39104,1
39105,5
39106,5
39107,1
39108,5
39109,1
39110,1
39111,1
39112,5
39113,1
39114,1
39115,1
39116,1
39117,5
39118,1
39119,5
39120,5
39121,5
39122,5
39123,5
39124,5
39125,5
39126,5
39127,1
39128,1
39129,1
39130,5
39131,5
39132,5
39133,5
39134,1
39135,1
39136,1
39137,1
39138,1
39139,1
39140,1
39141,5
39142,1
39143,5
39144,5
39145,5
39146,5
39147,5
39148,1
39149,1
39150,1
39151,5
39152,5
39153,1
39154,1
39155,5
39156,5
39157,5
39158,1
39159,5
39160,5
39161,1
39162,5
39163,1
39164,5
39165,1
39166,5
39167,1
39168,5
39169,1
39170,5
39171,1
39172,5
39173,1
39174,1
39175,1
39176,1
39177,1
39178,5
39179,1
39180,1
39181,5
39182,1
39183,1
39184,1
39185,1
39186,1
39187,5
39188,1
39189,5
39190,5
39191,5
39192,1
39193,5
39194,1
39195,5
39196,5
39197,1
39198,5
39199,1
39200,5
39201,5
39202,5
39203,5
39204,5
39205,5
39206,1
39207,5
39208,1
39209,1
39210,5
39211,5
39212,5
39213,1
39214,5
39215,5
39216,1
39217,5
39218,5
39219,5
39220,1
39221,1
39222,5
39223,1
39224,1
39225,5
39226,5
39227,1
39228,5
39229,5
39230,5
39231,1
39232,5
39233,5
39234,1
39235,1
39236,5
39237,5
39238,1
39239,5
39240,5
39241,5
39242,5
39243,5
39244,1
39245,5
39246,1
39247,1
39248,5
39249,5
39250,5
39251,5
39252,5
39253,1
39254,5
39255,5
39256,1
39257,1
39258,1
39259,1
39260,1
39261,5
39262,1
39263,1
39264,1
39265,1
39266,5
39267,5
39268,5
39269,5
39270,5
39271,1
39272,1
39273,5
39274,5
39275,1
39276,1
39277,1
39278,1
39279,5
39280,1
39281,5
39282,5
39283,1
39284,1
39285,1
39286,1
39287,1
39288,1
39289,5
39290,1
39291,5
39292,1
39293,5
39294,5
39295,5
39296,5
39297,5
39298,5
39299,5
39300,5
39301,1
39302,5
39303,1
39304,1
39305,5
39306,5
39307,5
39308,5
39309,5
39310,1
39311,5
39312,1
39313,1
39314,5
39315,5
39316,1
39317,5
39318,1
39319,1
39320,1
39321,5
39322,1
39323,1
39324,5
39325,1
39326,1
39327,1
39328,1
39329,5
39330,1
39331,1
39332,1
39333,1
39334,1
39335,5
39336,1
39337,1
39338,5
39339,1
39340,5
39341,1
39342,5
39343,5
39344,5
39345,5
39346,5
39347,1
39348,5
39349,5
39350,5
39351,1
39352,5
39353,5
39354,1
39355,1
39356,1
39357,5
39358,1
39359,1
39360,1
39361,1
39362,1
39363,1
39364,1
39365,5
39366,5
39367,1
39368,5
39369,5
39370,5
39371,1
39372,5
39373,5
39374,1
39375,1
39376,5
39377,5
39378,5
39379,5
39380,5
39381,5
39382,5
39383,1
39384,1
39385,5
39386,5
39387,5
39388,5
39389,5
39390,5
39391,5
39392,5
39393,1
39394,1
39395,1
39396,5
39397,5
39398,5
39399,5
39400,1
39401,5
39402,5
39403,5
39404,5
39405,5
39406,5
39407,5
39408,1
39409,5
39410,5
39411,1
39412,5
39413,1
39414,5
39415,1
39416,1
39417,1
39418,1
39419,1
39420,1
39421,5
39422,1
39423,5
39424,1
39425,1
39426,5
39427,5
39428,5
39429,5
39430,1
39431,5
39432,1
39433,5
39434,5
39435,5
39436,5
39437,5
39438,5
39439,1
39440,1
39441,1
39442,1
39443,5
39444,5
39445,5
39446,1
39447,1
39448,5
39449,5
39450,5
39451,1
39452,1
39453,1
39454,5
39455,5
39456,5
39457,5
39458,5
39459,5
39460,5
39461,5
39462,5
39463,1
39464,1
39465,5
39466,5
39467,5
39468,1
39469,5
39470,1
39471,1
39472,5
39473,1
39474,1
39475,5
39476,1
39477,5
39478,5
39479,1
39480,1
39481,1
39482,1
39483,1
39484,1
39485,1
39486,5
39487,1
39488,5
39489,5
39490,5
39491,5
39492,1
39493,1
39494,1
39495,1
39496,1
39497,5
39498,1
39499,5
39500,5
39501,5
39502,5
39503,1
39504,5
39505,1
39506,5
39507,5
39508,5
39509,5
39510,5
39511,5
39512,5
39513,1
39514,1
39515,5
39516,5
39517,1
39518,5
39519,1
39520,5
39521,1
39522,5
39523,5
39524,5
39525,5
39526,1
39527,5
39528,1
39529,5
39530,5
39531,5
39532,5
39533,5
39534,5
39535,1
39536,1
39537,1
39538,5
39539,1
39540,5
39541,5
39542,5
39543,5
39544,5
39545,5
39546,5
39547,1
39548,1
39549,5
39550,1
39551,5
39552,1
39553,1
39554,1
39555,5
39556,5
39557,5
39558,1
39559,1
39560,5
39561,5
39562,5
39563,5
39564,5
39565,1
39566,1
39567,1
39568,5
39569,5
39570,5
39571,1
39572,1
39573,1
39574,1
39575,1
39576,1
39577,1
39578,1
39579,1
39580,1
39581,1
39582,1
39583,1
39584,5
39585,1
39586,1
39587,5
39588,1
39589,5
39590,5
39591,5
39592,5
39593,1
39594,1
39595,1
39596,5
39597,5
39598,5
39599,5
39600,1
39601,5
39602,1
39603,1
39604,1
39605,5
39606,1
39607,1
39608,5
39609,1
39610,5
39611,1
39612,1
39613,5
39614,1
39615,5
39616,1
39617,1
39618,1
39619,5
39620,5
39621,1
39622,5
39623,1
39624,5
39625,5
39626,1
39627,1
39628,1
39629,5
39630,1
39631,1
39632,1
39633,5
39634,1
39635,1
39636,1
39637,1
39638,5
39639,1
39640,1
39641,5
39642,5
39643,5
39644,5
39645,1
39646,5
39647,1
39648,5
39649,5
39650,5
39651,5
39652,5
39653,1
39654,5
39655,5
39656,5
39657,5
39658,5
39659,5
39660,1
39661,5
39662,5
39663,5
39664,5
39665,1
39666,1
39667,1
39668,1
39669,5
39670,1
39671,5
39672,5
39673,1
39674,5
39675,5
39676,1
39677,5
39678,5
39679,5
39680,1
39681,1
39682,1
39683,1
39684,1
39685,1
39686,5
39687,1
39688,5
39689,5
39690,1
39691,1
39692,5
39693,1
39694,5
39695,1
39696,5
39697,5
39698,1
39699,5
39700,1
39701,5
39702,1
39703,1
39704,1
39705,1
39706,5
39707,1
39708,1
39709,5
39710,5
39711,1
39712,1
39713,1
39714,1
39715,5
39716,5
39717,5
39718,5
39719,1
39720,5
39721,1
39722,1
39723,1
39724,1
39725,5
39726,5
39727,5
39728,5
39729,5
39730,1
39731,1
39732,5
39733,1
39734,1
39735,5
39736,1
39737,5
39738,5
39739,1
39740,1
39741,5
39742,1
39743,1
39744,5
39745,5
39746,1
39747,5
39748,5
39749,1
39750,1
39751,1
39752,1
39753,5
39754,1
39755,1
39756,1
39757,5
39758,1
39759,1
39760,1
39761,1
39762,1
39763,1
39764,5
39765,5
39766,1
39767,1
39768,1
39769,5
39770,5
39771,1
39772,1
39773,1
39774,1
39775,1
39776,5
39777,5
39778,5
39779,1
39780,5
39781,5
39782,5
39783,5
39784,1
39785,1
39786,1
39787,5
39788,5
39789,1
39790,1
39791,5
39792,5
39793,1
39794,5
39795,5
39796,1
39797,5
39798,1
39799,1
39800,1
39801,1
39802,5
39803,5
39804,5
39805,5
39806,1
39807,5
39808,1
39809,1
39810,1
39811,5
39812,1
39813,5
39814,5
39815,1
39816,1
39817,5
39818,1
39819,5
39820,5
39821,5
39822,1
39823,1
39824,5
39825,5
39826,5
39827,1
39828,5
39829,1
39830,1
39831,1
39832,1
39833,1
39834,5
39835,1
39836,5
39837,5
39838,1
39839,5
39840,5
39841,1
39842,5
39843,1
39844,5
39845,1
39846,1
39847,5
39848,1
39849,1
39850,5
39851,1
39852,1
39853,1
39854,1
39855,1
39856,1
39857,5
39858,1
39859,1
39860,1
39861,5
39862,1
39863,1
39864,1
39865,1
39866,1
39867,1
39868,1
39869,1
39870,1
39871,5
39872,1
39873,1
39874,5
39875,5
39876,5
39877,1
39878,1
39879,1
39880,5
39881,1
39882,1
39883,1
39884,5
39885,1
39886,5
39887,5
39888,5
39889,1
39890,5
39891,5
39892,5
39893,1
39894,5
39895,5
39896,5
39897,5
39898,1
39899,5
39900,1
39901,5
39902,5
39903,5
39904,5
39905,5
39906,5
39907,1
39908,1
39909,1
39910,1
39911,5
39912,1
39913,1
39914,1
39915,1
39916,1
39917,5
39918,1
39919,1
39920,5
39921,1
39922,5
39923,5
39924,5
39925,5
39926,5
39927,5
39928,1
39929,1
39930,5
39931,5
39932,1
39933,5
39934,5
39935,5
39936,1
39937,1
39938,5
39939,5
39940,5
39941,5
39942,5
39943,5
39944,1
39945,5
39946,5
39947,5
39948,1
39949,5
39950,5
39951,5
39952,5
39953,1
39954,1
39955,5
39956,5
39957,5
39958,1
39959,1
39960,5
39961,1
39962,5
39963,1
39964,1
39965,1
39966,5
39967,5
39968,5
39969,5
39970,1
39971,5
39972,5
39973,1
39974,5
39975,1
39976,5
39977,5
39978,5
39979,1
39980,5
39981,1
39982,1
39983,1
39984,5
39985,5
39986,1
39987,5
39988,5
39989,5
39990,5
39991,1
39992,5
39993,1
39994,1
39995,5
39996,1
39997,5
39998,1
39999,1
40000,1
40001,1
40002,5
40003,5
40004,5
40005,5
40006,1
40007,5
40008,5
40009,1
40010,5
40011,1
40012,1
40013,5
40014,5
40015,5
40016,1
40017,5
40018,5
40019,1
40020,5
40021,5
40022,1
40023,1
40024,1
40025,5
40026,1
40027,1
40028,5
40029,1
40030,1
40031,1
40032,5
40033,5
40034,5
40035,1
40036,5
40037,5
40038,5
40039,5
40040,5
40041,5
40042,5
40043,5
40044,5
40045,5
40046,5
40047,5
40048,5
40049,5
40050,1
40051,1
40052,1
40053,1
40054,5
40055,1
40056,1
40057,1
40058,1
40059,1
40060,1
40061,1
40062,5
40063,5
40064,5
40065,1
40066,1
40067,1
40068,1
40069,1
40070,1
40071,5
40072,1
40073,5
40074,1
40075,1
40076,5
40077,1
40078,1
40079,5
40080,5
40081,5
40082,1
40083,5
40084,1
40085,1
40086,1
40087,5
40088,1
40089,1
40090,5
40091,5
40092,5
40093,1
40094,5
40095,5
40096,1
40097,1
40098,5
40099,1
40100,1
40101,5
40102,5
40103,1
40104,1
40105,1
40106,1
40107,1
40108,1
40109,1
40110,1
40111,1
40112,1
40113,1
40114,1
40115,5
40116,5
40117,1
40118,1
40119,5
40120,5
40121,5
40122,5
40123,5
40124,5
40125,1
40126,1
40127,1
40128,1
40129,5
40130,5
40131,5
40132,1
40133,1
40134,1
40135,1
40136,1
40137,1
40138,1
40139,5
40140,1
40141,5
40142,1
40143,1
40144,1
40145,5
40146,1
40147,1
40148,1
40149,1
40150,1
40151,5
40152,5
40153,5
40154,1
40155,5
40156,5
40157,1
40158,1
40159,5
40160,5
40161,5
40162,1
40163,1
40164,1
40165,1
40166,1
40167,5
40168,5
40169,1
40170,5
40171,1
40172,5
40173,5
40174,5
40175,1
40176,1
40177,1
40178,1
40179,1
40180,5
40181,5
40182,1
40183,1
40184,5
40185,5
40186,5
40187,5
40188,1
40189,5
40190,5
40191,5
40192,5
40193,5
40194,5
40195,5
40196,5
40197,5
40198,5
40199,1
40200,5
40201,1
40202,1
40203,1
40204,5
40205,5
40206,1
40207,1
40208,1
40209,1
40210,1
40211,1
40212,1
40213,5
40214,1
40215,1
40216,5
40217,1
40218,5
40219,5
40220,5
40221,5
40222,5
40223,5
40224,5
40225,1
40226,1
40227,1
40228,1
40229,5
40230,5
40231,5
40232,5
40233,5
40234,1
40235,5
40236,5
40237,5
40238,1
40239,1
40240,5
40241,5
40242,1
40243,1
40244,5
40245,5
40246,5
40247,1
40248,1
40249,1
40250,1
40251,5
40252,5
40253,1
40254,5
40255,1
40256,1
40257,5
40258,1
40259,1
40260,5
40261,5
40262,5
40263,5
40264,5
40265,5
40266,1
40267,1
40268,1
40269,1
40270,1
40271,5
40272,5
40273,1
40274,1
40275,1
40276,1
40277,5
40278,5
40279,1
40280,1
40281,1
40282,1
40283,5
40284,1
40285,5
40286,5
40287,1
40288,5
40289,5
40290,5
40291,1
40292,1
40293,1
40294,5
40295,5
40296,1
40297,5
40298,5
40299,5
40300,1
40301,5
40302,1
40303,1
40304,5
40305,1
40306,1
40307,5
40308,5
40309,1
40310,1
40311,1
40312,1
40313,1
40314,1
40315,1
40316,1
40317,5
40318,1
40319,5
40320,1
40321,5
40322,5
40323,5
40324,1
40325,5
40326,1
40327,5
40328,1
40329,5
40330,5
40331,1
40332,5
40333,5
40334,5
40335,5
40336,1
40337,5
40338,5
40339,5
40340,5
40341,5
40342,5
40343,5
40344,5
40345,1
40346,5
40347,5
40348,5
40349,1
40350,1
40351,5
40352,5
40353,5
40354,5
40355,1
40356,5
40357,5
40358,5
40359,5
40360,1
40361,1
40362,1
40363,5
40364,1
40365,5
40366,1
40367,1
40368,1
40369,5
40370,1
40371,1
40372,1
40373,5
40374,5
40375,1
40376,1
40377,5
40378,1
40379,5
40380,5
40381,5
40382,1
40383,1
40384,1
40385,5
40386,5
40387,5
40388,1
40389,5
40390,1
40391,1
40392,1
40393,5
40394,1
40395,5
40396,1
40397,5
40398,1
40399,1
40400,1
40401,1
40402,1
40403,5
40404,5
40405,1
40406,5
40407,1
40408,1
40409,5
40410,1
40411,5
40412,5
40413,5
40414,1
40415,1
40416,1
40417,5
40418,5
40419,5
40420,1
40421,5
40422,5
40423,5
40424,5
40425,5
40426,5
40427,5
40428,5
40429,5
40430,5
40431,1
40432,1
40433,5
40434,5
40435,1
40436,5
40437,5
40438,1
40439,5
40440,1
40441,5
40442,1
40443,1
40444,1
40445,1
40446,1
40447,1
40448,1
40449,1
40450,1
40451,5
40452,1
40453,5
40454,5
40455,5
40456,5
40457,1
40458,5
40459,1
40460,5
40461,5
40462,1
40463,1
40464,5
40465,1
40466,5
40467,1
40468,5
40469,1
40470,5
40471,5
40472,5
40473,5
40474,5
40475,1
40476,5
40477,1
40478,5
40479,5
40480,1
40481,5
40482,1
40483,1
40484,5
40485,5
40486,1
40487,5
40488,1
40489,5
40490,1
40491,1
40492,1
40493,1
40494,5
40495,5
40496,5
40497,1
40498,5
40499,1
40500,5
40501,5
40502,1
40503,5
40504,1
40505,5
40506,5
40507,1
40508,5
40509,1
40510,1
40511,5
40512,5
40513,1
40514,5
40515,5
40516,5
40517,5
40518,5
40519,5
40520,5
40521,5
40522,1
40523,5
40524,5
40525,5
40526,5
40527,5
40528,5
40529,5
40530,5
40531,5
40532,5
40533,5
40534,5
40535,5
40536,5
40537,5
40538,5
40539,5
40540,5
40541,5
40542,5
40543,5
40544,5
40545,5
40546,5
40547,5
40548,5
40549,5
40550,5
40551,5
40552,5
40553,5
40554,5
40555,5
40556,5
40557,5
40558,1
40559,5
40560,5
40561,1
40562,1
40563,5
40564,5
40565,1
40566,1
40567,5
40568,1
40569,1
40570,5
40571,1
40572,1
40573,1
40574,5
40575,1
40576,1
40577,1
40578,1
40579,1
40580,1
40581,1
40582,1
40583,1
40584,1
40585,1
40586,1
40587,5
40588,1
40589,1
40590,1
40591,1
40592,1
40593,1
40594,1
40595,1
40596,1
40597,1
40598,5
40599,1
40600,5
40601,1
40602,1
40603,5
40604,1
40605,1
40606,1
40607,1
40608,1
40609,1
40610,1
40611,1
40612,5
40613,1
40614,1
40615,1
40616,1
40617,1
40618,5
40619,1
40620,1
40621,1
40622,1
40623,1
40624,1
40625,5
40626,5
40627,5
40628,1
40629,5
40630,1
40631,1
40632,1
40633,1
40634,1
40635,5
40636,1
40637,1
40638,1
40639,1
40640,1
40641,1
40642,1
40643,1
40644,1
40645,1
40646,1
40647,1
40648,1
40649,1
40650,5
40651,1
40652,5
40653,1
40654,1
40655,1
40656,1
40657,5
40658,1
40659,1
40660,1
40661,1
40662,1
40663,1
40664,5
40665,1
40666,1
40667,1
40668,1
40669,1
40670,1
40671,5
40672,1
40673,1
40674,1
40675,1
40676,1
40677,5
40678,1
40679,1
40680,1
40681,1
40682,1
40683,1
40684,1
40685,5
40686,1
40687,5
40688,1
40689,1
40690,5
40691,1
40692,5
40693,5
40694,5
40695,5
40696,5
40697,5
40698,5
40699,5
40700,5
40701,1
40702,1
40703,1
40704,1
40705,5
40706,1
40707,1
40708,5
40709,5
40710,5
40711,5
40712,5
40713,5
40714,5
40715,5
40716,5
40717,1
40718,1
40719,1
40720,5
40721,5
40722,5
40723,5
40724,5
40725,5
40726,5
40727,5
40728,5
40729,1
40730,5
40731,5
40732,1
40733,5
40734,5
40735,5
40736,5
40737,1
40738,5
40739,1
40740,5
40741,1
40742,1
40743,5
40744,1
40745,1
40746,1
40747,5
40748,5
40749,1
40750,5
40751,1
40752,5
40753,5
40754,1
40755,5
40756,5
40757,5
40758,1
40759,5
40760,5
40761,1
40762,5
40763,5
40764,1
40765,1
40766,1
40767,5
40768,5
40769,5
40770,5
40771,5
40772,1
40773,1
40774,1
40775,5
40776,5
40777,1
40778,1
40779,5
40780,5
40781,1
40782,5
40783,5
40784,1
40785,5
40786,1
40787,5
40788,5
40789,1
40790,1
40791,1
40792,1
40793,1
40794,1
40795,5
40796,1
40797,5
40798,5
40799,1
40800,1
40801,5
40802,1
40803,1
40804,1
40805,1
40806,1
40807,5
40808,1
40809,1
40810,1
40811,1
40812,1
40813,1
40814,5
40815,1
40816,5
40817,1
40818,1
40819,5
40820,5
40821,5
40822,1
40823,5
40824,1
40825,1
40826,1
40827,1
40828,1
40829,1
40830,5
40831,5
40832,5
40833,5
40834,5
40835,1
40836,5
40837,1
40838,5
40839,1
40840,1
40841,1
40842,5
40843,5
40844,5
40845,5
40846,5
40847,5
40848,1
40849,5
40850,1
40851,5
40852,5
40853,1
40854,1
40855,5
40856,1
40857,5
40858,1
40859,5
40860,5
40861,5
40862,5
40863,1
40864,1
40865,1
40866,5
40867,5
40868,1
40869,5
40870,1
40871,1
40872,5
40873,1
40874,1
40875,5
40876,5
40877,5
40878,1
40879,1
40880,5
40881,5
40882,1
40883,5
40884,1
40885,1
40886,1
40887,1
40888,1
40889,1
40890,5
40891,5
40892,5
40893,1
40894,1
40895,5
40896,5
40897,5
40898,5
40899,5
40900,5
40901,5
40902,5
40903,5
40904,5
40905,5
40906,5
40907,1
40908,1
40909,1
40910,5
40911,1
40912,1
40913,5
40914,1
40915,1
40916,1
40917,1
40918,5
40919,5
40920,1
40921,1
40922,1
40923,5
40924,5
40925,1
40926,1
40927,1
40928,5
40929,5
40930,5
40931,5
40932,1
40933,5
40934,1
40935,5
40936,5
40937,5
40938,1
40939,1
40940,1
40941,1
40942,1
40943,5
40944,1
40945,1
40946,5
40947,1
40948,1
40949,5
40950,5
40951,1
40952,1
40953,1
40954,5
40955,5
40956,5
40957,1
40958,5
40959,5
40960,5
40961,5
40962,5
40963,1
40964,5
40965,5
40966,5
40967,5
40968,1
40969,1
40970,1
40971,1
40972,1
40973,1
40974,5
40975,1
40976,5
40977,5
40978,5
40979,5
40980,5
40981,5
40982,5
40983,5
40984,5
40985,5
40986,5
40987,5
40988,1
40989,5
40990,5
40991,5
40992,5
40993,1
40994,1
40995,1
40996,1
40997,5
40998,5
40999,5
41000,5
41001,1
41002,1
41003,1
41004,1
41005,5
41006,1
41007,5
41008,5
41009,5
41010,1
41011,5
41012,5
41013,1
41014,1
41015,5
41016,5
41017,1
41018,1
41019,1
41020,1
41021,1
41022,5
41023,5
41024,1
41025,1
41026,5
41027,1
41028,1
41029,5
41030,1
41031,5
41032,1
41033,5
41034,5
41035,1
41036,5
41037,5
41038,1
41039,1
41040,1
41041,5
41042,5
41043,1
41044,5
41045,1
41046,5
41047,5
41048,1
41049,1
41050,5
41051,1
41052,1
41053,1
41054,5
41055,1
41056,1
41057,5
41058,1
41059,1
41060,1
41061,1
41062,5
41063,5
41064,5
41065,5
41066,5
41067,1
41068,5
41069,5
41070,5
41071,1
41072,1
41073,5
41074,1
41075,1
41076,1
41077,1
41078,1
41079,5
41080,1
41081,1
41082,1
41083,5
41084,5
41085,5
41086,5
41087,1
41088,5
41089,1
41090,1
41091,5
41092,5
41093,5
41094,5
41095,1
41096,5
41097,5
41098,5
41099,1
41100,5
41101,5
41102,1
41103,5
41104,1
41105,1
41106,5
41107,5
41108,1
41109,1
41110,5
41111,5
41112,1
41113,5
41114,5
41115,5
41116,1
41117,5
41118,1
41119,5
41120,1
41121,1
41122,1
41123,1
41124,5
41125,5
41126,5
41127,5
41128,5
41129,5
41130,5
41131,5
41132,5
41133,1
41134,1
41135,5
41136,1
41137,1
41138,1
41139,5
41140,5
41141,1
41142,5
41143,1
41144,1
41145,5
41146,5
41147,1
41148,5
41149,5
41150,1
41151,5
41152,5
41153,1
41154,1
41155,1
41156,1
41157,5
41158,1
41159,5
41160,1
41161,1
41162,5
41163,1
41164,1
41165,1
41166,1
41167,5
41168,5
41169,1
41170,1
41171,1
41172,5
41173,1
41174,1
41175,5
41176,5
41177,1
41178,1
41179,5
41180,5
41181,1
41182,1
41183,1
41184,5
41185,5
41186,1
41187,1
41188,1
41189,5
41190,5
41191,5
41192,1
41193,1
41194,1
41195,5
41196,5
41197,1
41198,5
41199,1
41200,5
41201,1
41202,1
41203,1
41204,5
41205,5
41206,5
41207,5
41208,1
41209,1
41210,1
41211,5
41212,5
41213,5
41214,5
41215,5
41216,5
41217,5
41218,1
41219,1
41220,5
41221,1
41222,5
41223,5
41224,5
41225,5
41226,5
41227,1
41228,1
41229,1
41230,1
41231,5
41232,1
41233,5
41234,5
41235,5
41236,1
41237,5
41238,1
41239,1
41240,1
41241,5
41242,1
41243,1
41244,5
41245,5
41246,5
41247,5
41248,1
41249,1
41250,1
41251,1
41252,5
41253,5
41254,1
41255,1
41256,5
41257,5
41258,1
41259,1
41260,1
41261,1
41262,1
41263,5
41264,5
41265,1
41266,1
41267,5
41268,1
41269,5
41270,5
41271,1
41272,1
41273,5
41274,1
41275,5
41276,1
41277,1
41278,5
41279,5
41280,1
41281,5
41282,1
41283,5
41284,5
41285,5
41286,5
41287,5
41288,5
41289,1
41290,5
41291,1
41292,1
41293,5
41294,1
41295,5
41296,5
41297,1
41298,1
41299,1
41300,5
41301,1
41302,5
41303,5
41304,5
41305,5
41306,5
41307,5
41308,5
41309,1
41310,5
41311,5
41312,1
41313,5
41314,5
41315,5
41316,5
41317,1
41318,5
41319,1
41320,1
41321,1
41322,1
41323,1
41324,1
41325,1
41326,1
41327,1
41328,1
41329,5
41330,1
41331,1
41332,1
41333,1
41334,1
41335,5
41336,5
41337,1
41338,1
41339,5
41340,5
41341,5
41342,1
41343,1
41344,1
41345,1
41346,5
41347,5
41348,5
41349,5
41350,5
41351,5
41352,1
41353,1
41354,1
41355,1
41356,1
41357,5
41358,1
41359,5
41360,1
41361,5
41362,5
41363,1
41364,5
41365,5
41366,5
41367,5
41368,5
41369,1
41370,1
41371,1
41372,5
41373,1
41374,1
41375,5
41376,5
41377,5
41378,5
41379,5
41380,1
41381,1
41382,1
41383,5
41384,1
41385,5
41386,5
41387,5
41388,5
41389,5
41390,5
41391,5
41392,5
41393,5
41394,1
41395,5
41396,1
41397,1
41398,1
41399,5
41400,1
41401,5
41402,1
41403,5
41404,5
41405,5
41406,1
41407,1
41408,1
41409,1
41410,1
41411,5
41412,1
41413,5
41414,5
41415,5
41416,5
41417,5
41418,5
41419,1
41420,5
41421,1
41422,1
41423,1
41424,1
41425,1
41426,1
41427,1
41428,1
41429,1
41430,1
41431,1
41432,5
41433,5
41434,1
41435,1
41436,1
41437,1
41438,5
41439,1
41440,1
41441,1
41442,5
41443,5
41444,5
41445,5
41446,1
41447,1
41448,1
41449,5
41450,5
41451,5
41452,1
41453,1
41454,1
41455,5
41456,1
41457,5
41458,1
41459,1
41460,1
41461,1
41462,1
41463,1
41464,1
41465,1
41466,1
41467,5
41468,1
41469,1
41470,1
41471,5
41472,5
41473,5
41474,5
41475,5
41476,5
41477,5
41478,5
41479,5
41480,1
41481,1
41482,5
41483,5
41484,5
41485,5
41486,5
41487,5
41488,5
41489,5
41490,5
41491,1
41492,1
41493,5
41494,5
41495,5
41496,1
41497,1
41498,1
41499,1
41500,1
41501,5
41502,5
41503,1
41504,5
41505,5
41506,1
41507,5
41508,1
41509,1
41510,1
41511,5
41512,1
41513,5
41514,5
41515,1
41516,5
41517,1
41518,1
41519,1
41520,1
41521,5
41522,5
41523,5
41524,1
41525,5
41526,1
41527,1
41528,5
41529,5
41530,1
41531,1
41532,1
41533,5
41534,1
41535,5
41536,5
41537,1
41538,5
41539,5
41540,1
41541,1
41542,5
41543,5
41544,1
41545,5
41546,1
41547,5
41548,5
41549,1
41550,1
41551,5
41552,5
41553,1
41554,1
41555,1
41556,1
41557,5
41558,1
41559,1
41560,1
41561,5
41562,1
41563,1
41564,1
41565,5
41566,5
41567,1
41568,5
41569,5
41570,1
41571,5
41572,5
41573,1
41574,5
41575,1
41576,1
41577,1
41578,5
41579,5
41580,5
41581,5
41582,1
41583,5
41584,1
41585,1
41586,1
41587,5
41588,1
41589,1
41590,1
41591,5
41592,5
41593,1
41594,1
41595,5
41596,5
41597,5
41598,1
41599,5
41600,1
41601,5
41602,5
41603,5
41604,5
41605,1
41606,1
41607,5
41608,1
41609,1
41610,5
41611,1
41612,5
41613,1
41614,5
41615,5
41616,5
41617,5
41618,5
41619,5
41620,1
41621,5
41622,5
41623,5
41624,5
41625,5
41626,1
41627,5
41628,5
41629,1
41630,1
41631,1
41632,1
41633,5
41634,1
41635,1
41636,5
41637,5
41638,1
41639,1
41640,1
41641,5
41642,5
41643,5
41644,5
41645,1
41646,5
41647,5
41648,5
41649,5
41650,1
41651,1
41652,1
41653,5
41654,5
41655,1
41656,1
41657,1
41658,5
41659,5
41660,5
41661,5
41662,1
41663,5
41664,5
41665,1
41666,5
41667,5
41668,1
41669,1
41670,1
41671,1
41672,5
41673,1
41674,5
41675,1
41676,1
41677,1
41678,1
41679,5
41680,1
41681,1
41682,1
41683,1
41684,5
41685,1
41686,5
41687,1
41688,5
41689,1
41690,5
41691,1
41692,1
41693,1
41694,1
41695,1
41696,1
41697,1
41698,1
41699,5
41700,1
41701,1
41702,1
41703,1
41704,1
41705,5
41706,5
41707,5
41708,5
41709,5
41710,1
41711,1
41712,5
41713,5
41714,1
41715,1
41716,1
41717,5
41718,1
41719,1
41720,1
41721,5
41722,1
41723,1
41724,1
41725,5
41726,5
41727,5
41728,1
41729,1
41730,5
41731,5
41732,5
41733,5
41734,5
41735,5
41736,5
41737,5
41738,5
41739,1
41740,1
41741,5
41742,1
41743,5
41744,1
41745,1
41746,5
41747,5
41748,5
41749,5
41750,1
41751,1
41752,5
41753,5
41754,1
41755,5
41756,1
41757,5
41758,1
41759,5
41760,5
41761,5
41762,1
41763,5
41764,5
41765,1
41766,1
41767,1
41768,5
41769,5
41770,5
41771,5
41772,5
41773,5
41774,5
41775,5
41776,1
41777,5
41778,5
41779,5
41780,5
41781,5
41782,5
41783,5
41784,5
41785,1
41786,1
41787,1
41788,1
41789,1
41790,1
41791,5
41792,5
41793,5
41794,1
41795,1
41796,1
41797,5
41798,5
41799,5
41800,1
41801,1
41802,5
41803,1
41804,5
41805,5
41806,1
41807,1
41808,5
41809,1
41810,1
41811,1
41812,5
41813,1
41814,1
41815,1
41816,1
41817,1
41818,1
41819,1
41820,1
41821,1
41822,5
41823,5
41824,5
41825,5
41826,1
41827,1
41828,1
41829,1
41830,1
41831,5
41832,1
41833,5
41834,1
41835,1
41836,5
41837,5
41838,1
41839,1
41840,1
41841,5
41842,5
41843,5
41844,1
41845,5
41846,1
41847,1
41848,1
41849,1
41850,1
41851,1
41852,5
41853,5
41854,5
41855,5
41856,1
41857,1
41858,5
41859,5
41860,1
41861,5
41862,5
41863,5
41864,5
41865,5
41866,1
41867,1
41868,5
41869,1
41870,5
41871,5
41872,5
41873,5
41874,5
41875,5
41876,1
41877,5
41878,1
41879,5
41880,5
41881,5
41882,1
41883,1
41884,5
41885,1
41886,5
41887,1
41888,5
41889,5
41890,5
41891,5
41892,5
41893,5
41894,5
41895,1
41896,1
41897,5
41898,5
41899,5
41900,1
41901,5
41902,1
41903,1
41904,1
41905,1
41906,5
41907,1
41908,5
41909,1
41910,1
41911,1
41912,5
41913,1
41914,1
41915,1
41916,1
41917,5
41918,5
41919,1
41920,5
41921,5
41922,1
41923,5
41924,1
41925,1
41926,5
41927,5
41928,1
41929,1
41930,5
41931,5
41932,5
41933,1
41934,5
41935,5
41936,5
41937,1
41938,5
41939,1
41940,1
41941,5
41942,5
41943,5
41944,5
41945,5
41946,5
41947,1
41948,5
41949,5
41950,5
41951,5
41952,1
41953,5
41954,5
41955,5
41956,5
41957,5
41958,5
41959,1
41960,5
41961,5
41962,5
41963,5
41964,5
41965,1
41966,5
41967,5
41968,5
41969,1
41970,5
41971,5
41972,1
41973,5
41974,1
41975,5
41976,5
41977,1
41978,5
41979,1
41980,5
41981,1
41982,5
41983,1
41984,1
41985,5
41986,5
41987,5
41988,5
41989,5
41990,5
41991,1
41992,5
41993,5
41994,1
41995,5
41996,5
41997,5
41998,5
41999,5
42000,1
42001,5
42002,5
42003,1
42004,5
42005,1
42006,5
42007,1
42008,5
42009,1
42010,5
42011,5
42012,1
42013,5
42014,5
42015,1
42016,1
42017,5
42018,1
42019,1
42020,5
42021,5
42022,1
42023,5
42024,5
42025,5
42026,5
42027,5
42028,5
42029,1
42030,5
42031,1
42032,1
42033,1
42034,1
42035,1
42036,1
42037,5
42038,1
42039,5
42040,5
42041,1
42042,1
42043,5
42044,5
42045,1
42046,5
42047,5
42048,1
42049,1
42050,1
42051,5
42052,5
42053,5
42054,5
42055,1
42056,5
42057,1
42058,1
42059,5
42060,1
42061,5
42062,5
42063,5
42064,5
42065,1
42066,5
42067,5
42068,5
42069,1
42070,1
42071,1
42072,1
42073,5
42074,5
42075,5
42076,5
42077,1
42078,5
42079,5
42080,5
42081,5
42082,5
42083,1
42084,1
42085,1
42086,5
42087,1
42088,1
42089,5
42090,5
42091,1
42092,1
42093,1
42094,5
42095,1
42096,1
42097,1
42098,1
42099,1
42100,1
42101,1
42102,1
42103,5
42104,1
42105,1
42106,1
42107,1
42108,5
42109,5
42110,1
42111,5
42112,1
42113,1
42114,5
42115,1
42116,1
42117,5
42118,5
42119,5
42120,5
42121,1
42122,1
42123,5
42124,1
42125,1
42126,1
42127,5
42128,5
42129,5
42130,1
42131,5
42132,5
42133,5
42134,5
42135,5
42136,5
42137,1
42138,5
42139,1
42140,1
42141,5
42142,5
42143,5
42144,5
42145,5
42146,1
42147,5
42148,5
42149,1
42150,5
42151,1
42152,1
42153,1
42154,1
42155,1
42156,5
42157,5
42158,1
42159,5
42160,5
42161,5
42162,1
42163,5
42164,5
42165,5
42166,1
42167,5
42168,1
42169,1
42170,1
42171,1
42172,5
42173,5
42174,1
42175,1
42176,5
42177,1
42178,5
42179,5
42180,5
42181,5
42182,1
42183,5
42184,5
42185,1
42186,1
42187,5
42188,1
42189,1
42190,5
42191,1
42192,5
42193,1
42194,1
42195,1
42196,1
42197,1
42198,5
42199,1
42200,5
42201,5
42202,1
42203,5
42204,5
42205,5
42206,5
42207,5
42208,5
42209,5
42210,1
42211,5
42212,1
42213,1
42214,1
42215,1
42216,1
42217,5
42218,5
42219,1
42220,5
42221,5
42222,5
42223,5
42224,1
42225,1
42226,1
42227,1
42228,1
42229,1
42230,1
42231,1
42232,1
42233,5
42234,5
42235,1
42236,1
42237,1
42238,1
42239,5
42240,5
42241,1
42242,1
42243,1
42244,1
42245,1
42246,1
42247,1
42248,1
42249,5
42250,5
42251,1
42252,1
42253,1
42254,1
42255,1
42256,5
42257,1
42258,1
42259,1
42260,1
42261,1
42262,1
42263,5
42264,1
42265,1
42266,1
42267,1
42268,5
42269,1
42270,1
42271,5
42272,5
42273,1
42274,1
42275,1
42276,1
42277,1
42278,1
42279,1
42280,1
42281,1
42282,1
42283,1
42284,1
42285,1
42286,5
42287,5
42288,1
42289,1
42290,1
42291,1
42292,5
42293,5
42294,5
42295,5
42296,1
42297,1
42298,5
42299,5
42300,5
42301,5
42302,1
42303,1
42304,1
42305,1
42306,1
42307,1
42308,1
42309,5
42310,1
42311,1
42312,5
42313,1
42314,1
42315,5
42316,5
42317,5
42318,5
42319,5
42320,5
42321,5
42322,5
42323,1
42324,5
42325,5
42326,1
42327,5
42328,1
42329,1
42330,1
42331,5
42332,5
42333,1
42334,5
42335,5
42336,1
42337,1
42338,5
42339,5
42340,5
42341,5
42342,5
42343,5
42344,5
42345,5
42346,5
42347,5
42348,5
42349,5
42350,5
42351,5
42352,5
42353,5
42354,5
42355,1
42356,1
42357,1
42358,1
42359,1
42360,1
42361,1
42362,1
42363,5
42364,1
42365,5
42366,5
42367,5
42368,5
42369,5
42370,1
42371,5
42372,5
42373,5
42374,1
42375,5
42376,5
42377,1
42378,5
42379,5
42380,1
42381,5
42382,1
42383,1
42384,1
42385,5
42386,5
42387,5
42388,5
42389,5
42390,5
42391,1
42392,5
42393,1
42394,1
42395,5
42396,1
42397,1
42398,1
42399,5
42400,5
42401,1
42402,5
42403,1
42404,1
42405,5
42406,1
42407,5
42408,1
42409,1
42410,1
42411,5
42412,1
42413,1
42414,1
42415,1
42416,5
42417,1
42418,5
42419,1
42420,1
42421,5
42422,1
42423,5
42424,1
42425,1
42426,1
42427,1
42428,1
42429,1
42430,1
42431,1
42432,1
42433,1
42434,1
42435,1
42436,1
42437,1
42438,1
42439,1
42440,1
42441,5
42442,5
42443,1
42444,1
42445,5
42446,1
42447,1
42448,1
42449,1
42450,1
42451,5
42452,5
42453,5
42454,5
42455,1
42456,1
42457,1
42458,1
42459,1
42460,1
42461,1
42462,1
42463,1
42464,1
42465,1
42466,1
42467,1
42468,5
42469,5
42470,5
42471,5
42472,1
42473,1
42474,1
42475,5
42476,5
42477,5
42478,1
42479,5
42480,1
42481,5
42482,5
42483,5
42484,1
42485,5
42486,5
42487,5
42488,1
42489,5
42490,5
42491,5
42492,5
42493,1
42494,1
42495,1
42496,5
42497,5
42498,5
42499,5
42500,5
42501,5
42502,5
42503,5
42504,1
42505,1
42506,1
42507,5
42508,5
42509,5
42510,1
42511,1
42512,5
42513,1
42514,1
42515,5
42516,1
42517,1
42518,1
42519,5
42520,1
42521,1
42522,1
42523,5
42524,1
42525,1
42526,1
42527,1
42528,1
42529,1
42530,1
42531,1
42532,1
42533,1
42534,1
42535,1
42536,5
42537,1
42538,1
42539,5
42540,5
42541,5
42542,5
42543,5
42544,1
42545,5
42546,1
42547,1
42548,1
42549,1
42550,1
42551,1
42552,5
42553,1
42554,5
42555,1
42556,5
42557,1
42558,5
42559,5
42560,1
42561,5
42562,1
42563,5
42564,1
42565,5
42566,1
42567,5
42568,5
42569,1
42570,5
42571,5
42572,1
42573,1
42574,5
42575,5
42576,5
42577,5
42578,1
42579,5
42580,1
42581,1
42582,5
42583,5
42584,1
42585,5
42586,5
42587,5
42588,1
42589,5
42590,1
42591,5
42592,1
42593,1
42594,5
42595,5
42596,5
42597,1
42598,1
42599,1
42600,1
42601,5
42602,5
42603,5
42604,1
42605,1
42606,1
42607,1
42608,1
42609,1
42610,1
42611,5
42612,5
42613,5
42614,1
42615,1
42616,1
42617,5
42618,1
42619,1
42620,5
42621,5
42622,5
42623,1
42624,1
42625,1
42626,1
42627,1
42628,5
42629,5
42630,5
42631,5
42632,1
42633,5
42634,1
42635,5
42636,1
42637,1
42638,5
42639,1
42640,5
42641,5
42642,5
42643,5
42644,1
42645,5
42646,5
42647,1
42648,1
42649,5
42650,5
42651,5
42652,5
42653,5
42654,1
42655,5
42656,5
42657,5
42658,1
42659,1
42660,1
42661,1
42662,1
42663,5
42664,5
42665,5
42666,5
42667,5
42668,1
42669,5
42670,5
42671,1
42672,1
42673,1
42674,1
42675,5
42676,5
42677,5
42678,5
42679,1
42680,1
42681,1
42682,1
42683,5
42684,5
42685,5
42686,5
42687,5
42688,1
42689,1
42690,5
42691,1
42692,1
42693,1
42694,1
42695,1
42696,5
42697,1
42698,5
42699,5
42700,1
42701,5
42702,5
42703,5
42704,5
42705,5
42706,5
42707,1
42708,1
42709,1
42710,1
42711,5
42712,5
42713,1
42714,5
42715,1
42716,5
42717,5
42718,5
42719,1
42720,5
42721,1
42722,1
42723,1
42724,1
42725,5
42726,5
42727,1
42728,1
42729,1
42730,5
42731,1
42732,1
42733,1
42734,5
42735,5
42736,1
42737,5
42738,1
42739,5
42740,5
42741,1
42742,5
42743,5
42744,5
42745,1
42746,1
42747,1
42748,1
42749,1
42750,5
42751,1
42752,1
42753,1
42754,5
42755,5
42756,5
42757,1
42758,5
42759,1
42760,5
42761,5
42762,5
42763,5
42764,5
42765,5
42766,1
42767,5
42768,5
42769,5
42770,5
42771,1
42772,5
42773,5
42774,5
42775,1
42776,1
42777,1
42778,5
42779,1
42780,1
42781,1
42782,1
42783,1
42784,5
42785,1
42786,5
42787,1
42788,1
42789,5
42790,1
42791,5
42792,5
42793,1
42794,5
42795,5
42796,5
42797,5
42798,1
42799,5
42800,5
42801,5
42802,5
42803,1
42804,5
42805,1
42806,1
42807,5
42808,1
42809,1
42810,5
42811,1
42812,1
42813,5
42814,5
42815,1
42816,1
42817,1
42818,1
42819,1
42820,5
42821,5
42822,1
42823,1
42824,1
42825,5
42826,1
42827,5
42828,1
42829,1
42830,1
42831,1
42832,1
42833,1
42834,5
42835,1
42836,1
42837,5
42838,1
42839,5
42840,1
42841,1
42842,5
42843,5
42844,1
42845,5
42846,5
42847,1
42848,1
42849,1
42850,1
42851,5
42852,1
42853,5
42854,5
42855,5
42856,5
42857,1
42858,5
42859,5
42860,5
42861,1
42862,1
42863,1
42864,1
42865,5
42866,5
42867,5
42868,1
42869,5
42870,1
42871,1
42872,1
42873,5
42874,5
42875,5
42876,5
42877,5
42878,5
42879,5
42880,5
42881,5
42882,5
42883,1
42884,1
42885,1
42886,1
42887,5
42888,5
42889,1
42890,5
42891,1
42892,5
42893,1
42894,1
42895,5
42896,5
42897,5
42898,5
42899,1
42900,5
42901,5
42902,5
42903,1
42904,1
42905,5
42906,5
42907,1
42908,1
42909,5
42910,1
42911,5
42912,1
42913,1
42914,1
42915,5
42916,5
42917,5
42918,1
42919,1
42920,1
42921,5
42922,5
42923,1
42924,1
42925,1
42926,1
42927,5
42928,5
42929,5
42930,5
42931,1
42932,5
42933,1
42934,5
42935,1
42936,1
42937,5
42938,1
42939,1
42940,1
42941,1
42942,5
42943,1
42944,5
42945,5
42946,1
42947,1
42948,1
42949,1
42950,1
42951,5
42952,1
42953,1
42954,1
42955,1
42956,5
42957,5
42958,5
42959,1
42960,5
42961,1
42962,1
42963,5
42964,1
42965,1
42966,1
42967,1
42968,5
42969,1
42970,5
42971,5
42972,1
42973,5
42974,1
42975,1
42976,5
42977,5
42978,5
42979,5
42980,5
42981,5
42982,5
42983,5
42984,5
42985,5
42986,5
42987,5
42988,5
42989,5
42990,5
42991,5
42992,5
42993,5
42994,1
42995,1
42996,1
42997,1
42998,5
42999,5
43000,5
43001,1
43002,5
43003,5
43004,5
43005,1
43006,1
43007,5
43008,1
43009,5
43010,5
43011,5
43012,5
43013,1
43014,5
43015,5
43016,5
43017,5
43018,5
43019,5
43020,5
43021,5
43022,5
43023,5
43024,5
43025,5
43026,5
43027,1
43028,5
43029,5
43030,1
43031,5
43032,5
43033,5
43034,1
43035,1
43036,5
43037,1
43038,1
43039,1
43040,1
43041,1
43042,1
43043,5
43044,5
43045,1
43046,5
43047,1
43048,1
43049,1
43050,5
43051,5
43052,1
43053,5
43054,1
43055,5
43056,5
43057,1
43058,1
43059,5
43060,5
43061,5
43062,5
43063,1
43064,1
43065,5
43066,5
43067,1
43068,5
43069,1
43070,1
43071,1
43072,1
43073,1
43074,1
43075,1
43076,1
43077,1
43078,1
43079,1
43080,1
43081,5
43082,1
43083,1
43084,5
43085,1
43086,1
43087,1
43088,5
43089,5
43090,5
43091,1
43092,1
43093,5
43094,1
43095,1
43096,5
43097,1
43098,5
43099,5
43100,1
43101,1
43102,5
43103,5
43104,1
43105,1
43106,5
43107,5
43108,5
43109,5
43110,1
43111,1
43112,5
43113,5
43114,5
43115,1
43116,1
43117,5
43118,1
43119,5
43120,1
43121,5
43122,1
43123,1
43124,5
43125,5
43126,1
43127,1
43128,1
43129,5
43130,5
43131,5
43132,1
43133,1
43134,1
43135,5
43136,1
43137,5
43138,1
43139,5
43140,5
43141,1
43142,5
43143,5
43144,1
43145,5
43146,1
43147,1
43148,1
43149,5
43150,5
43151,1
43152,1
43153,1
43154,5
43155,1
43156,1
43157,1
43158,5
43159,5
43160,5
43161,1
43162,1
43163,5
43164,1
43165,5
43166,1
43167,5
43168,1
43169,1
43170,1
43171,1
43172,1
43173,5
43174,1
43175,1
43176,1
43177,1
43178,5
43179,1
43180,1
43181,1
43182,5
43183,1
43184,1
43185,1
43186,5
43187,1
43188,5
43189,5
43190,5
43191,5
43192,1
43193,5
43194,1
43195,1
43196,1
43197,1
43198,5
43199,1
43200,5
43201,1
43202,5
43203,1
43204,1
43205,5
43206,5
43207,5
43208,5
43209,5
43210,1
43211,5
43212,5
43213,5
43214,1
43215,1
43216,1
43217,1
43218,1
43219,1
43220,1
43221,1
43222,1
43223,5
43224,1
43225,1
43226,1
43227,1
43228,5
43229,1
43230,1
43231,1
43232,5
43233,5
43234,5
43235,1
43236,1
43237,1
43238,1
43239,5
43240,5
43241,5
43242,5
43243,1
43244,1
43245,1
43246,5
43247,1
43248,5
43249,5
43250,5
43251,5
43252,5
43253,5
43254,5
43255,5
43256,5
43257,1
43258,1
43259,5
43260,5
43261,5
43262,5
43263,5
43264,1
43265,5
43266,5
43267,5
43268,1
43269,5
43270,1
43271,5
43272,1
43273,5
43274,1
43275,5
43276,1
43277,1
43278,1
43279,1
43280,5
43281,5
43282,1
43283,1
43284,5
43285,5
43286,5
43287,5
43288,1
43289,5
43290,5
43291,1
43292,1
43293,5
43294,5
43295,5
43296,1
43297,5
43298,1
43299,1
43300,1
43301,1
43302,1
43303,5
43304,5
43305,1
43306,5
43307,1
43308,1
43309,1
43310,5
43311,1
43312,5
43313,5
43314,5
43315,5
43316,5
43317,5
43318,5
43319,5
43320,5
43321,5
43322,5
43323,5
43324,1
43325,5
43326,5
43327,5
43328,5
43329,5
43330,5
43331,1
43332,5
43333,5
43334,1
43335,1
43336,5
43337,5
43338,1
43339,1
43340,5
43341,5
43342,5
43343,1
43344,5
43345,5
43346,1
43347,5
43348,5
43349,5
43350,5
43351,5
43352,1
43353,1
43354,5
43355,1
43356,5
43357,1
43358,1
43359,1
43360,1
43361,1
43362,5
43363,5
43364,1
43365,1
43366,5
43367,1
43368,5
43369,5
43370,1
43371,5
43372,1
43373,1
43374,1
43375,1
43376,1
43377,5
43378,5
43379,1
43380,5
43381,1
43382,5
43383,5
43384,5
43385,1
43386,5
43387,1
43388,1
43389,5
43390,5
43391,5
43392,5
43393,5
43394,5
43395,5
43396,5
43397,1
43398,5
43399,1
43400,1
43401,1
43402,5
43403,5
43404,5
43405,5
43406,5
43407,5
43408,1
43409,5
43410,5
43411,1
43412,1
43413,5
43414,1
43415,1
43416,1
43417,1
43418,1
43419,5
43420,5
43421,1
43422,5
43423,1
43424,5
43425,1
43426,1
43427,1
43428,1
43429,1
43430,1
43431,5
43432,1
43433,1
43434,5
43435,1
43436,1
43437,5
43438,1
43439,5
43440,1
43441,1
43442,5
43443,5
43444,5
43445,5
43446,5
43447,5
43448,5
43449,5
43450,5
43451,1
43452,5
43453,5
43454,1
43455,1
43456,1
43457,5
43458,5
43459,5
43460,1
43461,1
43462,5
43463,1
43464,1
43465,5
43466,1
43467,5
43468,1
43469,1
43470,1
43471,1
43472,1
43473,5
43474,1
43475,5
43476,5
43477,1
43478,1
43479,1
43480,5
43481,5
43482,1
43483,1
43484,5
43485,5
43486,5
43487,1
43488,1
43489,5
43490,1
43491,1
43492,5
43493,5
43494,5
43495,1
43496,5
43497,1
43498,5
43499,1
43500,1
43501,1
43502,1
43503,1
43504,1
43505,1
43506,5
43507,5
43508,1
43509,5
43510,1
43511,1
43512,5
43513,1
43514,1
43515,5
43516,5
43517,5
43518,5
43519,5
43520,1
43521,1
43522,1
43523,5
43524,1
43525,1
43526,1
43527,1
43528,5
43529,5
43530,1
43531,5
43532,1
43533,5
43534,5
43535,1
43536,1
43537,1
43538,1
43539,1
43540,1
43541,1
43542,5
43543,5
43544,1
43545,1
43546,1
43547,1
43548,1
43549,5
43550,5
43551,1
43552,5
43553,5
43554,5
43555,5
43556,5
43557,1
43558,1
43559,5
43560,5
43561,5
43562,1
43563,1
43564,1
43565,5
43566,1
43567,1
43568,1
43569,1
43570,1
43571,1
43572,5
43573,1
43574,1
43575,5
43576,5
43577,1
43578,1
43579,5
43580,1
43581,5
43582,5
43583,1
43584,5
43585,1
43586,5
43587,5
43588,1
43589,5
43590,5
43591,5
43592,1
43593,5
43594,5
43595,1
43596,1
43597,1
43598,1
43599,1
43600,5
43601,1
43602,1
43603,1
43604,5
43605,1
43606,1
43607,5
43608,1
43609,5
43610,5
43611,5
43612,5
43613,5
43614,5
43615,5
43616,1
43617,1
43618,1
43619,5
43620,5
43621,5
43622,5
43623,5
43624,1
43625,5
43626,1
43627,1
43628,1
43629,1
43630,5
43631,5
43632,5
43633,5
43634,5
43635,1
43636,1
43637,5
43638,5
43639,5
43640,5
43641,1
43642,5
43643,5
43644,1
43645,1
43646,5
43647,5
43648,5
43649,5
43650,5
43651,1
43652,1
43653,1
43654,1
43655,5
43656,1
43657,1
43658,5
43659,5
43660,5
43661,5
43662,5
43663,1
43664,1
43665,5
43666,1
43667,5
43668,1
43669,1
43670,5
43671,5
43672,5
43673,1
43674,5
43675,1
43676,1
43677,1
43678,1
43679,1
43680,5
43681,5
43682,5
43683,5
43684,1
43685,1
43686,1
43687,1
43688,1
43689,1
43690,1
43691,5
43692,5
43693,5
43694,5
43695,1
43696,1
43697,1
43698,5
43699,5
43700,1
43701,1
43702,5
43703,1
43704,1
43705,5
43706,5
43707,5
43708,5
43709,5
43710,1
43711,1
43712,1
43713,1
43714,5
43715,1
43716,5
43717,5
43718,5
43719,5
43720,5
43721,1
43722,5
43723,5
43724,5
43725,1
43726,1
43727,1
43728,5
43729,5
43730,5
43731,1
43732,5
43733,5
43734,1
43735,5
43736,1
43737,1
43738,5
43739,1
43740,1
43741,5
43742,5
43743,1
43744,5
43745,5
43746,1
43747,5
43748,1
43749,5
43750,5
43751,5
43752,1
43753,1
43754,5
43755,5
43756,1
43757,5
43758,1
43759,5
43760,5
43761,1
43762,1
43763,5
43764,1
43765,5
43766,1
43767,1
43768,1
43769,1
43770,5
43771,1
43772,1
43773,5
43774,5
43775,5
43776,5
43777,5
43778,1
43779,1
43780,1
43781,5
43782,5
43783,1
43784,1
43785,5
43786,1
43787,1
43788,1
43789,1
43790,1
43791,5
43792,5
43793,1
43794,1
43795,5
43796,1
43797,1
43798,5
43799,1
43800,1
43801,1
43802,5
43803,1
43804,5
43805,5
43806,5
43807,1
43808,1
43809,5
43810,1
43811,1
43812,1
43813,5
43814,1
43815,1
43816,5
43817,1
43818,1
43819,5
43820,1
43821,5
43822,1
43823,5
43824,1
43825,5
43826,5
43827,5
43828,1
43829,5
43830,1
43831,1
43832,1
43833,1
43834,1
43835,5
43836,5
43837,5
43838,1
43839,1
43840,5
43841,5
43842,1
43843,1
43844,1
43845,5
43846,5
43847,1
43848,5
43849,5
43850,5
43851,5
43852,1
43853,1
43854,5
43855,5
43856,1
43857,5
43858,1
43859,5
43860,1
43861,5
43862,1
43863,1
43864,5
43865,5
43866,5
43867,5
43868,1
43869,5
43870,5
43871,5
43872,5
43873,5
43874,1
43875,1
43876,5
43877,5
43878,1
43879,5
43880,5
43881,1
43882,5
43883,5
43884,5
43885,1
43886,5
43887,1
43888,5
43889,5
43890,5
43891,1
43892,1
43893,1
43894,5
43895,1
43896,1
43897,1
43898,1
43899,5
43900,5
43901,5
43902,5
43903,5
43904,5
43905,1
43906,5
43907,5
43908,1
43909,5
43910,5
43911,5
43912,5
43913,5
43914,5
43915,1
43916,5
43917,5
43918,5
43919,5
43920,5
43921,5
43922,5
43923,5
43924,5
43925,1
43926,1
43927,1
43928,1
43929,1
43930,1
43931,5
43932,5
43933,1
43934,1
43935,1
43936,5
43937,5
43938,1
43939,5
43940,5
43941,5
43942,1
43943,1
43944,1
43945,1
43946,5
43947,5
43948,1
43949,1
43950,1
43951,1
43952,5
43953,1
43954,1
43955,1
43956,5
43957,5
43958,1
43959,1
43960,5
43961,5
43962,1
43963,1
43964,5
43965,1
43966,5
43967,1
43968,5
43969,1
43970,5
43971,1
43972,5
43973,1
43974,5
43975,5
43976,1
43977,1
43978,1
43979,1
43980,1
43981,1
43982,5
43983,5
43984,1
43985,1
43986,1
43987,1
43988,1
43989,5
43990,1
43991,5
43992,5
43993,5
43994,5
43995,1
43996,1
43997,1
43998,1
43999,1
44000,1
44001,5
44002,1
44003,1
44004,1
44005,5
44006,5
44007,5
44008,5
44009,5
44010,5
44011,1
44012,1
44013,1
44014,5
44015,1
44016,5
44017,5
44018,5
44019,1
44020,5
44021,1
44022,5
44023,5
44024,5
44025,5
44026,1
44027,1
44028,1
44029,1
44030,1
44031,1
44032,1
44033,1
44034,1
44035,1
44036,5
44037,5
44038,5
44039,1
44040,5
44041,5
44042,1
44043,1
44044,5
44045,5
44046,1
44047,5
44048,5
44049,5
44050,1
44051,1
44052,1
44053,5
44054,1
44055,5
44056,5
44057,5
44058,1
44059,1
44060,1
44061,1
44062,1
44063,1
44064,1
44065,1
44066,5
44067,5
44068,1
44069,1
44070,5
44071,1
44072,1
44073,5
44074,5
44075,5
44076,5
44077,5
44078,1
44079,5
44080,1
44081,5
44082,5
44083,5
44084,1
44085,1
44086,5
44087,1
44088,1
44089,5
44090,1
44091,1
44092,1
44093,1
44094,5
44095,1
44096,1
44097,5
44098,1
44099,1
44100,1
44101,5
44102,1
44103,5
44104,5
44105,1
44106,5
44107,5
44108,1
44109,1
44110,1
44111,5
44112,1
44113,5
44114,5
44115,1
44116,1
44117,1
44118,5
44119,5
44120,5
44121,5
44122,1
44123,1
44124,5
44125,5
44126,1
44127,5
44128,5
44129,5
44130,5
44131,1
44132,5
44133,5
44134,5
44135,5
44136,5
44137,1
44138,1
44139,5
44140,1
44141,5
44142,1
44143,5
44144,1
44145,1
44146,1
44147,5
44148,5
44149,5
44150,1
44151,1
44152,5
44153,5
44154,5
44155,5
44156,1
44157,1
44158,1
44159,1
44160,1
44161,1
44162,1
44163,1
44164,5
44165,5
44166,5
44167,5
44168,5
44169,1
44170,1
44171,1
44172,1
44173,5
44174,1
44175,1
44176,5
44177,1
44178,1
44179,1
44180,5
44181,1
44182,1
44183,5
44184,1
44185,1
44186,1
44187,1
44188,1
44189,1
44190,1
44191,1
44192,1
44193,1
44194,1
44195,5
44196,1
44197,1
44198,5
44199,1
44200,1
44201,5
44202,1
44203,1
44204,1
44205,5
44206,1
44207,5
44208,1
44209,5
44210,1
44211,1
44212,5
44213,1
44214,5
44215,1
44216,1
44217,1
44218,1
44219,1
44220,5
44221,5
44222,1
44223,1
44224,1
44225,1
44226,5
44227,5
44228,1
44229,1
44230,5
44231,1
44232,5
44233,1
44234,5
44235,5
44236,1
44237,1
44238,5
44239,5
44240,1
44241,5
44242,1
44243,1
44244,5
44245,5
44246,5
44247,1
44248,5
44249,5
44250,5
44251,1
44252,1
44253,1
44254,1
44255,1
44256,1
44257,1
44258,1
44259,1
44260,5
44261,1
44262,1
44263,5
44264,5
44265,1
44266,5
44267,5
44268,1
44269,1
44270,1
44271,5
44272,5
44273,1
44274,1
44275,5
44276,1
44277,5
44278,5
44279,5
44280,1
44281,1
44282,1
44283,1
44284,1
44285,1
44286,5
44287,1
44288,5
44289,5
44290,5
44291,1
44292,5
44293,1
44294,1
44295,5
44296,1
44297,1
44298,5
44299,5
44300,1
44301,1
44302,1
44303,1
44304,5
44305,5
44306,5
44307,1
44308,5
44309,1
44310,5
44311,1
44312,1
44313,1
44314,1
44315,1
44316,1
44317,1
44318,5
44319,1
44320,5
44321,1
44322,1
44323,5
44324,1
44325,1
44326,5
44327,1
44328,5
44329,5
44330,1
44331,1
44332,5
44333,1
44334,5
44335,5
44336,5
44337,5
44338,5
44339,5
44340,1
44341,5
44342,1
44343,1
44344,1
44345,1
44346,1
44347,5
44348,5
44349,1
44350,5
44351,5
44352,5
44353,1
44354,1
44355,5
44356,5
44357,1
44358,1
44359,1
44360,1
44361,5
44362,1
44363,5
44364,1
44365,5
44366,1
44367,5
44368,5
44369,5
44370,1
44371,5
44372,1
44373,5
44374,1
44375,1
44376,5
44377,1
44378,5
44379,5
44380,5
44381,5
44382,5
44383,1
44384,1
44385,1
44386,5
44387,1
44388,1
44389,5
44390,1
44391,1
44392,1
44393,1
44394,1
44395,1
44396,5
44397,5
44398,1
44399,1
44400,5
44401,1
44402,5
44403,1
44404,1
44405,5
44406,1
44407,5
44408,5
44409,1
44410,5
44411,5
44412,5
44413,1
44414,1
44415,5
44416,1
44417,1
44418,5
44419,5
44420,5
44421,5
44422,1
44423,5
44424,1
44425,1
44426,1
44427,5
44428,5
44429,5
44430,5
44431,5
44432,1
44433,1
44434,1
44435,5
44436,5
44437,5
44438,5
44439,5
44440,1
44441,1
44442,5
44443,5
44444,1
44445,5
44446,5
44447,5
44448,1
44449,5
44450,5
44451,5
44452,5
44453,1
44454,5
44455,1
44456,5
44457,1
44458,5
44459,5
44460,5
44461,5
44462,5
44463,1
44464,5
44465,5
44466,1
44467,5
44468,1
44469,1
44470,1
44471,5
44472,5
44473,5
44474,5
44475,1
44476,1
44477,5
44478,1
44479,1
44480,1
44481,5
44482,1
44483,5
44484,1
44485,1
44486,5
44487,1
44488,1
44489,1
44490,1
44491,1
44492,1
44493,1
44494,5
44495,1
44496,1
44497,1
44498,5
44499,1
44500,5
44501,5
44502,1
44503,1
44504,1
44505,5
44506,5
44507,5
44508,5
44509,1
44510,5
44511,5
44512,5
44513,1
44514,1
44515,1
44516,1
44517,5
44518,1
44519,1
44520,1
44521,1
44522,1
44523,5
44524,1
44525,1
44526,1
44527,5
44528,1
44529,1
44530,5
44531,1
44532,1
44533,1
44534,5
44535,1
44536,1
44537,1
44538,1
44539,5
44540,1
44541,5
44542,1
44543,1
44544,1
44545,5
44546,1
44547,1
44548,1
44549,5
44550,1
44551,1
44552,1
44553,5
44554,1
44555,1
44556,5
44557,1
44558,5
44559,5
44560,5
44561,5
44562,5
44563,5
44564,5
44565,1
44566,1
44567,5
44568,1
44569,1
44570,1
44571,1
44572,1
44573,1
44574,1
44575,5
44576,1
44577,5
44578,5
44579,1
44580,1
44581,5
44582,1
44583,5
44584,1
44585,1
44586,1
44587,1
44588,1
44589,5
44590,1
44591,5
44592,1
44593,1
44594,1
44595,1
44596,5
44597,1
44598,1
44599,1
44600,1
44601,5
44602,5
44603,1
44604,5
44605,1
44606,5
44607,5
44608,5
44609,1
44610,5
44611,5
44612,1
44613,1
44614,1
44615,1
44616,1
44617,1
44618,5
44619,5
44620,1
44621,1
44622,1
44623,5
44624,1
44625,1
44626,1
44627,1
44628,5
44629,1
44630,5
44631,1
44632,1
44633,5
44634,5
44635,1
44636,1
44637,5
44638,5
44639,1
44640,5
44641,5
44642,5
44643,1
44644,5
44645,1
44646,1
44647,5
44648,1
44649,1
44650,1
44651,5
44652,5
44653,1
44654,5
44655,1
44656,5
44657,1
44658,5
44659,5
44660,5
44661,5
44662,5
44663,1
44664,1
44665,1
44666,1
44667,1
44668,5
44669,1
44670,5
44671,5
44672,5
44673,5
44674,5
44675,5
44676,1
44677,5
44678,1
44679,1
44680,5
44681,5
44682,1
44683,1
44684,1
44685,5
44686,5
44687,1
44688,5
44689,5
44690,5
44691,5
44692,1
44693,1
44694,5
44695,5
44696,1
44697,1
44698,5
44699,5
44700,1
44701,1
44702,5
44703,5
44704,5
44705,5
44706,1
44707,5
44708,5
44709,5
44710,1
44711,1
44712,1
44713,5
44714,1
44715,1
44716,5
44717,1
44718,5
44719,5
44720,5
44721,1
44722,5
44723,1
44724,1
44725,1
44726,5
44727,5
44728,5
44729,1
44730,1
44731,5
44732,1
44733,5
44734,5
44735,5
44736,5
44737,1
44738,5
44739,5
44740,1
44741,1
44742,1
44743,1
44744,5
44745,5
44746,5
44747,5
44748,1
44749,5
44750,5
44751,5
44752,1
44753,1
44754,1
44755,1
44756,1
44757,1
44758,1
44759,1
44760,1
44761,5
44762,5
44763,1
44764,5
44765,5
44766,5
44767,5
44768,1
44769,1
44770,1
44771,1
44772,1
44773,5
44774,1
44775,5
44776,5
44777,1
44778,5
44779,1
44780,5
44781,5
44782,5
44783,1
44784,1
44785,5
44786,5
44787,1
44788,1
44789,1
44790,1
44791,5
44792,5
44793,5
44794,1
44795,1
44796,5
44797,5
44798,1
44799,5
44800,1
44801,1
44802,5
44803,5
44804,5
44805,1
44806,1
44807,1
44808,5
44809,1
44810,1
44811,5
44812,5
44813,1
44814,1
44815,1
44816,5
44817,1
44818,5
44819,5
44820,1
44821,5
44822,5
44823,5
44824,1
44825,1
44826,1
44827,1
44828,1
44829,5
44830,5
44831,1
44832,5
44833,5
44834,1
44835,1
44836,5
44837,5
44838,5
44839,1
44840,1
44841,5
44842,1
44843,1
44844,5
44845,1
44846,1
44847,1
44848,5
44849,5
44850,5
44851,5
44852,5
44853,1
44854,1
44855,1
44856,1
44857,1
44858,1
44859,1
44860,5
44861,5
44862,5
44863,1
44864,1
44865,5
44866,1
44867,5
44868,5
44869,1
44870,1
44871,1
44872,1
44873,1
44874,1
44875,5
44876,5
44877,5
44878,5
44879,5
44880,1
44881,5
44882,5
44883,1
44884,5
44885,1
44886,5
44887,5
44888,1
44889,5
44890,1
44891,1
44892,5
44893,5
44894,5
44895,5
44896,5
44897,5
44898,5
44899,1
44900,5
44901,5
44902,5
44903,5
44904,1
44905,5
44906,5
44907,5
44908,1
44909,5
44910,5
44911,1
44912,5
44913,5
44914,5
44915,5
44916,5
44917,5
44918,1
44919,1
44920,5
44921,5
44922,1
44923,5
44924,5
44925,5
44926,5
44927,1
44928,1
44929,1
44930,1
44931,5
44932,5
44933,1
44934,1
44935,5
44936,1
44937,1
44938,5
44939,1
44940,5
44941,1
44942,1
44943,1
44944,5
44945,1
44946,1
44947,1
44948,1
44949,1
44950,1
44951,1
44952,5
44953,1
44954,5
44955,5
44956,1
44957,1
44958,5
44959,1
44960,5
44961,1
44962,1
44963,1
44964,5
44965,1
44966,5
44967,5
44968,5
44969,1
44970,1
44971,1
44972,5
44973,1
44974,1
44975,1
44976,1
44977,5
44978,5
44979,1
44980,1
44981,1
44982,1
44983,1
44984,1
44985,5
44986,1
44987,1
44988,5
44989,1
44990,1
44991,5
44992,1
44993,1
44994,5
44995,5
44996,1
44997,1
44998,1
44999,5
45000,1
45001,1
45002,5
45003,1
45004,1
45005,1
45006,1
45007,5
45008,5
45009,1
45010,1
45011,5
45012,1
45013,1
45014,1
45015,5
45016,1
45017,1
45018,5
45019,5
45020,5
45021,1
45022,1
45023,5
45024,1
45025,1
45026,1
45027,1
45028,5
45029,5
45030,1
45031,1
45032,1
45033,1
45034,1
45035,1
45036,1
45037,1
45038,1
45039,1
45040,1
45041,1
45042,1
45043,5
45044,5
45045,5
45046,1
45047,1
45048,1
45049,1
45050,1
45051,1
45052,1
45053,1
45054,5
45055,5
45056,5
45057,1
45058,1
45059,1
45060,5
45061,5
45062,5
45063,5
45064,5
45065,5
45066,5
45067,5
45068,5
45069,1
45070,5
45071,1
45072,1
45073,5
45074,5
45075,5
45076,5
45077,1
45078,5
45079,1
45080,1
45081,5
45082,5
45083,5
45084,1
45085,1
45086,5
45087,5
45088,1
45089,5
45090,1
45091,5
45092,1
45093,1
45094,1
45095,5
45096,1
45097,1
45098,5
45099,1
45100,5
45101,1
45102,1
45103,1
45104,5
45105,5
45106,5
45107,1
45108,1
45109,5
45110,5
45111,5
45112,5
45113,5
45114,1
45115,5
45116,1
45117,1
45118,1
45119,5
45120,5
45121,5
45122,1
45123,1
45124,1
45125,1
45126,5
45127,1
45128,5
45129,1
45130,1
45131,5
45132,5
45133,1
45134,5
45135,5
45136,1
45137,1
45138,5
45139,1
45140,1
45141,5
45142,1
45143,1
45144,5
45145,1
45146,5
45147,1
45148,1
45149,5
45150,5
45151,5
45152,1
45153,5
45154,5
45155,5
45156,1
45157,5
45158,5
45159,5
45160,5
45161,5
45162,5
45163,5
45164,5
45165,5
45166,1
45167,1
45168,5
45169,1
45170,5
45171,1
45172,1
45173,5
45174,5
45175,1
45176,5
45177,1
45178,1
45179,5
45180,1
45181,1
45182,1
45183,1
45184,5
45185,5
45186,5
45187,1
45188,1
45189,1
45190,1
45191,5
45192,5
45193,1
45194,1
45195,5
45196,5
45197,1
45198,5
45199,5
45200,1
45201,1
45202,1
45203,1
45204,1
45205,1
45206,5
45207,5
45208,1
45209,1
45210,5
45211,5
45212,5
45213,1
45214,1
45215,5
45216,5
45217,1
45218,1
45219,5
45220,1
45221,1
45222,1
45223,5
45224,5
45225,5
45226,5
45227,5
45228,5
45229,1
45230,5
45231,1
45232,1
45233,1
45234,1
45235,1
45236,1
45237,1
45238,1
45239,1
45240,5
45241,1
45242,1
45243,5
45244,5
45245,5
45246,1
45247,5
45248,1
45249,5
45250,1
45251,1
45252,5
45253,1
45254,5
45255,1
45256,1
45257,5
45258,1
45259,1
45260,5
45261,1
45262,1
45263,5
45264,5
45265,5
45266,1
45267,1
45268,1
45269,5
45270,1
45271,5
45272,1
45273,5
45274,5
45275,5
45276,5
45277,1
45278,1
45279,1
45280,1
45281,5
45282,5
45283,5
45284,5
45285,5
45286,1
45287,1
45288,1
45289,1
45290,1
45291,1
45292,1
45293,1
45294,5
45295,1
45296,1
45297,1
45298,5
45299,5
45300,1
45301,1
45302,1
45303,1
45304,1
45305,1
45306,5
45307,1
45308,1
45309,1
45310,5
45311,1
45312,5
45313,1
45314,1
45315,1
45316,5
45317,1
45318,5
45319,1
45320,5
45321,1
45322,5
45323,1
45324,1
45325,5
45326,1
45327,5
45328,5
45329,1
45330,1
45331,1
45332,5
45333,5
45334,5
45335,1
45336,5
45337,5
45338,1
45339,5
45340,5
45341,5
45342,5
45343,5
45344,1
45345,5
45346,1
45347,5
45348,1
45349,1
45350,1
45351,5
45352,1
45353,1
45354,5
45355,5
45356,1
45357,5
45358,1
45359,5
45360,5
45361,1
45362,1
45363,1
45364,5
45365,5
45366,1
45367,5
45368,5
45369,1
45370,1
45371,1
45372,1
45373,5
45374,1
45375,5
45376,1
45377,5
45378,5
45379,1
45380,1
45381,1
45382,1
45383,1
45384,5
45385,1
45386,5
45387,5
45388,5
45389,1
45390,1
45391,5
45392,5
45393,1
45394,1
45395,1
45396,5
45397,1
45398,5
45399,5
45400,5
45401,5
45402,1
45403,5
45404,1
45405,1
45406,1
45407,1
45408,5
45409,1
45410,5
45411,5
45412,1
45413,5
45414,5
45415,1
45416,5
45417,1
45418,5
45419,5
45420,1
45421,5
45422,5
45423,5
45424,5
45425,1
45426,5
45427,1
45428,1
45429,1
45430,5
45431,5
45432,1
45433,1
45434,1
45435,5
45436,5
45437,1
45438,1
45439,1
45440,1
45441,5
45442,1
45443,5
45444,1
45445,1
45446,5
45447,1
45448,5
45449,5
45450,1
45451,1
45452,5
45453,1
45454,1
45455,5
45456,1
45457,1
45458,5
45459,5
45460,5
45461,5
45462,1
45463,5
45464,5
45465,1
45466,1
45467,1
45468,1
45469,1
45470,5
45471,1
45472,1
45473,1
45474,5
45475,1
45476,1
45477,1
45478,1
45479,1
45480,5
45481,5
45482,5
45483,5
45484,5
45485,1
45486,5
45487,5
45488,5
45489,1
45490,1
45491,1
45492,1
45493,1
45494,1
45495,1
45496,5
45497,5
45498,5
45499,1
45500,5
45501,5
45502,5
45503,1
45504,1
45505,5
45506,1
45507,1
45508,5
45509,1
45510,1
45511,5
45512,1
45513,5
45514,5
45515,1
45516,1
45517,5
45518,5
45519,1
45520,1
45521,1
45522,5
45523,5
45524,5
45525,5
45526,5
45527,1
45528,1
45529,5
45530,5
45531,1
45532,1
45533,5
45534,1
45535,1
45536,1
45537,1
45538,5
45539,5
45540,1
45541,1
45542,1
45543,5
45544,5
45545,1
45546,5
45547,1
45548,1
45549,5
45550,5
45551,1
45552,1
45553,5
45554,5
45555,5
45556,1
45557,5
45558,5
45559,5
45560,1
45561,5
45562,5
45563,5
45564,5
45565,5
45566,5
45567,1
45568,5
45569,1
45570,5
45571,1
45572,1
45573,5
45574,5
45575,1
45576,5
45577,1
45578,5
45579,1
45580,5
45581,1
45582,5
45583,5
45584,5
45585,5
45586,5
45587,1
45588,5
45589,1
45590,5
45591,5
45592,1
45593,5
45594,1
45595,1
45596,5
45597,5
45598,5
45599,1
45600,5
45601,1
45602,5
45603,5
45604,1
45605,1
45606,5
45607,1
45608,5
45609,5
45610,1
45611,5
45612,1
45613,1
45614,5
45615,5
45616,1
45617,5
45618,5
45619,1
45620,1
45621,1
45622,5
45623,5
45624,5
45625,5
45626,5
45627,5
45628,5
45629,1
45630,5
45631,5
45632,5
45633,5
45634,1
45635,1
45636,5
45637,1
45638,1
45639,1
45640,1
45641,1
45642,1
45643,1
45644,1
45645,5
45646,1
45647,5
45648,5
45649,1
45650,1
45651,5
45652,1
45653,1
45654,5
45655,5
45656,1
45657,5
45658,1
45659,5
45660,5
45661,1
45662,1
45663,1
45664,5
45665,1
45666,5
45667,1
45668,1
45669,1
45670,5
45671,1
45672,5
45673,1
45674,5
45675,5
45676,1
45677,5
45678,5
45679,5
45680,1
45681,1
45682,1
45683,1
45684,1
45685,5
45686,5
45687,5
45688,1
45689,5
45690,1
45691,5
45692,5
45693,5
45694,5
45695,5
45696,1
45697,5
45698,5
45699,1
45700,1
45701,5
45702,1
45703,5
45704,1
45705,1
45706,1
45707,5
45708,1
45709,1
45710,5
45711,1
45712,1
45713,5
45714,1
45715,5
45716,1
45717,5
45718,5
45719,5
45720,5
45721,5
45722,5
45723,5
45724,1
45725,1
45726,1
45727,5
45728,5
45729,5
45730,5
45731,1
45732,1
45733,1
45734,1
45735,5
45736,5
45737,5
45738,5
45739,5
45740,5
45741,5
45742,1
45743,5
45744,5
45745,1
45746,5
45747,5
45748,5
45749,5
45750,5
45751,5
45752,5
45753,5
45754,5
45755,5
45756,5
45757,1
45758,5
45759,1
45760,5
45761,1
45762,1
45763,1
45764,5
45765,5
45766,1
45767,1
45768,5
45769,5
45770,1
45771,1
45772,5
45773,5
45774,1
45775,1
45776,5
45777,1
45778,1
45779,5
45780,5
45781,1
45782,5
45783,5
45784,5
45785,1
45786,1
45787,5
45788,5
45789,5
45790,5
45791,1
45792,5
45793,5
45794,5
45795,1
45796,5
45797,5
45798,5
45799,1
45800,5
45801,5
45802,5
45803,5
45804,1
45805,1
45806,5
45807,1
45808,5
45809,5
45810,5
45811,5
45812,5
45813,5
45814,5
45815,5
45816,1
45817,5
45818,5
45819,5
45820,5
45821,5
45822,1
45823,5
45824,5
45825,5
45826,1
45827,5
45828,5
45829,5
45830,5
45831,1
45832,1
45833,1
45834,5
45835,5
45836,5
45837,5
45838,5
45839,5
45840,1
45841,5
45842,5
45843,5
45844,1
45845,5
45846,1
45847,1
45848,5
45849,1
45850,1
45851,1
45852,5
45853,5
45854,1
45855,5
45856,1
45857,5
45858,5
45859,5
45860,5
45861,1
45862,1
45863,5
45864,1
45865,1
45866,1
45867,1
45868,5
45869,5
45870,1
45871,1
45872,1
45873,1
45874,1
45875,5
45876,5
45877,1
45878,5
45879,1
45880,1
45881,1
45882,5
45883,1
45884,1
45885,5
45886,1
45887,5
45888,5
45889,5
45890,1
45891,1
45892,1
45893,5
45894,1
45895,1
45896,1
45897,1
45898,5
45899,1
45900,5
45901,5
45902,1
45903,1
45904,1
45905,5
45906,1
45907,1
45908,5
45909,1
45910,5
45911,1
45912,1
45913,5
45914,5
45915,5
45916,1
45917,5
45918,1
45919,1
45920,5
45921,1
45922,1
45923,1
45924,1
45925,5
45926,1
45927,1
45928,5
45929,5
45930,1
45931,5
45932,5
45933,1
45934,1
45935,1
45936,1
45937,5
45938,1
45939,5
45940,1
45941,1
45942,5
45943,5
45944,1
45945,1
45946,1
45947,5
45948,1
45949,1
45950,1
45951,5
45952,5
45953,5
45954,5
45955,5
45956,5
45957,1
45958,5
45959,1
45960,5
45961,1
45962,1
45963,1
45964,1
45965,5
45966,5
45967,5
45968,1
45969,5
45970,1
45971,1
45972,5
45973,1
45974,1
45975,5
45976,1
45977,5
45978,5
45979,5
45980,5
45981,1
45982,1
45983,1
45984,1
45985,1
45986,1
45987,5
45988,1
45989,5
45990,5
45991,5
45992,1
45993,5
45994,5
45995,1
45996,5
45997,1
45998,1
45999,5
46000,5
46001,5
46002,1
46003,1
46004,1
46005,5
46006,1
46007,5
46008,1
46009,5
46010,5
46011,1
46012,1
46013,5
46014,1
46015,5
46016,5
46017,1
46018,1
46019,5
46020,5
46021,5
46022,1
46023,5
46024,5
46025,5
46026,1
46027,1
46028,5
46029,1
46030,5
46031,1
46032,1
46033,1
46034,5
46035,5
46036,5
46037,5
46038,5
46039,5
46040,5
46041,5
46042,5
46043,5
46044,1
46045,1
46046,1
46047,1
46048,5
46049,5
46050,1
46051,5
46052,5
46053,1
46054,1
46055,5
46056,5
46057,5
46058,5
46059,5
46060,5
46061,5
46062,1
46063,1
46064,1
46065,1
46066,5
46067,5
46068,5
46069,1
46070,5
46071,1
46072,1
46073,5
46074,1
46075,1
46076,5
46077,5
46078,1
46079,5
46080,5
46081,1
46082,1
46083,1
46084,5
46085,1
46086,5
46087,1
46088,1
46089,5
46090,1
46091,5
46092,1
46093,5
46094,5
46095,1
46096,1
46097,5
46098,5
46099,5
46100,5
46101,1
46102,5
46103,5
46104,5
46105,5
46106,5
46107,5
46108,5
46109,1
46110,1
46111,5
46112,5
46113,5
46114,5
46115,1
46116,1
46117,5
46118,5
46119,5
46120,5
46121,5
46122,1
46123,5
46124,5
46125,5
46126,5
46127,5
46128,1
46129,1
46130,5
46131,5
46132,5
46133,5
46134,1
46135,5
46136,1
46137,1
46138,1
46139,1
46140,5
46141,1
46142,1
46143,1
46144,1
46145,1
46146,5
46147,1
46148,1
46149,1
46150,1
46151,1
46152,1
46153,1
46154,1
46155,5
46156,1
46157,1
46158,5
46159,5
46160,5
46161,1
46162,1
46163,5
46164,5
46165,5
46166,5
46167,5
46168,1
46169,1
46170,5
46171,5
46172,5
46173,5
46174,1
46175,5
46176,5
46177,1
46178,1
46179,5
46180,1
46181,1
46182,5
46183,1
46184,5
46185,5
46186,1
46187,5
46188,5
46189,5
46190,1
46191,5
46192,5
46193,1
46194,1
46195,5
46196,5
46197,1
46198,1
46199,5
46200,5
46201,5
46202,1
46203,1
46204,1
46205,1
46206,5
46207,5
46208,5
46209,1
46210,1
46211,1
46212,1
46213,5
46214,1
46215,1
46216,5
46217,5
46218,5
46219,1
46220,5
46221,5
46222,5
46223,5
46224,1
46225,1
46226,1
46227,5
46228,1
46229,5
46230,1
46231,5
46232,5
46233,1
46234,5
46235,5
46236,1
46237,1
46238,1
46239,1
46240,1
46241,1
46242,1
46243,5
46244,5
46245,5
46246,1
46247,1
46248,1
46249,1
46250,1
46251,5
46252,5
46253,5
46254,1
46255,5
46256,1
46257,5
46258,5
46259,1
46260,1
46261,5
46262,1
46263,1
46264,1
46265,1
46266,5
46267,5
46268,1
46269,5
46270,5
46271,1
46272,5
46273,1
46274,5
46275,1
46276,1
46277,5
46278,5
46279,1
46280,1
46281,1
46282,1
46283,1
46284,1
46285,5
46286,5
46287,1
46288,1
46289,1
46290,5
46291,5
46292,5
46293,5
46294,1
46295,5
46296,1
46297,1
46298,1
46299,1
46300,5
46301,5
46302,5
46303,5
46304,1
46305,5
46306,1
46307,1
46308,5
46309,1
46310,5
46311,1
46312,1
46313,5
46314,5
46315,1
46316,1
46317,5
46318,5
46319,1
46320,1
46321,5
46322,5
46323,5
46324,5
46325,1
46326,1
46327,1
46328,5
46329,5
46330,5
46331,5
46332,5
46333,5
46334,5
46335,5
46336,5
46337,1
46338,5
46339,5
46340,1
46341,5
46342,5
46343,1
46344,1
46345,5
46346,1
46347,5
46348,5
46349,5
46350,1
46351,1
46352,5
46353,5
46354,1
46355,1
46356,5
46357,5
46358,1
46359,1
46360,5
46361,5
46362,5
46363,5
46364,5
46365,1
46366,5
46367,1
46368,1
46369,1
46370,5
46371,1
46372,5
46373,5
46374,5
46375,1
46376,5
46377,5
46378,5
46379,1
46380,5
46381,1
46382,5
46383,1
46384,5
46385,1
46386,1
46387,1
46388,1
46389,5
46390,5
46391,1
46392,5
46393,1
46394,1
46395,5
46396,5
46397,5
46398,5
46399,5
46400,5
46401,1
46402,1
46403,5
46404,5
46405,1
46406,1
46407,1
46408,5
46409,1
46410,5
46411,5
46412,5
46413,1
46414,5
46415,5
46416,5
46417,5
46418,1
46419,1
46420,5
46421,5
46422,5
46423,5
46424,5
46425,5
46426,1
46427,5
46428,5
46429,5
46430,5
46431,1
46432,5
46433,5
46434,5
46435,5
46436,5
46437,5
46438,1
46439,5
46440,5
46441,1
46442,5
46443,1
46444,1
46445,5
46446,5
46447,5
46448,1
46449,1
46450,1
46451,5
46452,1
46453,1
46454,5
46455,5
46456,5
46457,1
46458,5
46459,5
46460,1
46461,1
46462,1
46463,5
46464,5
46465,1
46466,1
46467,5
46468,5
46469,1
46470,5
46471,5
46472,5
46473,5
46474,5
46475,5
46476,5
46477,1
46478,1
46479,1
46480,1
46481,1
46482,5
46483,5
46484,5
46485,5
46486,1
46487,5
46488,5
46489,1
46490,1
46491,1
46492,1
46493,5
46494,5
46495,5
46496,1
46497,1
46498,5
46499,1
46500,5
46501,5
46502,1
46503,1
46504,1
46505,5
46506,1
46507,5
46508,1
46509,1
46510,1
46511,1
46512,5
46513,1
46514,5
46515,1
46516,1
46517,5
46518,5
46519,1
46520,1
46521,1
46522,1
46523,1
46524,5
46525,1
46526,1
46527,5
46528,5
46529,1
46530,1
46531,1
46532,5
46533,5
46534,5
46535,5
46536,1
46537,1
46538,5
46539,1
46540,5
46541,5
46542,5
46543,1
46544,1
46545,1
46546,1
46547,1
46548,5
46549,5
46550,5
46551,1
46552,1
46553,1
46554,5
46555,5
46556,1
46557,5
46558,5
46559,1
46560,1
46561,1
46562,1
46563,1
46564,1
46565,1
46566,1
46567,5
46568,1
46569,1
46570,5
46571,5
46572,1
46573,5
46574,5
46575,1
46576,5
46577,5
46578,5
46579,5
46580,1
46581,1
46582,5
46583,5
46584,5
46585,1
46586,5
46587,5
46588,1
46589,1
46590,5
46591,1
46592,5
46593,5
46594,5
46595,1
46596,5
46597,1
46598,1
46599,1
46600,1
46601,1
46602,5
46603,5
46604,5
46605,5
46606,1
46607,1
46608,1
46609,5
46610,1
46611,5
46612,1
46613,5
46614,5
46615,5
46616,5
46617,1
46618,1
46619,5
46620,1
46621,1
46622,5
46623,5
46624,1
46625,5
46626,5
46627,1
46628,1
46629,5
46630,5
46631,1
46632,1
46633,5
46634,1
46635,5
46636,5
46637,5
46638,5
46639,5
46640,5
46641,5
46642,5
46643,5
46644,5
46645,5
46646,5
46647,1
46648,1
46649,5
46650,1
46651,1
46652,1
46653,5
46654,1
46655,5
46656,5
46657,1
46658,1
46659,5
46660,5
46661,5
46662,1
46663,5
46664,5
46665,1
46666,5
46667,5
46668,5
46669,5
46670,1
46671,1
46672,5
46673,1
46674,1
46675,5
46676,1
46677,5
46678,1
46679,1
46680,5
46681,1
46682,5
46683,1
46684,5
46685,1
46686,5
46687,1
46688,1
46689,1
46690,1
46691,1
46692,1
46693,5
46694,1
46695,1
46696,1
46697,5
46698,1
46699,1
46700,1
46701,5
46702,5
46703,5
46704,1
46705,1
46706,1
46707,1
46708,5
46709,5
46710,5
46711,1
46712,1
46713,1
46714,5
46715,5
46716,1
46717,1
46718,1
46719,1
46720,1
46721,5
46722,5
46723,1
46724,1
46725,1
46726,5
46727,1
46728,1
46729,1
46730,1
46731,1
46732,1
46733,5
46734,1
46735,5
46736,5
46737,5
46738,1
46739,1
46740,1
46741,5
46742,5
46743,5
46744,5
46745,5
46746,5
46747,5
46748,5
46749,5
46750,1
46751,1
46752,5
46753,5
46754,1
46755,1
46756,1
46757,5
46758,1
46759,5
46760,5
46761,5
46762,5
46763,1
46764,1
46765,1
46766,5
46767,5
46768,5
46769,1
46770,1
46771,1
46772,1
46773,5
46774,5
46775,5
46776,1
46777,5
46778,5
46779,5
46780,5
46781,5
46782,1
46783,1
46784,5
46785,5
46786,1
46787,1
46788,1
46789,1
46790,1
46791,1
46792,1
46793,1
46794,1
46795,1
46796,1
46797,5
46798,1
46799,1
46800,5
46801,5
46802,5
46803,1
46804,5
46805,1
46806,1
46807,1
46808,1
46809,1
46810,1
46811,1
46812,5
46813,1
46814,1
46815,5
46816,1
46817,5
46818,1
46819,1
46820,5
46821,5
46822,5
46823,5
46824,5
46825,1
46826,5
46827,1
46828,1
46829,1
46830,5
46831,1
46832,5
46833,1
46834,5
46835,5
46836,5
46837,1
46838,5
46839,1
46840,1
46841,5
46842,5
46843,1
46844,5
46845,5
46846,5
46847,5
46848,1
46849,5
46850,1
46851,1
46852,1
46853,1
46854,1
46855,1
46856,1
46857,1
46858,1
46859,1
46860,5
46861,1
46862,1
46863,1
46864,5
46865,5
46866,1
46867,1
46868,5
46869,1
46870,1
46871,1
46872,5
46873,1
46874,5
46875,5
46876,1
46877,5
46878,1
46879,5
46880,5
46881,5
46882,1
46883,1
46884,5
46885,1
46886,5
46887,5
46888,5
46889,1
46890,5
46891,5
46892,5
46893,1
46894,5
46895,1
46896,5
46897,5
46898,1
46899,1
46900,1
46901,5
46902,1
46903,5
46904,1
46905,1
46906,1
46907,5
46908,5
46909,1
46910,1
46911,1
46912,5
46913,5
46914,5
46915,5
46916,5
46917,5
46918,5
46919,1
46920,1
46921,5
46922,5
46923,1
46924,5
46925,5
46926,5
46927,5
46928,5
46929,5
46930,5
46931,5
46932,1
46933,1
46934,5
46935,1
46936,1
46937,1
46938,1
46939,5
46940,1
46941,5
46942,1
46943,1
46944,5
46945,5
46946,1
46947,5
46948,1
46949,5
46950,5
46951,1
46952,5
46953,5
46954,5
46955,5
46956,1
46957,5
46958,5
46959,5
46960,5
46961,5
46962,5
46963,1
46964,1
46965,5
46966,5
46967,1
46968,5
46969,5
46970,1
46971,5
46972,5
46973,5
46974,5
46975,5
46976,5
46977,1
46978,1
46979,5
46980,5
46981,1
46982,1
46983,1
46984,5
46985,5
46986,5
46987,5
46988,1
46989,1
46990,1
46991,1
46992,5
46993,5
46994,1
46995,1
46996,5
46997,1
46998,5
46999,1
47000,5
47001,1
47002,5
47003,5
47004,1
47005,1
47006,1
47007,5
47008,5
47009,1
47010,1
47011,5
47012,1
47013,1
47014,1
47015,1
47016,1
47017,5
47018,5
47019,1
47020,1
47021,1
47022,1
47023,1
47024,1
47025,1
47026,5
47027,1
47028,1
47029,1
47030,1
47031,1
47032,1
47033,1
47034,5
47035,1
47036,5
47037,5
47038,5
47039,1
47040,5
47041,5
47042,5
47043,1
47044,5
47045,5
47046,5
47047,1
47048,5
47049,5
47050,1
47051,1
47052,5
47053,5
47054,1
47055,1
47056,1
47057,5
47058,1
47059,5
47060,1
47061,1
47062,1
47063,1
47064,1
47065,5
47066,5
47067,1
47068,1
47069,5
47070,1
47071,1
47072,5
47073,5
47074,1
47075,1
47076,1
47077,5
47078,5
47079,5
47080,1
47081,5
47082,5
47083,5
47084,1
47085,1
47086,1
47087,1
47088,5
47089,5
47090,1
47091,5
47092,5
47093,1
47094,1
47095,5
47096,5
47097,5
47098,1
47099,5
47100,1
47101,1
47102,1
47103,1
47104,1
47105,1
47106,1
47107,1
47108,5
47109,5
47110,1
47111,5
47112,5
47113,5
47114,5
47115,1
47116,1
47117,1
47118,5
47119,5
47120,5
47121,5
47122,1
47123,5
47124,1
47125,5
47126,5
47127,1
47128,1
47129,1
47130,1
47131,1
47132,5
47133,5
47134,5
47135,1
47136,1
47137,5
47138,1
47139,1
47140,5
47141,1
47142,5
47143,1
47144,5
47145,5
47146,5
47147,5
47148,5
47149,5
47150,5
47151,5
47152,5
47153,1
47154,5
47155,5
47156,5
47157,5
47158,5
47159,5
47160,5
47161,1
47162,1
47163,1
47164,5
47165,5
47166,5
47167,5
47168,1
47169,5
47170,5
47171,1
47172,5
47173,5
47174,1
47175,1
47176,5
47177,5
47178,5
47179,5
47180,5
47181,5
47182,5
47183,5
47184,1
47185,5
47186,5
47187,1
47188,5
47189,5
47190,1
47191,5
47192,5
47193,5
47194,1
47195,5
47196,5
47197,5
47198,5
47199,5
47200,1
47201,5
47202,5
47203,1
47204,5
47205,5
47206,5
47207,1
47208,5
47209,1
47210,5
47211,1
47212,5
47213,1
47214,1
47215,5
47216,5
47217,5
47218,5
47219,1
47220,1
47221,1
47222,1
47223,1
47224,1
47225,5
47226,5
47227,5
47228,1
47229,5
47230,1
47231,5
47232,5
47233,1
47234,1
47235,1
47236,5
47237,1
47238,1
47239,1
47240,1
47241,1
47242,1
47243,1
47244,5
47245,5
47246,5
47247,5
47248,1
47249,1
47250,5
47251,1
47252,5
47253,5
47254,5
47255,5
47256,1
47257,5
47258,5
47259,1
47260,5
47261,1
47262,1
47263,5
47264,5
47265,5
47266,5
47267,5
47268,5
47269,5
47270,1
47271,5
47272,1
47273,1
47274,5
47275,5
47276,5
47277,1
47278,5
47279,1
47280,5
47281,5
47282,1
47283,5
47284,5
47285,5
47286,5
47287,5
47288,1
47289,5
47290,1
47291,1
47292,5
47293,5
47294,5
47295,1
47296,1
47297,1
47298,1
47299,5
47300,1
47301,5
47302,5
47303,1
47304,1
47305,5
47306,5
47307,1
47308,5
47309,5
47310,1
47311,1
47312,5
47313,5
47314,1
47315,1
47316,1
47317,1
47318,5
47319,5
47320,1
47321,5
47322,5
47323,5
47324,5
47325,5
47326,1
47327,1
47328,5
47329,1
47330,1
47331,5
47332,5
47333,5
47334,1
47335,1
47336,1
47337,1
47338,5
47339,1
47340,5
47341,5
47342,1
47343,1
47344,1
47345,1
47346,5
47347,1
47348,5
47349,1
47350,1
47351,1
47352,5
47353,1
47354,1
47355,1
47356,5
47357,1
47358,5
47359,1
47360,1
47361,1
47362,5
47363,5
47364,1
47365,5
47366,5
47367,5
47368,1
47369,1
47370,1
47371,5
47372,1
47373,1
47374,1
47375,5
47376,5
47377,1
47378,5
47379,1
47380,1
47381,5
47382,1
47383,5
47384,5
47385,5
47386,1
47387,5
47388,5
47389,5
47390,5
47391,5
47392,5
47393,5
47394,5
47395,5
47396,1
47397,5
47398,5
47399,1
47400,1
47401,5
47402,5
47403,1
47404,5
47405,1
47406,5
47407,1
47408,5
47409,1
47410,1
47411,1
47412,5
47413,1
47414,5
47415,5
47416,5
47417,1
47418,1
47419,1
47420,5
47421,5
47422,5
47423,1
47424,1
47425,1
47426,5
47427,1
47428,5
47429,5
47430,1
47431,5
47432,5
47433,1
47434,1
47435,5
47436,5
47437,5
47438,5
47439,5
47440,5
47441,5
47442,5
47443,5
47444,1
47445,5
47446,1
47447,5
47448,1
47449,1
47450,5
47451,5
47452,1
47453,1
47454,1
47455,5
47456,5
47457,5
47458,5
47459,5
47460,5
47461,5
47462,5
47463,5
47464,1
47465,5
47466,5
47467,5
47468,5
47469,1
47470,1
47471,1
47472,5
47473,1
47474,1
47475,1
47476,5
47477,5
47478,1
47479,5
47480,5
47481,5
47482,1
47483,5
47484,1
47485,1
47486,1
47487,1
47488,1
47489,5
47490,5
47491,1
47492,5
47493,1
47494,1
47495,1
47496,1
47497,1
47498,5
47499,1
47500,1
47501,1
47502,1
47503,1
47504,1
47505,1
47506,1
47507,1
47508,5
47509,5
47510,5
47511,5
47512,5
47513,1
47514,1
47515,1
47516,1
47517,1
47518,5
47519,5
47520,1
47521,5
47522,1
47523,1
47524,1
47525,5
47526,1
47527,1
47528,1
47529,1
47530,5
47531,1
47532,1
47533,1
47534,1
47535,1
47536,5
47537,5
47538,5
47539,5
47540,1
47541,1
47542,1
47543,1
47544,1
47545,1
47546,1
47547,5
47548,5
47549,1
47550,5
47551,1
47552,5
47553,1
47554,5
47555,1
47556,1
47557,5
47558,1
47559,5
47560,5
47561,5
47562,5
47563,1
47564,1
47565,1
47566,5
47567,1
47568,1
47569,5
47570,5
47571,1
47572,5
47573,1
47574,5
47575,1
47576,1
47577,5
47578,1
47579,5
47580,5
47581,5
47582,1
47583,1
47584,5
47585,1
47586,1
47587,5
47588,5
47589,1
47590,1
47591,1
47592,1
47593,1
47594,5
47595,5
47596,5
47597,5
47598,5
47599,1
47600,5
47601,5
47602,5
47603,1
47604,1
47605,5
47606,1
47607,1
47608,1
47609,5
47610,5
47611,5
47612,1
47613,5
47614,5
47615,5
47616,1
47617,5
47618,5
47619,5
47620,5
47621,1
47622,5
47623,5
47624,1
47625,5
47626,5
47627,1
47628,1
47629,5
47630,1
47631,1
47632,5
47633,5
47634,1
47635,5
47636,5
47637,5
47638,1
47639,5
47640,1
47641,1
47642,5
47643,5
47644,1
47645,5
47646,5
47647,5
47648,1
47649,1
47650,5
47651,5
47652,1
47653,1
47654,1
47655,5
47656,5
47657,1
47658,5
47659,5
47660,5
47661,5
47662,5
47663,5
47664,5
47665,5
47666,1
47667,5
47668,1
47669,1
47670,1
47671,1
47672,1
47673,5
47674,1
47675,1
47676,5
47677,1
47678,5
47679,5
47680,5
47681,5
47682,1
47683,5
47684,1
47685,5
47686,1
47687,1
47688,5
47689,5
47690,1
47691,5
47692,5
47693,5
47694,5
47695,5
47696,5
47697,1
47698,5
47699,1
47700,5
47701,5
47702,1
47703,5
47704,1
47705,1
47706,1
47707,5
47708,1
47709,5
47710,5
47711,5
47712,1
47713,1
47714,5
47715,1
47716,1
47717,5
47718,5
47719,1
47720,1
47721,1
47722,5
47723,1
47724,1
47725,5
47726,1
47727,1
47728,1
47729,1
47730,5
47731,5
47732,5
47733,5
47734,1
47735,1
47736,5
47737,5
47738,5
47739,5
47740,5
47741,5
47742,1
47743,1
47744,1
47745,1
47746,1
47747,1
47748,5
47749,1
47750,1
47751,1
47752,1
47753,5
47754,1
47755,5
47756,5
47757,5
47758,5
47759,5
47760,5
47761,5
47762,1
47763,5
47764,1
47765,1
47766,1
47767,1
47768,1
47769,5
47770,5
47771,1
47772,1
47773,1
47774,5
47775,5
47776,5
47777,1
47778,1
47779,1
47780,5
47781,5
47782,5
47783,1
47784,1
47785,1
47786,1
47787,5
47788,1
47789,1
47790,5
47791,1
47792,1
47793,5
47794,1
47795,1
47796,5
47797,1
47798,5
47799,1
47800,1
47801,5
47802,1
47803,1
47804,5
47805,5
47806,5
47807,5
47808,1
47809,1
47810,1
47811,5
47812,5
47813,5
47814,5
47815,5
47816,1
47817,1
47818,5
47819,5
47820,5
47821,1
47822,1
47823,5
47824,5
47825,5
47826,1
47827,5
47828,5
47829,5
47830,5
47831,5
47832,5
47833,1
47834,5
47835,1
47836,1
47837,1
47838,5
47839,5
47840,5
47841,1
47842,1
47843,5
47844,5
47845,1
47846,1
47847,5
47848,1
47849,5
47850,5
47851,5
47852,5
47853,5
47854,5
47855,5
47856,5
47857,5
47858,5
47859,5
47860,5
47861,5
47862,5
47863,5
47864,1
47865,1
47866,5
47867,5
47868,1
47869,5
47870,1
47871,5
47872,5
47873,5
47874,1
47875,1
47876,1
47877,1
47878,1
47879,5
47880,1
47881,5
47882,1
47883,5
47884,5
47885,5
47886,5
47887,5
47888,5
47889,1
47890,5
47891,5
47892,1
47893,5
47894,5
47895,5
47896,1
47897,1
47898,1
47899,1
47900,1
47901,1
47902,1
47903,5
47904,5
47905,1
47906,1
47907,5
47908,1
47909,5
47910,1
47911,1
47912,5
47913,1
47914,5
47915,1
47916,5
47917,1
47918,5
47919,1
47920,5
47921,5
47922,1
47923,1
47924,5
47925,5
47926,5
47927,5
47928,5
47929,1
47930,1
47931,1
47932,5
47933,1
47934,1
47935,1
47936,1
47937,1
47938,1
47939,1
47940,5
47941,1
47942,5
47943,5
47944,5
47945,1
47946,1
47947,1
47948,1
47949,5
47950,5
47951,5
47952,1
47953,1
47954,5
47955,5
47956,5
47957,1
47958,5
47959,5
47960,5
47961,5
47962,5
47963,5
47964,1
47965,5
47966,1
47967,5
47968,5
47969,1
47970,1
47971,5
47972,1
47973,5
47974,1
47975,1
47976,1
47977,5
47978,5
47979,1
47980,1
47981,1
47982,5
47983,1
47984,5
47985,1
47986,5
47987,5
47988,1
47989,5
47990,1
47991,5
47992,5
47993,1
47994,5
47995,1
47996,1
47997,1
47998,5
47999,5
48000,1
48001,1
48002,5
48003,5
48004,1
48005,5
48006,1
48007,5
48008,5
48009,1
48010,5
48011,5
48012,5
48013,5
48014,5
48015,1
48016,5
48017,5
48018,1
48019,1
48020,5
48021,5
48022,1
48023,1
48024,1
48025,5
48026,1
48027,5
48028,5
48029,1
48030,1
48031,5
48032,5
48033,5
48034,5
48035,1
48036,5
48037,5
48038,1
48039,1
48040,1
48041,5
48042,1
48043,1
48044,1
48045,1
48046,5
48047,1
48048,1
48049,5
48050,1
48051,1
48052,1
48053,5
48054,1
48055,1
48056,1
48057,5
48058,1
48059,1
48060,1
48061,1
48062,5
48063,5
48064,1
48065,5
48066,1
48067,1
48068,5
48069,5
48070,1
48071,1
48072,5
48073,1
48074,1
48075,5
48076,5
48077,5
48078,5
48079,5
48080,5
48081,5
48082,5
48083,5
48084,5
48085,1
48086,1
48087,5
48088,5
48089,1
48090,5
48091,5
48092,5
48093,1
48094,1
48095,5
48096,5
48097,1
48098,5
48099,5
48100,1
48101,5
48102,5
48103,1
48104,1
48105,1
48106,5
48107,5
48108,5
48109,5
48110,5
48111,1
48112,5
48113,5
48114,1
48115,5
48116,1
48117,1
48118,1
48119,5
48120,5
48121,1
48122,5
48123,5
48124,1
48125,1
48126,1
48127,1
48128,1
48129,1
48130,5
48131,5
48132,1
48133,1
48134,1
48135,1
48136,5
48137,5
48138,1
48139,5
48140,5
48141,1
48142,1
48143,5
48144,1
48145,5
48146,5
48147,1
48148,5
48149,5
48150,5
48151,5
48152,5
48153,5
48154,5
48155,1
48156,5
48157,5
48158,1
48159,1
48160,5
48161,1
48162,1
48163,5
48164,1
48165,1
48166,1
48167,1
48168,1
48169,1
48170,1
48171,1
48172,1
48173,5
48174,1
48175,5
48176,5
48177,5
48178,5
48179,5
48180,1
48181,1
48182,1
48183,5
48184,5
48185,1
48186,1
48187,5
48188,5
48189,5
48190,1
48191,5
48192,1
48193,1
48194,5
48195,5
48196,5
48197,1
48198,5
48199,1
48200,1
48201,1
48202,5
48203,1
48204,1
48205,1
48206,1
48207,1
48208,1
48209,1
48210,5
48211,5
48212,1
48213,1
48214,5
48215,1
48216,5
48217,5
48218,5
48219,5
48220,5
48221,1
48222,5
48223,5
48224,1
48225,1
48226,5
48227,5
48228,5
48229,5
48230,1
48231,5
48232,5
48233,1
48234,5
48235,5
48236,5
48237,1
48238,1
48239,1
48240,1
48241,1
48242,5
48243,5
48244,1
48245,5
48246,1
48247,1
48248,1
48249,5
48250,1
48251,1
48252,5
48253,5
48254,5
48255,1
48256,5
48257,1
48258,1
48259,1
48260,5
48261,1
48262,5
48263,1
48264,1
48265,5
48266,5
48267,5
48268,5
48269,5
48270,5
48271,5
48272,1
48273,1
48274,1
48275,1
48276,1
48277,5
48278,1
48279,1
48280,5
48281,5
48282,1
48283,1
48284,1
48285,5
48286,5
48287,1
48288,1
48289,1
48290,1
48291,1
48292,5
48293,5
48294,5
48295,1
48296,5
48297,5
48298,1
48299,5
48300,1
48301,5
48302,5
48303,1
48304,5
48305,5
48306,1
48307,5
48308,1
48309,5
48310,5
48311,5
48312,5
48313,1
48314,1
48315,5
48316,5
48317,1
48318,5
48319,1
48320,1
48321,1
48322,1
48323,5
48324,5
48325,1
48326,1
48327,5
48328,5
48329,5
48330,5
48331,5
48332,5
48333,5
48334,5
48335,5
48336,1
48337,1
48338,1
48339,5
48340,5
48341,1
48342,5
48343,5
48344,5
48345,1
48346,1
48347,1
48348,1
48349,5
48350,1
48351,5
48352,5
48353,1
48354,1
48355,1
48356,5
48357,5
48358,5
48359,5
48360,1
48361,5
48362,5
48363,1
48364,5
48365,5
48366,5
48367,1
48368,5
48369,1
48370,5
48371,5
48372,5
48373,5
48374,5
48375,5
48376,1
48377,1
48378,1
48379,5
48380,1
48381,5
48382,5
48383,5
48384,5
48385,1
48386,1
48387,1
48388,1
48389,1
48390,1
48391,5
48392,5
48393,1
48394,5
48395,1
48396,1
48397,5
48398,1
48399,1
48400,1
48401,1
48402,1
48403,5
48404,1
48405,1
48406,1
48407,1
48408,5
48409,5
48410,1
48411,5
48412,5
48413,1
48414,1
48415,1
48416,1
48417,5
48418,5
48419,5
48420,5
48421,1
48422,5
48423,5
48424,1
48425,1
48426,1
48427,5
48428,1
48429,1
48430,5
48431,1
48432,5
48433,5
48434,1
48435,5
48436,5
48437,1
48438,1
48439,1
48440,5
48441,5
48442,5
48443,5
48444,5
48445,5
48446,5
48447,5
48448,5
48449,1
48450,5
48451,5
48452,1
48453,1
48454,1
48455,1
48456,1
48457,5
48458,5
48459,1
48460,5
48461,1
48462,5
48463,1
48464,5
48465,1
48466,5
48467,5
48468,1
48469,1
48470,5
48471,5
48472,5
48473,5
48474,5
48475,5
48476,1
48477,1
48478,5
48479,1
48480,1
48481,5
48482,5
48483,1
48484,1
48485,5
48486,1
48487,1
48488,5
48489,1
48490,1
48491,1
48492,5
48493,5
48494,5
48495,5
48496,5
48497,1
48498,1
48499,5
48500,1
48501,1
48502,1
48503,5
48504,1
48505,1
48506,1
48507,5
48508,5
48509,1
48510,1
48511,1
48512,1
48513,5
48514,1
48515,1
48516,5
48517,5
48518,1
48519,5
48520,5
48521,1
48522,1
48523,1
48524,5
48525,5
48526,5
48527,1
48528,5
48529,5
48530,1
48531,5
48532,1
48533,5
48534,5
48535,5
48536,1
48537,5
48538,5
48539,5
48540,1
48541,5
48542,1
48543,1
48544,1
48545,5
48546,5
48547,1
48548,1
48549,1
48550,5
48551,5
48552,5
48553,1
48554,5
48555,5
48556,1
48557,5
48558,1
48559,1
48560,1
48561,1
48562,1
48563,1
48564,5
48565,5
48566,5
48567,1
48568,1
48569,5
48570,5
48571,1
48572,5
48573,5
48574,1
48575,5
48576,5
48577,1
48578,5
48579,1
48580,1
48581,1
48582,5
48583,1
48584,5
48585,5
48586,5
48587,5
48588,1
48589,1
48590,5
48591,5
48592,5
48593,5
48594,1
48595,1
48596,5
48597,1
48598,5
48599,5
48600,5
48601,5
48602,5
48603,5
48604,1
48605,1
48606,1
48607,5
48608,5
48609,1
48610,5
48611,5
48612,5
48613,5
48614,5
48615,1
48616,1
48617,1
48618,1
48619,1
48620,5
48621,5
48622,5
48623,1
48624,1
48625,1
48626,5
48627,5
48628,5
48629,5
48630,1
48631,1
48632,5
48633,1
48634,5
48635,1
48636,1
48637,5
48638,5
48639,1
48640,1
48641,5
48642,5
48643,5
48644,1
48645,5
48646,1
48647,1
48648,5
48649,1
48650,1
48651,1
48652,1
48653,5
48654,1
48655,1
48656,5
48657,5
48658,1
48659,5
48660,5
48661,1
48662,5
48663,1
48664,1
48665,5
48666,1
48667,1
48668,5
48669,5
48670,5
48671,1
48672,1
48673,1
48674,1
48675,1
48676,5
48677,1
48678,1
48679,1
48680,1
48681,1
48682,1
48683,5
48684,1
48685,5
48686,5
48687,5
48688,5
48689,1
48690,1
48691,5
48692,5
48693,1
48694,5
48695,5
48696,5
48697,5
48698,5
48699,5
48700,5
48701,5
48702,1
48703,1
48704,5
48705,1
48706,1
48707,1
48708,1
48709,5
48710,1
48711,5
48712,1
48713,5
48714,1
48715,1
48716,1
48717,1
48718,1
48719,5
48720,1
48721,1
48722,1
48723,5
48724,5
48725,1
48726,1
48727,1
48728,1
48729,1
48730,1
48731,1
48732,5
48733,1
48734,1
48735,1
48736,1
48737,5
48738,5
48739,5
48740,1
48741,5
48742,1
48743,1
48744,1
48745,1
48746,5
48747,5
48748,1
48749,1
48750,5
48751,1
48752,5
48753,1
48754,5
48755,1
48756,5
48757,1
48758,1
48759,5
48760,1
48761,1
48762,1
48763,1
48764,1
48765,1
48766,1
48767,1
48768,5
48769,1
48770,1
48771,1
48772,1
48773,1
48774,1
48775,1
48776,1
48777,1
48778,1
48779,1
48780,1
48781,1
48782,1
48783,5
48784,5
48785,1
48786,5
48787,5
48788,1
48789,5
48790,5
48791,1
48792,5
48793,5
48794,1
48795,5
48796,5
48797,5
48798,5
48799,5
48800,5
48801,5
48802,5
48803,5
48804,5
48805,5
48806,1
48807,5
48808,5
48809,5
48810,1
48811,5
48812,1
48813,1
48814,1
48815,1
48816,5
48817,5
48818,1
48819,5
48820,5
48821,1
48822,5
48823,1
48824,1
48825,1
48826,1
48827,1
48828,5
48829,1
48830,1
48831,5
48832,1
48833,5
48834,1
48835,1
48836,1
48837,1
48838,1
48839,1
48840,1
48841,5
48842,5
48843,1
48844,5
48845,5
48846,1
48847,5
48848,5
48849,5
48850,1
48851,5
48852,5
48853,5
48854,5
48855,5
48856,1
48857,5
48858,5
48859,1
48860,5
48861,1
48862,5
48863,5
48864,5
48865,1
48866,5
48867,1
48868,1
48869,1
48870,1
48871,1
48872,1
48873,5
48874,5
48875,1
48876,5
48877,1
48878,1
48879,5
48880,1
48881,1
48882,5
48883,5
48884,1
48885,5
48886,5
48887,1
48888,1
48889,1
48890,1
48891,5
48892,1
48893,1
48894,5
48895,1
48896,5
48897,5
48898,5
48899,5
48900,5
48901,5
48902,1
48903,5
48904,5
48905,1
48906,1
48907,1
48908,5
48909,1
48910,5
48911,1
48912,1
48913,1
48914,1
48915,5
48916,5
48917,1
48918,5
48919,5
48920,5
48921,5
48922,1
48923,5
48924,5
48925,5
48926,1
48927,5
48928,5
48929,5
48930,1
48931,1
48932,1
48933,5
48934,1
48935,5
48936,1
48937,5
48938,1
48939,1
48940,1
48941,1
48942,1
48943,1
48944,1
48945,1
48946,5
48947,1
48948,5
48949,1
48950,1
48951,1
48952,5
48953,1
48954,1
48955,5
48956,5
48957,5
48958,5
48959,1
48960,5
48961,5
48962,5
48963,1
48964,1
48965,1
48966,1
48967,1
48968,1
48969,1
48970,5
48971,1
48972,1
48973,1
48974,1
48975,1
48976,5
48977,5
48978,5
48979,1
48980,1
48981,5
48982,5
48983,5
48984,1
48985,5
48986,1
48987,5
48988,5
48989,1
48990,1
48991,1
48992,5
48993,5
48994,5
48995,5
48996,5
48997,1
48998,5
48999,5
49000,1
49001,5
49002,5
49003,1
49004,1
49005,5
49006,1
49007,5
49008,1
49009,5
49010,1
49011,5
49012,1
49013,5
49014,5
49015,1
49016,5
49017,5
49018,5
49019,5
49020,5
49021,1
49022,5
49023,1
49024,5
49025,5
49026,5
49027,1
49028,5
49029,5
49030,1
49031,5
49032,1
49033,5
49034,1
49035,1
49036,5
49037,1
49038,5
49039,5
49040,5
49041,5
49042,1
49043,5
49044,1
49045,5
49046,5
49047,1
49048,5
49049,1
49050,1
49051,1
49052,5
49053,5
49054,5
49055,1
49056,5
49057,5
49058,5
49059,1
49060,5
49061,5
49062,1
49063,5
49064,1
49065,1
49066,1
49067,1
49068,1
49069,5
49070,5
49071,5
49072,1
49073,1
49074,1
49075,1
49076,1
49077,5
49078,1
49079,5
49080,1
49081,5
49082,1
49083,1
49084,5
49085,1
49086,1
49087,1
49088,1
49089,1
49090,1
49091,1
49092,1
49093,1
49094,1
49095,1
49096,1
49097,1
49098,1
49099,5
49100,1
49101,5
49102,1
49103,1
49104,5
49105,1
49106,1
49107,1
49108,5
49109,1
49110,5
49111,1
49112,5
49113,1
49114,5
49115,5
49116,5
49117,1
49118,5
49119,5
49120,5
49121,5
49122,1
49123,5
49124,5
49125,5
49126,1
49127,1
49128,5
49129,5
49130,5
49131,5
49132,1
49133,1
49134,5
49135,5
49136,1
49137,5
49138,1
49139,5
49140,5
49141,5
49142,5
49143,1
49144,5
49145,5
49146,1
49147,1
49148,5
49149,1
49150,5
49151,5
49152,1
49153,1
49154,1
49155,1
49156,1
49157,1
49158,5
49159,5
49160,1
49161,1
49162,1
49163,5
49164,1
49165,1
49166,1
49167,1
49168,5
49169,5
49170,1
49171,1
49172,1
49173,5
49174,1
49175,1
49176,1
49177,1
49178,1
49179,5
49180,1
49181,5
49182,5
49183,1
49184,5
49185,5
49186,5
49187,1
49188,1
49189,1
49190,5
49191,5
49192,5
49193,1
49194,1
49195,5
49196,1
49197,5
49198,5
49199,5
49200,5
49201,5
49202,5
49203,1
49204,5
49205,5
49206,1
49207,5
49208,5
49209,1
49210,5
49211,5
49212,5
49213,5
49214,5
49215,5
49216,5
49217,5
49218,1
49219,5
49220,5
49221,5
49222,5
49223,5
49224,5
49225,5
49226,1
49227,5
49228,5
49229,1
49230,1
49231,5
49232,1
49233,5
49234,5
49235,5
49236,5
49237,1
49238,1
49239,1
49240,1
49241,1
49242,1
49243,1
49244,1
49245,1
49246,1
49247,1
49248,1
49249,1
49250,1
49251,1
49252,1
49253,1
49254,1
49255,1
49256,5
49257,5
49258,5
49259,5
49260,5
49261,1
49262,1
49263,1
49264,1
49265,5
49266,1
49267,1
49268,5
49269,5
49270,1
49271,1
49272,5
49273,1
49274,5
49275,5
49276,1
49277,1
49278,5
49279,5
49280,5
49281,5
49282,1
49283,5
49284,1
49285,5
49286,1
49287,1
49288,5
49289,1
49290,5
49291,1
49292,5
49293,1
49294,1
49295,5
49296,1
49297,1
49298,5
49299,5
49300,1
49301,5
49302,1
49303,5
49304,5
49305,5
49306,5
49307,5
49308,5
49309,5
49310,5
49311,5
49312,5
49313,5
49314,1
49315,5
49316,5
49317,1
49318,1
49319,5
49320,5
49321,1
49322,5
49323,5
49324,1
49325,1
49326,5
49327,1
49328,1
49329,1
49330,1
49331,1
49332,1
49333,1
49334,1
49335,5
49336,5
49337,1
49338,1
49339,1
49340,1
49341,5
49342,5
49343,1
49344,1
49345,1
49346,1
49347,5
49348,5
49349,1
49350,1
49351,1
49352,5
49353,1
49354,1
49355,5
49356,1
49357,5
49358,5
49359,5
49360,5
49361,1
49362,1
49363,5
49364,1
49365,1
49366,1
49367,5
49368,1
49369,5
49370,5
49371,1
49372,1
49373,1
49374,5
49375,1
49376,1
49377,1
49378,1
49379,1
49380,1
49381,5
49382,5
49383,5
49384,5
49385,5
49386,5
49387,5
49388,1
49389,1
49390,1
49391,1
49392,5
49393,5
49394,5
49395,5
49396,1
49397,5
49398,5
49399,1
49400,5
49401,1
49402,5
49403,1
49404,1
49405,5
49406,5
49407,5
49408,1
49409,1
49410,5
49411,5
49412,5
49413,1
49414,5
49415,5
49416,5
49417,5
49418,1
49419,5
49420,1
49421,5
49422,5
49423,5
49424,5
49425,5
49426,1
49427,5
49428,5
49429,1
49430,5
49431,5
49432,1
49433,5
49434,1
49435,1
49436,5
49437,1
49438,1
49439,1
49440,1
49441,1
49442,5
49443,1
49444,1
49445,1
49446,5
49447,5
49448,5
49449,5
49450,1
49451,5
49452,1
49453,5
49454,5
49455,5
49456,5
49457,5
49458,1
49459,5
49460,5
49461,1
49462,1
49463,5
49464,5
49465,1
49466,5
49467,1
49468,5
49469,1
49470,1
49471,1
49472,1
49473,1
49474,5
49475,5
49476,5
49477,5
49478,5
49479,5
49480,5
49481,5
49482,5
49483,5
49484,5
49485,5
49486,1
49487,5
49488,5
49489,1
49490,1
49491,5
49492,1
49493,5
49494,5
49495,1
49496,5
49497,5
49498,5
49499,5
49500,5
49501,5
49502,5
49503,5
49504,5
49505,1
49506,1
49507,5
49508,5
49509,5
49510,5
49511,5
49512,1
49513,1
49514,1
49515,1
49516,5
49517,1
49518,5
49519,1
49520,1
49521,5
49522,5
49523,5
49524,1
49525,1
49526,5
49527,5
49528,5
49529,5
49530,5
49531,5
49532,5
49533,5
49534,1
49535,1
49536,5
49537,5
49538,1
49539,5
49540,5
49541,5
49542,5
49543,5
49544,5
49545,5
49546,5
49547,5
49548,5
49549,5
49550,5
49551,1
49552,5
49553,5
49554,5
49555,1
49556,1
49557,1
49558,1
49559,1
49560,1
49561,1
49562,1
49563,1
49564,1
49565,1
49566,1
49567,1
49568,1
49569,1
49570,5
49571,1
49572,1
49573,1
49574,1
49575,1
49576,5
49577,1
49578,1
49579,1
49580,1
49581,1
49582,1
49583,5
49584,5
49585,5
49586,1
49587,1
49588,1
49589,5
49590,5
49591,1
49592,1
49593,5
49594,1
49595,1
49596,5
49597,1
49598,5
49599,5
49600,1
49601,1
49602,1
49603,5
49604,1
49605,5
49606,5
49607,1
49608,5
49609,5
49610,5
49611,5
49612,5
49613,1
49614,1
49615,5
49616,1
49617,1
49618,5
49619,1
49620,1
49621,1
49622,5
49623,5
49624,5
49625,1
49626,5
49627,5
49628,1
49629,1
49630,1
49631,1
49632,1
49633,1
49634,1
49635,5
49636,5
49637,1
49638,1
49639,1
49640,1
49641,5
49642,1
49643,1
49644,5
49645,1
49646,5
49647,5
49648,1
49649,5
49650,1
49651,1
49652,5
49653,1
49654,1
49655,1
49656,5
49657,1
49658,5
49659,1
49660,1
49661,5
49662,1
49663,5
49664,5
49665,1
49666,1
49667,5
49668,1
49669,1
49670,5
49671,5
49672,1
49673,5
49674,5
49675,5
49676,1
49677,1
49678,1
49679,1
49680,1
49681,1
49682,5
49683,1
49684,1
49685,1
49686,5
49687,1
49688,5
49689,1
49690,5
49691,1
49692,1
49693,1
49694,5
49695,1
49696,1
49697,1
49698,1
49699,1
49700,1
49701,5
49702,5
49703,1
49704,5
49705,5
49706,5
49707,5
49708,1
49709,5
49710,5
49711,1
49712,5
49713,5
49714,5
49715,5
49716,5
49717,5
49718,1
49719,5
49720,5
49721,5
49722,1
49723,5
49724,5
49725,1
49726,1
49727,1
49728,1
49729,1
49730,1
49731,5
49732,5
49733,5
49734,5
49735,1
49736,1
49737,5
49738,5
49739,1
49740,5
49741,1
49742,1
49743,5
49744,1
49745,5
49746,1
49747,1
49748,1
49749,1
49750,1
49751,1
49752,1
49753,5
49754,1
49755,1
49756,5
49757,1
49758,5
49759,5
49760,1
49761,1
49762,1
49763,5
49764,1
49765,5
49766,1
49767,5
49768,1
49769,1
49770,1
49771,1
49772,1
49773,5
49774,1
49775,1
49776,1
49777,1
49778,1
49779,1
49780,1
49781,1
49782,1
49783,1
49784,1
49785,1
49786,1
49787,1
49788,5
49789,5
49790,1
49791,5
49792,1
49793,1
49794,5
49795,5
49796,1
49797,1
49798,5
49799,1
49800,5
49801,1
49802,5
49803,1
49804,5
49805,5
49806,5
49807,1
49808,1
49809,1
49810,1
49811,1
49812,5
49813,5
49814,5
49815,1
49816,5
49817,1
49818,1
49819,5
49820,5
49821,5
49822,5
49823,5
49824,1
49825,1
49826,1
49827,5
49828,5
49829,1
49830,1
49831,5
49832,1
49833,1
49834,5
49835,5
49836,5
49837,1
49838,1
49839,1
49840,5
49841,1
49842,5
49843,5
49844,5
49845,5
49846,5
49847,5
49848,1
49849,1
49850,1
49851,1
49852,5
49853,1
49854,1
49855,1
49856,1
49857,1
49858,1
49859,1
49860,5
49861,1
49862,5
49863,1
49864,1
49865,5
49866,5
49867,5
49868,5
49869,1
49870,1
49871,5
49872,1
49873,1
49874,1
49875,1
49876,5
49877,5
49878,5
49879,5
49880,5
49881,1
49882,1
49883,5
49884,1
49885,1
49886,1
49887,1
49888,1
49889,1
49890,1
49891,5
49892,1
49893,1
49894,1
49895,1
49896,5
49897,5
49898,1
49899,1
49900,1
49901,5
49902,5
49903,1
49904,5
49905,5
49906,5
49907,5
49908,5
49909,5
49910,5
49911,1
49912,1
49913,5
49914,1
49915,1
49916,5
49917,1
49918,1
49919,5
49920,5
49921,1
49922,5
49923,5
49924,5
49925,5
49926,1
49927,5
49928,1
49929,1
49930,1
49931,5
49932,5
49933,5
49934,1
49935,5
49936,1
49937,5
49938,1
49939,5
49940,5
49941,1
49942,1
49943,5
49944,1
49945,1
49946,1
49947,1
49948,5
49949,5
49950,5
49951,1
49952,1
49953,5
49954,5
49955,1
49956,1
49957,5
49958,1
49959,1
49960,1
49961,1
49962,1
49963,5
49964,5
49965,5
49966,1
49967,1
49968,5
49969,1
49970,5
49971,1
49972,1
49973,5
49974,5
49975,1
49976,5
49977,5
49978,1
49979,1
49980,1
49981,5
49982,5
49983,1
49984,5
49985,1
49986,1
49987,1
49988,1
49989,5
49990,5
49991,5
49992,5
49993,5
49994,5
49995,1
49996,1
49997,1
49998,5
49999,5
